time,temp,tmin,tmax,rhum,snwd,wspd,pres
2006-04-01,13.4,9.4,21.1,67,,23.0,1008.0
2006-04-02,12.5,7.8,17.8,36,,27.4,1011.7
2006-04-03,7.5,3.9,11.1,47,,18.0,1016.2
2006-04-04,6.4,2.8,10.6,82,,31.7,1000.7
2006-04-05,2.6,0.6,3.9,77,,16.2,1004.6
2006-04-06,6.1,1.1,11.7,54,,21.6,1007.9
2006-04-07,9.1,2.8,16.1,66,,23.4,1006.8
2006-04-08,7.4,3.3,11.7,62,,17.6,1007.0
2006-04-09,4.1,1.7,6.7,59,,15.8,1018.3
2006-04-10,8.2,2.8,13.9,49,,16.9,1022.2
2006-04-11,8.5,3.9,14.4,63,,12.2,1027.2
2006-04-12,12.8,5.0,20.6,52,,19.8,1027.7
2006-04-13,15.2,12.2,20.6,63,,23.0,1016.2
2006-04-14,14.4,7.2,20.0,57,,14.8,1009.8
2006-04-15,16.6,8.3,25.0,65,,16.9,998.3
2006-04-16,11.8,7.8,15.0,50,,27.4,1002.9
2006-04-17,8.6,6.1,11.7,62,,16.9,1008.0
2006-04-18,10.4,7.8,17.8,65,,16.9,1009.7
2006-04-19,15.7,9.4,22.8,38,,24.1,1006.5
2006-04-20,13.0,7.2,17.8,47,,16.9,1010.6
2006-04-21,7.9,6.1,9.4,59,,18.4,1025.9
2006-04-22,6.6,3.9,8.9,60,,16.6,1028.1
2006-04-23,7.2,6.1,8.9,75,,24.5,1020.8
2006-04-24,7.5,6.7,8.9,90,,11.9,1010.5
2006-04-25,12.9,6.1,21.1,62,,22.0,1005.8
2006-04-26,8.7,3.3,15.6,39,,22.7,1011.1
2006-04-27,9.0,6.1,12.8,63,,17.6,1011.2
2006-04-28,7.7,4.4,10.0,59,,16.2,1023.2
2006-04-29,8.3,3.9,12.8,51,,17.3,1030.6
2006-04-30,9.8,4.4,13.3,40,,13.7,1030.6
2006-05-01,9.7,6.7,12.8,53,,28.8,1028.8
2006-05-02,7.5,6.7,8.3,92,,29.5,1016.2
2006-05-03,8.7,7.2,12.2,99,,20.2,1011.7
2006-05-04,15.4,11.7,21.7,77,,13.7,1008.6
2006-05-05,19.6,12.8,26.7,52,,13.3,1005.2
2006-05-06,16.6,12.2,20.0,49,,15.5,1007.3
2006-05-07,12.0,7.8,16.1,47,,17.6,1017.8
2006-05-08,11.0,7.8,14.4,60,,13.7,1022.5
2006-05-09,9.6,8.3,12.2,73,,33.1,1016.6
2006-05-10,9.2,8.3,10.0,98,,23.0,1013.1
2006-05-11,9.1,8.3,11.1,97,,15.5,1014.5
2006-05-12,9.4,8.9,10.6,99,,21.2,1013.8
2006-05-13,9.1,7.8,10.0,99,,24.1,1016.3
2006-05-14,8.4,7.8,9.4,99,,23.8,1019.3
2006-05-15,9.3,8.3,10.0,99,,18.4,1017.2
2006-05-16,10.8,8.9,13.3,95,,16.9,1003.9
2006-05-17,15.2,10.0,20.6,68,,20.9,999.7
2006-05-18,17.4,11.1,24.4,64,,20.5,998.5
2006-05-19,14.3,11.1,18.3,82,,20.9,998.9
2006-05-20,14.5,10.0,20.0,63,,25.9,1000.9
2006-05-21,13.3,7.2,20.0,59,,24.5,1001.8
2006-05-22,12.5,7.2,18.9,53,,27.4,1004.8
2006-05-23,12.1,7.8,17.2,53,,24.1,1010.7
2006-05-24,13.6,10.6,20.0,60,,15.8,1012.8
2006-05-25,16.2,8.3,25.0,61,,14.8,1011.4
2006-05-26,18.2,14.4,25.6,76,,10.8,1005.1
2006-05-27,19.1,15.6,23.3,85,,7.9,1006.7
2006-05-28,19.6,16.7,22.2,65,,12.6,1019.0
2006-05-29,21.9,16.7,28.9,67,,11.2,1017.5
2006-05-30,16.7,12.8,21.1,80,,18.0,1021.1
2006-05-31,16.9,12.2,26.1,81,,14.4,1021.4
2006-06-01,23.9,17.8,31.7,68,,16.6,1013.8
2006-06-02,18.4,15.0,21.7,89,,12.6,1011.9
2006-06-03,13.4,11.1,15.0,92,,19.8,1008.0
2006-06-04,13.4,11.1,16.1,86,,19.8,1006.5
2006-06-05,16.6,13.9,21.1,74,,10.1,1010.8
2006-06-06,15.7,13.3,18.3,83,,12.2,1016.5
2006-06-07,13.0,11.7,14.4,94,,34.2,1011.0
2006-06-08,13.3,11.1,16.1,94,,13.7,1006.3
2006-06-09,15.4,13.9,17.2,92,,10.8,1005.9
2006-06-10,14.9,11.7,16.1,89,,19.8,996.5
2006-06-11,16.6,11.1,22.8,64,,24.5,1000.7
2006-06-12,19.4,14.4,25.0,67,,14.4,1009.1
2006-06-13,20.6,16.7,23.3,67,,12.6,1013.2
2006-06-14,19.4,16.1,22.8,78,,12.6,1014.5
2006-06-15,19.9,15.6,25.6,65,,18.4,1009.5
2006-06-16,21.9,16.1,26.7,54,,14.8,1016.8
2006-06-17,24.1,18.9,29.4,51,,18.7,1017.8
2006-06-18,24.4,17.8,32.8,69,,12.6,1015.3
2006-06-19,27.4,22.2,33.9,60,,20.9,1011.0
2006-06-20,23.7,20.6,28.9,70,,14.4,1009.6
2006-06-21,21.1,17.8,26.1,60,,14.8,1016.6
2006-06-22,23.3,17.2,29.4,65,,16.6,1017.1
2006-06-23,22.0,19.4,28.9,85,,11.9,1016.1
2006-06-24,19.4,18.3,21.1,94,,5.8,1018.9
2006-06-25,17.7,16.7,18.9,95,,7.9,1021.6
2006-06-26,22.4,16.7,28.3,81,,14.8,1021.9
2006-06-27,24.5,20.0,28.9,73,,20.9,1023.9
2006-06-28,22.1,20.0,25.0,86,,20.5,1019.3
2006-06-29,22.6,21.1,25.6,86,,15.1,1016.0
2006-06-30,23.1,18.3,27.2,66,,20.2,1011.9
2006-07-01,24.1,18.9,29.4,50,,21.2,1017.4
2006-07-02,25.7,20.6,30.6,62,,26.3,1012.9
2006-07-03,25.3,22.2,28.9,58,,16.2,1014.9
2006-07-04,24.3,20.0,31.1,76,,13.7,1012.4
2006-07-05,24.3,21.7,27.2,67,,15.5,1011.3
2006-07-06,21.2,18.3,25.0,74,,10.8,1015.1
2006-07-07,22.5,17.2,28.3,54,,10.1,1020.9
2006-07-08,22.0,16.7,24.4,66,,10.8,1021.8
2006-07-09,24.0,16.7,31.1,64,,14.0,1015.8
2006-07-10,24.3,19.4,30.6,64,,20.5,1016.9
2006-07-11,23.4,20.0,28.9,79,,16.2,1018.4
2006-07-12,22.0,17.8,26.7,86,,11.2,1017.1
2006-07-13,21.2,18.3,23.9,86,,12.6,1011.7
2006-07-14,26.3,19.4,33.3,63,,13.7,1013.9
2006-07-15,25.4,20.6,31.7,67,,14.0,1013.0
2006-07-16,24.7,20.0,29.4,76,,11.2,1013.1
2006-07-17,26.7,21.1,33.3,71,,11.2,1012.6
2006-07-18,29.2,21.7,35.6,60,,16.2,1012.4
2006-07-19,22.4,18.9,25.0,73,,14.8,1021.3
2006-07-20,19.8,17.8,22.2,86,,13.7,1021.7
2006-07-21,23.6,20.0,31.1,84,,15.8,1011.8
2006-07-22,22.8,20.0,25.6,89,,14.8,1008.6
2006-07-23,23.4,20.6,25.0,76,,13.0,1008.7
2006-07-24,23.4,17.2,29.4,59,,14.8,1014.4
2006-07-25,24.8,20.0,30.6,66,,20.5,1016.4
2006-07-26,25.2,21.1,31.1,68,,17.3,1014.3
2006-07-27,26.5,21.7,32.8,71,,19.8,1013.8
2006-07-28,27.2,22.8,33.3,72,,23.0,1010.6
2006-07-29,27.0,21.7,32.2,64,,21.6,1008.5
2006-07-30,23.7,18.9,28.9,70,,14.8,1008.1
2006-07-31,23.2,18.9,26.7,68,,10.8,1011.0
2006-08-01,29.3,25.0,34.4,62,,18.7,1009.4
2006-08-02,31.8,25.6,36.7,54,,22.0,1006.7
2006-08-03,26.4,19.4,35.0,69,,20.2,1006.2
2006-08-04,20.7,19.4,23.3,80,,9.4,1009.8
2006-08-05,23.9,20.6,28.9,65,,13.7,1016.1
2006-08-06,21.3,17.8,23.9,61,,16.6,1023.3
2006-08-07,24.6,20.0,30.0,73,,20.5,1016.4
2006-08-08,24.9,20.0,28.3,58,,18.4,1013.7
2006-08-09,21.7,17.8,25.0,53,,15.1,1017.9
2006-08-10,23.7,19.4,30.0,57,,19.4,1010.9
2006-08-11,19.9,16.1,22.8,56,,16.9,1011.5
2006-08-12,19.4,13.9,25.0,44,,16.9,1015.2
2006-08-13,20.2,15.0,25.6,42,,15.1,1015.9
2006-08-14,22.9,15.6,30.0,54,,18.7,1013.2
2006-08-15,23.4,21.1,27.8,71,,19.1,1009.7
2006-08-16,22.8,18.9,28.3,60,,10.4,1017.7
2006-08-17,21.5,18.9,24.4,68,,13.7,1023.3
2006-08-18,22.9,18.9,27.8,66,,14.8,1021.9
2006-08-19,22.9,17.8,28.9,68,,17.3,1016.1
2006-08-20,22.6,17.2,28.9,82,,16.9,1008.6
2006-08-21,20.5,16.7,25.0,74,,14.4,1012.5
2006-08-22,23.3,18.3,28.9,56,,14.0,1015.3
2006-08-23,21.1,18.3,22.8,67,,11.5,1014.4
2006-08-24,19.2,17.2,21.7,68,,13.3,1016.1
2006-08-25,16.7,15.0,18.3,88,,13.3,1018.5
2006-08-26,17.6,14.4,20.6,79,,13.0,1023.3
2006-08-27,15.9,13.9,19.4,77,,12.2,1023.8
2006-08-28,17.8,15.0,22.2,85,,13.0,1014.8
2006-08-29,16.1,15.6,16.7,89,,17.3,1012.1
2006-08-30,19.0,16.1,22.8,77,,11.2,1013.8
2006-08-31,17.9,12.8,23.3,58,,10.1,1021.3
2006-09-01,17.8,15.6,20.6,77,,16.9,1026.5
2006-09-02,17.6,16.7,18.9,79,,30.6,1027.2
2006-09-03,17.6,16.1,19.4,91,,20.5,1019.7
2006-09-04,20.2,16.7,24.4,70,,18.4,1014.8
2006-09-05,19.4,16.1,22.2,70,,12.6,1016.3
2006-09-06,19.7,16.7,23.3,75,,10.1,1013.2
2006-09-07,19.5,16.7,22.8,78,,10.1,1017.4
2006-09-08,21.5,16.7,26.7,67,,12.2,1017.2
2006-09-09,23.0,17.2,28.9,62,,15.8,1015.1
2006-09-10,16.6,13.3,19.4,64,,16.9,1021.8
2006-09-11,14.6,11.1,18.9,59,,21.2,1028.1
2006-09-12,14.5,10.0,19.4,52,,15.5,1024.5
2006-09-13,15.5,10.0,19.4,61,,13.3,1019.2
2006-09-14,17.4,14.4,21.7,81,,10.4,1018.1
2006-09-15,18.3,16.1,21.7,83,,13.3,1019.0
2006-09-16,18.8,15.0,23.3,77,,7.6,1018.3
2006-09-17,20.2,16.1,25.0,77,,10.8,1013.9
2006-09-18,21.5,16.7,28.3,76,,16.2,1011.2
2006-09-19,21.7,17.2,27.8,77,,18.7,1007.2
2006-09-20,19.2,14.4,23.3,61,,22.3,1003.2
2006-09-21,15.3,11.7,18.9,49,,19.8,1014.1
2006-09-22,16.1,11.1,21.1,52,,15.5,1021.2
2006-09-23,18.1,15.0,21.7,80,,18.4,1012.5
2006-09-24,22.1,17.8,28.3,73,,23.0,1002.5
2006-09-25,17.2,12.2,20.0,58,,14.4,1006.9
2006-09-26,16.9,12.2,21.7,52,,19.1,1012.5
2006-09-27,15.4,10.0,20.6,64,,10.8,1017.1
2006-09-28,15.8,11.7,20.0,79,,13.7,1013.5
2006-09-29,16.0,10.6,20.0,79,,20.2,1006.9
2006-09-30,12.6,7.2,16.1,61,,15.8,1020.8
2006-10-01,14.0,11.7,15.6,81,,19.4,1018.8
2006-10-02,14.5,10.0,20.0,70,,16.9,1017.1
2006-10-03,17.7,10.0,24.4,66,,14.8,1020.1
2006-10-04,19.3,14.4,25.0,77,,15.5,1016.1
2006-10-05,14.6,11.1,20.6,66,,19.8,1018.9
2006-10-06,11.4,8.3,14.4,61,,24.5,1030.1
2006-10-07,11.7,8.3,15.0,70,,13.3,1030.3
2006-10-08,12.8,7.2,18.9,69,,10.4,1025.3
2006-10-09,17.7,10.0,26.7,61,,13.7,1017.9
2006-10-10,15.0,12.2,17.8,69,,14.8,1017.4
2006-10-11,14.0,11.1,15.6,82,,19.4,1016.7
2006-10-12,18.1,15.0,22.8,85,,18.0,1000.6
2006-10-13,10.8,6.7,15.6,45,,17.3,1009.3
2006-10-14,10.3,5.0,16.1,49,,17.3,1009.3
2006-10-15,9.7,5.0,13.9,49,,16.2,1015.6
2006-10-16,10.0,6.1,13.9,52,,13.0,1024.8
2006-10-17,10.0,6.1,12.8,74,,14.4,1023.9
2006-10-18,16.2,11.7,21.7,76,,16.9,1009.9
2006-10-19,14.8,12.2,18.3,72,,10.1,1009.3
2006-10-20,14.7,7.2,17.8,87,,21.6,998.2
2006-10-21,8.8,5.6,13.3,50,,27.0,1007.8
2006-10-22,8.5,3.3,13.9,56,,13.0,1013.6
2006-10-23,10.7,7.8,13.3,76,,15.8,1002.9
2006-10-24,8.8,6.1,12.2,57,,19.8,1001.8
2006-10-25,8.5,5.6,12.8,57,,25.2,1006.4
2006-10-26,7.7,4.4,10.6,54,,22.7,1014.9
2006-10-27,6.3,2.8,9.4,60,,14.0,1019.5
2006-10-28,11.8,7.8,17.2,86,,33.1,997.9
2006-10-29,9.1,7.2,11.7,45,,38.2,995.3
2006-10-30,10.8,6.7,14.4,38,,26.3,1010.7
2006-10-31,13.5,6.7,18.3,56,,16.9,1012.8
2006-11-01,16.0,10.0,20.0,65,,12.2,1013.0
2006-11-02,8.2,4.4,11.7,75,,12.6,1013.3
2006-11-03,4.8,1.7,8.9,50,,18.4,1021.6
2006-11-04,4.5,1.1,8.9,51,,14.8,1029.8
2006-11-05,4.5,1.1,8.9,56,,9.4,1032.7
2006-11-06,7.3,3.9,13.9,57,,11.9,1029.1
2006-11-07,8.7,3.3,14.4,76,,10.1,1024.9
2006-11-08,11.4,10.0,12.8,95,,12.2,1009.8
2006-11-09,14.9,11.7,18.3,85,,15.5,997.2
2006-11-10,13.8,7.8,17.2,55,,16.6,1009.3
2006-11-11,11.9,5.6,18.9,73,,12.6,1015.5
2006-11-12,12.1,9.4,14.4,93,,16.2,1017.5
2006-11-13,10.8,9.4,12.2,95,,25.9,1019.4
2006-11-14,13.2,10.6,16.7,91,,14.0,1008.7
2006-11-15,13.6,11.1,17.2,85,,9.7,1016.3
2006-11-16,15.5,11.7,20.6,90,,18.4,1013.7
2006-11-17,16.7,10.0,20.0,77,,24.1,1005.5
2006-11-18,8.4,6.1,11.7,64,,10.8,1012.4
2006-11-19,6.3,5.0,7.2,69,,11.9,1012.5
2006-11-20,4.4,0.6,6.7,56,,14.4,1017.5
2006-11-21,2.7,0.0,5.6,58,,9.4,1032.0
2006-11-22,4.6,1.1,7.8,72,,18.4,1031.2
2006-11-23,6.4,3.9,8.3,86,,30.6,1022.7
2006-11-24,7.8,5.6,11.7,61,,17.6,1018.7
2006-11-25,4.8,1.1,7.2,71,,10.4,1029.0
2006-11-26,8.4,2.2,14.4,74,,12.2,1026.1
2006-11-27,11.4,6.1,16.7,69,,7.9,1024.0
2006-11-28,7.2,3.9,12.2,86,,18.4,1029.6
2006-11-29,7.5,3.9,11.7,89,,9.4,1028.9
2006-11-30,15.3,11.1,20.6,79,,22.0,1020.1
2006-12-01,17.6,15.0,19.4,84,,27.4,1007.3
2006-12-02,8.1,3.9,16.7,46,,26.3,1014.0
2006-12-03,4.3,1.7,7.2,51,,16.6,1027.0
2006-12-04,2.3,-1.1,5.0,60,,18.7,1016.2
2006-12-05,-0.9,-2.2,1.1,50,,14.8,1022.5
2006-12-06,2.3,-3.9,7.8,60,,19.8,1024.9
2006-12-07,9.0,1.1,12.2,57,,16.6,1011.7
2006-12-08,-4.1,-6.7,1.1,53,,31.3,1014.4
2006-12-09,-0.4,-4.4,3.3,50,,19.8,1023.6
2006-12-10,5.8,1.1,11.1,37,,18.4,1021.8
2006-12-11,5.6,1.7,8.9,61,,10.1,1028.0
2006-12-12,3.9,0.6,7.2,70,,11.5,1036.4
2006-12-13,7.6,4.4,11.1,80,,13.7,1025.1
2006-12-14,9.5,6.7,13.9,78,,17.3,1014.9
2006-12-15,9.2,6.1,12.2,84,,17.6,1007.5
2006-12-16,7.9,4.4,11.7,62,,19.8,1013.1
2006-12-17,7.9,2.2,13.3,57,,20.2,1016.8
2006-12-18,10.5,5.6,12.8,55,,15.5,1015.4
2006-12-19,3.8,0.0,6.1,43,,15.5,1022.0
2006-12-20,2.4,-1.7,6.1,55,,16.6,1027.0
2006-12-21,6.9,3.9,11.1,39,,23.0,1021.8
2006-12-22,4.1,0.0,6.1,62,,9.7,1029.4
2006-12-23,9.1,6.1,14.4,87,,15.5,1010.6
2006-12-24,6.7,3.3,10.0,62,,22.0,1012.0
2006-12-25,5.0,0.6,7.8,61,,12.6,1020.0
2006-12-26,7.3,3.9,9.4,91,,19.8,998.3
2006-12-27,3.6,1.1,6.1,61,,23.0,1007.1
2006-12-28,3.5,-0.6,6.7,59,,18.4,1025.0
2006-12-29,-0.8,-3.9,1.1,46,,14.0,1036.9
2006-12-30,-0.4,-3.9,2.8,60,,15.1,1030.6
2006-12-31,0.3,-2.8,4.4,59,,11.9,1028.9
2007-01-01,4.2,0.6,8.9,88,,14.8,1015.7
2007-01-02,5.5,1.7,7.2,58,,22.3,1013.7
2007-01-03,5.6,1.7,10.6,51,,22.3,1023.5
2007-01-04,8.3,3.9,11.7,55,,15.5,1018.7
2007-01-05,13.1,8.9,17.2,75,,19.4,1012.9
2007-01-06,16.2,10.6,20.6,77,,24.1,1004.3
2007-01-07,8.0,6.1,10.6,50,,16.9,1022.1
2007-01-08,7.6,4.4,11.7,78,,20.5,1005.2
2007-01-09,3.6,1.1,6.1,49,,23.4,1006.3
2007-01-10,0.1,-4.4,2.2,46,,23.0,1015.1
2007-01-11,-2.3,-6.1,1.7,47,,18.4,1033.1
2007-01-12,5.8,1.7,10.0,57,,23.4,1025.3
2007-01-13,7.3,3.3,10.6,73,,16.9,1021.4
2007-01-14,2.1,-0.6,4.4,86,,13.3,1025.0
2007-01-15,2.0,-1.1,5.0,95,,14.4,1016.3
2007-01-16,-0.9,-7.8,5.0,72,,22.7,1012.7
2007-01-17,-9.7,-13.3,-7.2,47,,20.5,1035.3
2007-01-18,-3.7,-10.6,3.9,65,,11.5,1033.9
2007-01-19,2.2,0.6,4.4,75,,21.2,1005.7
2007-01-20,-2.7,-8.9,0.6,47,,35.3,1007.6
2007-01-21,-6.9,-10.6,-3.3,37,,23.0,1023.7
2007-01-22,-4.9,-6.1,-2.8,55,,7.9,1015.0
2007-01-23,-3.2,-6.1,0.0,69,,14.8,1009.7
2007-01-24,0.2,-3.9,5.6,54,,13.3,1012.2
2007-01-25,-5.4,-13.9,-2.2,44,,18.4,1009.5
2007-01-26,-13.8,-16.1,-10.6,40,,30.2,1010.6
2007-01-27,-8.4,-14.4,-2.8,48,,9.7,1009.6
2007-01-28,-0.6,-3.9,3.9,68,,10.4,1003.8
2007-01-29,-4.2,-7.2,-2.2,46,,21.2,1007.2
2007-01-30,-4.3,-7.8,-0.6,46,,18.4,1013.0
2007-01-31,-3.2,-7.2,0.6,44,,16.2,1013.5
2007-02-01,-1.3,-5.0,2.8,49,,16.6,1016.8
2007-02-02,0.7,-2.2,2.8,76,,6.5,1006.6
2007-02-03,-1.7,-5.6,1.7,52,,27.0,1006.8
2007-02-04,-5.8,-9.4,-3.9,33,,24.5,1013.4
2007-02-05,-9.8,-12.2,-7.2,36,,33.1,1013.9
2007-02-06,-6.8,-9.4,-2.8,40,,24.8,1015.0
2007-02-07,-7.9,-11.1,-4.4,39,,23.8,1011.0
2007-02-08,-6.1,-9.4,-2.8,44,,28.4,1008.1
2007-02-09,-5.1,-7.2,-1.7,42,,28.4,1007.4
2007-02-10,-4.1,-7.8,0.6,44,,17.6,1013.2
2007-02-11,-3.4,-7.2,-0.6,45,,16.2,1020.0
2007-02-12,-0.8,-6.1,2.8,38,,25.2,1019.3
2007-02-13,-8.5,-12.8,-5.6,28,,17.6,1027.3
2007-02-14,-2.5,-9.4,2.8,90,,36.7,1001.4
2007-02-15,-8.3,-11.1,-5.6,50,,35.3,1000.1
2007-02-16,-6.2,-12.2,-1.7,51,,33.8,1000.7
2007-02-17,-2.2,-5.6,1.7,44,,24.5,1005.6
2007-02-18,-1.5,-7.2,1.1,54,,16.9,1002.9
2007-02-19,-8.8,-13.3,-5.6,37,,30.6,1011.2
2007-02-20,2.0,-6.7,9.4,48,,16.2,1007.4
2007-02-21,3.9,1.1,7.2,56,,12.2,1008.1
2007-02-22,1.2,-2.8,4.4,70,,7.2,1007.2
2007-02-23,-1.4,-7.8,1.1,62,,27.4,1004.9
2007-02-24,-4.2,-9.4,1.7,47,,29.5,1012.3
2007-02-25,0.3,-4.4,6.1,48,,11.5,1016.9
2007-02-26,0.5,-0.6,2.2,76,,10.8,1010.4
2007-02-27,1.1,-1.1,3.3,74,,8.3,1013.2
2007-02-28,2.2,-1.1,5.0,70,,9.4,1016.4
2007-03-01,0.4,-3.3,4.4,45,,12.2,1020.8
2007-03-02,3.4,0.0,6.7,91,,26.3,1006.4
2007-03-03,5.1,-1.1,13.9,72,,12.6,1002.5
2007-03-04,2.4,-1.1,5.0,54,,25.6,1001.9
2007-03-05,-0.4,-5.6,3.9,48,,29.2,1003.6
2007-03-06,-11.1,-14.4,-5.0,31,,39.6,1017.9
2007-03-07,-9.5,-14.4,-4.4,30,,18.4,1024.2
2007-03-08,-8.1,-13.9,-3.3,36,,27.0,1021.3
2007-03-09,-7.6,-15.0,-0.6,38,,15.1,1031.5
2007-03-10,4.2,-5.0,11.1,66,,20.2,1024.6
2007-03-11,8.2,3.9,11.7,60,,19.1,1019.7
2007-03-12,6.9,1.7,12.8,44,,15.5,1022.8
2007-03-13,8.8,3.3,16.1,47,,18.4,1019.8
2007-03-14,12.3,7.2,20.0,66,,23.0,1013.9
2007-03-15,8.8,3.3,13.9,78,,18.4,1013.6
2007-03-16,-0.6,-3.3,3.3,72,,38.9,1024.4
2007-03-17,0.6,-2.2,2.2,88,,25.9,1001.2
2007-03-18,-1.5,-4.4,1.1,50,,26.6,1007.8
2007-03-19,0.3,-2.8,4.4,49,,24.1,1023.0
2007-03-20,4.0,-4.4,6.7,53,,29.2,1021.7
2007-03-21,-2.5,-6.7,1.7,48,,17.3,1039.8
2007-03-22,8.0,1.1,13.9,76,,32.8,1022.2
2007-03-23,12.0,4.4,15.0,52,,19.8,1017.6
2007-03-24,4.7,0.0,7.8,65,,14.8,1027.1
2007-03-25,3.8,1.1,7.8,81,,11.2,1029.7
2007-03-26,5.3,2.2,8.3,76,,18.0,1026.7
2007-03-27,7.6,5.6,14.4,86,,9.0,1014.2
2007-03-28,10.0,3.9,13.3,43,,28.1,1019.8
2007-03-29,5.5,0.6,11.1,21,,28.1,1024.6
2007-03-30,9.1,3.3,16.1,26,,20.5,1022.2
2007-03-31,5.5,2.2,7.8,35,,16.2,1023.2
2007-04-01,6.6,0.6,11.1,46,,11.9,1024.0
2007-04-02,4.5,3.3,5.0,93,,21.6,1017.4
2007-04-03,4.5,2.2,6.7,88,,19.1,1021.5
2007-04-04,2.9,1.7,3.9,82,,28.8,1015.9
2007-04-05,3.0,-1.1,7.2,70,,25.9,1001.3
2007-04-06,0.7,-2.2,3.9,46,,23.8,1005.4
2007-04-07,2.0,-1.1,5.6,44,,14.0,1004.4
2007-04-08,1.5,-1.7,5.6,44,,27.4,1005.9
2007-04-09,5.1,1.1,10.0,44,,25.9,1009.9
2007-04-10,4.4,1.7,6.7,46,,18.0,1014.5
2007-04-11,5.2,1.1,10.0,51,,15.8,1020.3
2007-04-12,4.0,1.7,5.0,80,,24.5,1013.3
2007-04-13,5.4,1.7,9.4,68,,23.0,1005.0
2007-04-14,7.6,3.9,11.1,54,,19.8,1012.4
2007-04-15,5.0,3.3,6.7,84,,31.0,1011.7
2007-04-16,7.4,5.6,8.9,89,,37.8,986.8
2007-04-17,4.5,2.8,5.6,91,,41.0,996.5
2007-04-18,4.8,3.9,6.1,92,,28.8,1008.1
2007-04-19,6.9,3.9,10.6,63,,19.8,1013.3
2007-04-20,7.4,2.2,10.6,46,,13.0,1017.7
2007-04-21,14.0,6.7,23.9,35,,10.4,1017.9
2007-04-22,13.7,9.4,19.4,43,,15.5,1021.3
2007-04-23,19.7,11.1,30.0,36,,22.7,1014.4
2007-04-24,19.0,11.1,22.8,38,,20.2,1010.2
2007-04-25,10.8,7.2,15.0,56,,9.0,1018.1
2007-04-26,10.4,5.6,14.4,57,,14.8,1021.2
2007-04-27,8.1,6.7,10.0,89,,13.0,1014.8
2007-04-28,8.7,6.7,11.1,93,,11.5,1007.4
2007-04-29,8.3,6.7,9.4,91,,10.8,1008.1
2007-04-30,12.9,6.1,21.7,67,,20.5,1005.9
2007-05-01,13.3,8.9,20.0,43,,15.8,1012.1
2007-05-02,13.0,8.9,18.9,55,,14.0,1012.0
2007-05-03,14.1,8.3,20.0,28,,21.2,1019.6
2007-05-04,14.6,10.0,20.0,25,,22.0,1020.4
2007-05-05,13.5,8.9,19.4,32,,16.6,1019.8
2007-05-06,8.7,6.7,10.6,62,,21.6,1029.3
2007-05-07,11.6,5.6,18.3,49,,13.3,1029.5
2007-05-08,17.0,8.3,26.7,34,,23.4,1021.5
2007-05-09,21.5,13.9,30.0,52,,18.0,1016.8
2007-05-10,22.1,16.7,28.9,71,,17.6,1014.1
2007-05-11,19.4,16.7,24.4,82,,13.7,1011.2
2007-05-12,13.9,10.0,20.6,66,,17.3,1015.5
2007-05-13,13.8,10.6,18.9,40,,16.2,1018.5
2007-05-14,16.4,8.3,23.9,27,,18.4,1021.6
2007-05-15,18.3,12.2,27.8,49,,22.0,1011.2
2007-05-16,12.7,7.8,17.8,85,,17.3,1006.9
2007-05-17,8.5,7.8,10.0,83,,17.6,1018.7
2007-05-18,6.4,5.6,7.8,88,,25.6,1022.5
2007-05-19,8.9,6.1,11.7,94,,7.2,1012.2
2007-05-20,13.4,10.0,17.8,85,,12.2,1005.4
2007-05-21,14.4,10.0,18.9,53,,18.0,1015.4
2007-05-22,14.7,8.9,19.4,47,,12.2,1026.1
2007-05-23,16.0,10.0,22.8,64,,15.5,1029.8
2007-05-24,19.1,11.7,26.7,63,,11.9,1025.8
2007-05-25,27.8,21.1,33.3,40,,15.5,1018.6
2007-05-26,26.1,18.3,30.0,40,,16.2,1016.1
2007-05-27,17.6,13.9,21.7,60,,12.2,1020.8
2007-05-28,21.7,15.0,28.9,58,,16.9,1016.8
2007-05-29,20.3,15.0,26.1,45,,17.6,1020.7
2007-05-30,21.4,15.6,27.8,46,,13.3,1020.3
2007-05-31,16.4,13.9,18.3,74,,11.5,1020.4
2007-06-01,20.1,14.4,27.2,74,,11.5,1014.9
2007-06-02,23.2,17.8,30.0,67,,10.8,1012.0
2007-06-03,15.2,11.7,22.8,87,,13.3,1012.1
2007-06-04,13.9,11.1,15.6,97,,21.6,1001.2
2007-06-05,20.8,15.0,27.2,79,,19.1,998.4
2007-06-06,16.8,12.2,22.2,54,,19.4,1007.4
2007-06-07,16.7,10.6,21.7,48,,13.7,1016.8
2007-06-08,17.6,15.0,20.6,75,,10.8,1014.8
2007-06-09,15.6,13.9,18.3,90,,10.8,1013.8
2007-06-10,16.8,11.7,21.7,70,,10.8,1016.9
2007-06-11,21.1,18.3,26.1,67,,10.8,1015.2
2007-06-12,19.7,15.0,23.3,73,,18.4,1015.9
2007-06-13,13.6,12.2,15.6,79,,26.6,1020.3
2007-06-14,13.7,11.1,15.6,75,,20.2,1020.6
2007-06-15,14.6,10.0,18.9,75,,10.4,1018.7
2007-06-16,19.5,14.4,24.4,64,,14.0,1014.5
2007-06-17,23.7,17.2,31.1,61,,14.8,1010.3
2007-06-18,22.7,17.8,27.2,48,,14.0,1015.2
2007-06-19,22.1,18.9,27.8,56,,14.4,1016.4
2007-06-20,22.2,18.9,26.1,71,,15.1,1009.7
2007-06-21,21.2,16.7,27.2,55,,16.9,1008.9
2007-06-22,18.4,15.0,23.3,65,,23.8,1005.3
2007-06-23,18.0,13.3,22.2,49,,20.9,1009.0
2007-06-24,20.6,13.9,26.1,43,,15.1,1015.5
2007-06-25,25.2,18.3,31.7,51,,16.9,1020.4
2007-06-26,27.6,19.4,35.0,58,,18.4,1020.5
2007-06-27,29.8,24.4,35.6,57,,20.5,1015.5
2007-06-28,27.7,24.4,33.3,61,,21.6,1009.9
2007-06-29,20.1,17.2,25.0,58,,17.6,1014.3
2007-06-30,20.5,16.7,27.8,59,,13.7,1013.6
2007-07-01,18.5,15.0,23.3,56,,16.9,1015.2
2007-07-02,18.8,13.3,24.4,48,,18.7,1018.8
2007-07-03,18.7,14.4,22.2,55,,16.6,1021.2
2007-07-04,20.5,16.1,27.8,66,,19.8,1020.4
2007-07-05,22.1,17.8,28.3,80,,19.8,1011.9
2007-07-06,22.9,18.9,29.4,72,,14.8,1008.2
2007-07-07,23.5,18.3,28.9,55,,17.6,1009.5
2007-07-08,23.2,17.2,32.8,64,,14.8,1008.0
2007-07-09,18.4,16.7,21.7,90,,10.8,1012.7
2007-07-10,18.1,16.1,20.6,91,,10.8,1014.2
2007-07-11,24.5,18.3,30.6,80,,17.3,1009.3
2007-07-12,24.6,20.6,28.9,56,,16.9,1007.6
2007-07-13,24.2,18.3,30.6,46,,16.9,1011.3
2007-07-14,22.7,20.0,26.1,56,,15.5,1013.0
2007-07-15,25.2,20.0,32.2,67,,22.7,1010.0
2007-07-16,22.9,18.3,27.2,60,,10.8,1013.4
2007-07-17,22.9,18.3,27.8,61,,9.0,1016.2
2007-07-18,20.3,17.8,21.7,86,,7.9,1014.7
2007-07-19,19.8,16.1,23.3,90,,11.5,1007.7
2007-07-20,24.7,19.4,29.4,68,,20.2,1004.8
2007-07-21,20.6,17.2,23.9,62,,13.3,1014.3
2007-07-22,21.1,17.8,25.6,60,,14.4,1021.5
2007-07-23,18.2,17.2,19.4,87,,18.7,1021.2
2007-07-24,22.7,17.2,28.9,69,,13.3,1018.2
2007-07-25,26.0,18.9,32.2,54,,13.7,1020.6
2007-07-26,26.6,20.0,33.3,56,,13.7,1019.2
2007-07-27,27.1,22.8,33.3,64,,16.6,1014.1
2007-07-28,24.4,21.7,30.6,84,,11.5,1011.7
2007-07-29,24.1,21.1,28.3,82,,9.4,1013.2
2007-07-30,22.3,19.4,24.4,89,,6.8,1013.9
2007-07-31,23.3,20.0,27.2,77,,8.6,1013.0
2007-08-01,24.7,21.7,27.8,64,,12.6,1013.4
2007-08-02,27.8,21.1,34.4,56,,12.2,1014.8
2007-08-03,29.0,23.9,35.0,58,,19.4,1013.6
2007-08-04,28.1,23.3,33.3,54,,17.3,1012.4
2007-08-05,21.9,19.4,24.4,52,,16.9,1016.0
2007-08-06,22.2,17.2,25.6,79,,14.8,1011.5
2007-08-07,20.2,18.3,23.3,93,,9.4,
2007-08-08,25.8,20.0,32.8,75,,19.1,1005.5
2007-08-09,20.9,18.3,24.4,52,,14.8,1012.8
2007-08-10,17.5,15.0,18.9,66,,7.6,1014.2
2007-08-11,21.0,13.3,27.2,57,,10.4,1013.6
2007-08-12,24.7,20.0,29.4,58,,12.2,1015.1
2007-08-13,24.0,19.4,29.4,66,,12.2,1009.4
2007-08-14,19.6,17.2,23.9,61,,14.0,1012.6
2007-08-15,23.3,16.7,30.0,63,,19.4,1011.6
2007-08-16,25.5,20.6,31.7,61,,16.9,1012.0
2007-08-17,23.7,19.4,26.7,67,,17.3,1009.2
2007-08-18,18.8,14.4,23.3,54,,24.5,1014.0
2007-08-19,18.5,13.9,23.3,49,,10.1,1021.1
2007-08-20,16.9,13.3,20.0,70,,10.8,1022.6
2007-08-21,16.4,12.8,19.4,81,,9.7,1024.1
2007-08-22,16.6,12.8,20.6,78,,13.0,1023.9
2007-08-23,18.7,17.2,21.1,80,,10.8,1022.1
2007-08-24,25.3,20.6,32.8,71,,20.2,1014.9
2007-08-25,27.4,22.2,35.6,72,,18.0,1010.1
2007-08-26,26.5,22.2,30.0,64,,13.7,1012.0
2007-08-27,21.2,17.8,24.4,71,,11.2,1020.3
2007-08-28,20.9,16.7,25.6,69,,11.5,1021.4
2007-08-29,23.1,17.8,27.8,56,,14.0,1019.0
2007-08-30,25.0,19.4,31.7,53,,13.7,1014.9
2007-08-31,20.7,17.8,23.9,77,,13.7,1014.1
2007-09-01,21.0,16.7,26.1,50,,16.6,1018.4
2007-09-02,18.5,13.3,22.8,51,,15.1,1023.7
2007-09-03,23.0,15.6,30.6,58,,20.5,1015.7
2007-09-04,22.4,17.8,25.6,44,,16.6,1013.9
2007-09-05,18.0,15.0,22.8,50,,16.2,1020.2
2007-09-06,19.1,14.4,25.6,65,,18.4,1025.3
2007-09-07,24.9,18.3,34.4,66,,20.2,1020.2
2007-09-08,27.5,21.7,35.0,60,,22.0,1016.2
2007-09-09,19.7,15.6,25.0,79,,14.4,1018.5
2007-09-10,16.7,15.6,18.9,88,,10.8,1017.0
2007-09-11,16.6,15.6,20.0,96,,11.5,1008.0
2007-09-12,19.9,15.6,24.4,56,,22.3,1009.9
2007-09-13,17.5,13.9,22.8,59,,13.3,1021.8
2007-09-14,18.6,13.9,24.4,67,,13.0,1021.1
2007-09-15,16.5,12.2,18.3,76,,13.7,1013.0
2007-09-16,13.2,10.0,16.1,62,,13.0,1024.4
2007-09-17,13.5,9.4,17.2,68,,11.2,1030.0
2007-09-18,13.5,8.3,17.2,67,,13.7,1030.0
2007-09-19,14.0,10.0,17.8,82,,11.2,1026.1
2007-09-20,18.2,13.3,25.6,78,,9.7,1020.5
2007-09-21,17.6,15.0,21.7,84,,9.0,1021.3
2007-09-22,20.7,16.7,26.7,78,,15.1,1018.1
2007-09-23,22.2,17.8,26.7,48,,19.1,1017.7
2007-09-24,21.5,15.0,27.8,42,,16.6,1021.0
2007-09-25,23.9,16.7,31.1,47,,18.7,1016.6
2007-09-26,26.5,21.7,33.9,59,,19.4,1013.5
2007-09-27,24.0,20.0,29.4,74,,16.6,1014.3
2007-09-28,22.0,16.7,26.7,70,,16.6,1008.6
2007-09-29,18.7,15.0,23.3,51,,19.8,1020.9
2007-09-30,14.7,12.2,17.2,63,,15.1,1033.1
2007-10-01,14.3,11.1,18.3,69,,12.2,1033.2
2007-10-02,14.8,10.0,18.3,81,,7.9,1029.2
2007-10-03,17.3,15.6,21.1,92,,9.4,1022.0
2007-10-04,22.6,16.7,30.0,71,,9.7,1020.7
2007-10-05,20.7,15.6,27.8,73,,9.4,1023.8
2007-10-06,20.8,17.2,26.7,75,,10.1,1019.3
2007-10-07,16.0,12.2,20.6,76,,13.3,1017.0
2007-10-08,14.0,12.2,15.0,86,,8.3,1012.2
2007-10-09,14.1,12.2,16.1,72,,17.6,1011.8
2007-10-10,13.8,12.2,15.6,84,,12.2,1009.9
2007-10-11,14.8,14.4,15.6,92,,19.8,1006.1
2007-10-12,14.6,8.3,18.3,79,,21.6,998.7
2007-10-13,10.9,6.7,15.6,54,,15.8,1010.8
2007-10-14,11.8,8.3,16.7,53,,17.6,1014.6
2007-10-15,11.7,6.7,17.2,57,,14.0,1018.9
2007-10-16,12.4,8.3,17.2,55,,11.9,1020.1
2007-10-17,12.0,6.7,17.2,67,,7.6,1019.2
2007-10-18,15.3,12.8,20.6,91,,8.6,1014.4
2007-10-19,19.0,14.4,22.8,90,,16.9,1009.2
2007-10-20,18.6,14.4,22.2,74,,18.7,1003.3
2007-10-21,17.8,12.8,23.9,54,,17.3,1017.3
2007-10-22,19.7,14.4,27.2,54,,16.2,1020.3
2007-10-23,20.2,14.4,25.6,75,,28.1,1010.4
2007-10-24,14.8,11.7,18.9,80,,11.9,1013.5
2007-10-25,11.6,7.8,14.4,72,,13.3,1026.7
2007-10-26,11.1,6.7,15.0,75,,15.8,1032.4
2007-10-27,16.5,12.8,21.1,91,,14.8,1018.1
2007-10-28,12.4,5.6,16.1,47,,23.8,1021.2
2007-10-29,6.3,2.8,10.6,40,,15.1,1029.1
2007-10-30,11.1,5.0,17.2,49,,12.2,1026.8
2007-10-31,12.1,6.7,17.8,72,,18.4,1025.8
2007-11-01,14.8,8.9,20.6,63,,22.7,1016.5
2007-11-02,8.3,5.0,10.6,54,,19.8,1027.5
2007-11-03,8.5,6.7,10.0,82,,34.2,1011.6
2007-11-04,9.3,5.6,13.9,42,,17.6,1007.0
2007-11-05,8.4,3.9,11.7,61,,13.3,1015.2
2007-11-06,9.5,4.4,12.8,79,,19.1,1008.1
2007-11-07,5.9,2.8,10.6,59,,20.5,1014.0
2007-11-08,3.7,0.6,7.2,54,,11.9,1022.1
2007-11-09,3.6,0.0,7.8,70,,11.9,1021.9
2007-11-10,3.3,0.0,6.1,61,,19.4,1019.1
2007-11-11,2.2,-2.2,7.8,47,,16.2,1022.9
2007-11-12,3.9,-0.6,7.2,50,,10.4,1023.5
2007-11-13,10.2,5.0,14.4,73,,11.9,1013.1
2007-11-14,9.9,2.8,15.6,74,,18.0,1012.4
2007-11-15,13.3,6.7,18.9,85,,22.3,998.3
2007-11-16,5.3,1.1,8.3,64,,28.4,997.3
2007-11-17,3.1,0.6,6.1,48,,21.6,1014.2
2007-11-18,3.5,1.1,6.1,51,,14.4,1028.3
2007-11-19,2.1,1.1,4.4,64,,19.1,1032.3
2007-11-20,2.3,-0.6,5.0,81,,9.4,1022.1
2007-11-21,4.4,1.1,7.8,91,,5.8,1017.7
2007-11-22,10.0,6.1,15.6,87,,11.9,1006.8
2007-11-23,2.3,-2.2,6.1,50,,24.5,1016.0
2007-11-24,-1.8,-5.6,1.1,42,,16.2,1028.2
2007-11-25,3.6,-0.6,10.0,42,,15.5,1024.9
2007-11-26,6.6,3.3,14.4,88,,11.9,1018.1
2007-11-27,12.1,5.0,17.8,63,,27.4,1008.5
2007-11-28,4.4,1.7,7.8,50,,16.2,1026.3
2007-11-29,6.8,3.3,10.6,69,,19.8,1017.5
2007-11-30,3.1,1.1,5.6,42,,23.0,1019.0
2007-12-01,-2.4,-7.8,3.3,36,,29.9,1026.2
2007-12-02,-5.0,-7.8,-2.2,46,,11.5,1028.0
2007-12-03,1.8,-2.2,5.0,92,,24.5,999.4
2007-12-04,-3.4,-5.6,-1.1,57,,29.2,996.0
2007-12-05,-2.2,-4.4,0.0,60,,16.6,1006.3
2007-12-06,-3.0,-7.2,-0.6,51,,18.4,1020.2
2007-12-07,-0.8,-5.0,2.8,69,,12.2,1026.4
2007-12-08,1.8,-1.7,6.7,66,,15.1,1023.0
2007-12-09,0.5,-2.2,2.2,60,,7.9,1029.8
2007-12-10,-0.3,-1.7,0.6,86,,10.8,1025.1
2007-12-11,0.2,-2.8,2.8,77,,11.5,1025.1
2007-12-12,5.3,-1.1,8.9,67,,18.4,1012.4
2007-12-13,-3.1,-5.6,0.6,66,,13.3,1023.7
2007-12-14,-0.2,-5.0,5.0,74,,16.9,1017.3
2007-12-15,-4.8,-8.3,1.1,48,,17.3,1030.4
2007-12-16,0.3,-5.6,6.1,90,,35.3,1003.2
2007-12-17,-3.7,-7.2,2.2,54,,31.3,1002.6
2007-12-18,-4.0,-7.8,0.0,55,,11.5,1024.7
2007-12-19,-0.2,-5.6,3.3,80,,5.8,1024.1
2007-12-20,-0.4,-1.7,1.7,88,,18.7,1020.0
2007-12-21,-3.3,-4.4,-1.7,82,,21.6,1032.5
2007-12-22,-0.0,-3.3,3.3,77,,7.2,1035.7
2007-12-23,4.9,0.6,10.6,85,,13.7,1022.9
2007-12-24,5.4,1.1,11.7,54,,23.0,1009.1
2007-12-25,2.9,0.0,6.1,58,,18.4,1020.0
2007-12-26,1.6,-2.8,4.4,72,,10.4,1023.1
2007-12-27,2.6,1.1,3.9,89,,16.2,1016.8
2007-12-28,4.5,1.7,8.3,71,,13.7,1024.3
2007-12-29,5.1,2.8,7.8,81,,13.7,1015.1
2007-12-30,3.2,0.6,5.6,64,,10.1,1019.3
2007-12-31,2.5,-1.1,5.0,81,,21.6,1011.2
2008-01-01,1.3,-2.2,4.4,81,,16.6,1012.3
2008-01-02,-2.6,-12.2,0.6,67,,24.5,1009.1
2008-01-03,-12.2,-13.9,-10.0,47,,27.0,1031.3
2008-01-04,-6.0,-13.3,0.0,48,,19.1,1031.3
2008-01-05,1.3,-2.8,5.6,46,,14.0,1026.2
2008-01-06,4.6,2.2,8.3,67,,11.2,1022.2
2008-01-07,7.5,1.7,12.8,76,,11.2,1021.8
2008-01-08,11.9,7.2,19.4,74,,19.4,1017.8
2008-01-09,12.5,7.8,16.7,64,,28.4,1009.0
2008-01-10,6.4,3.3,9.4,48,,16.9,1017.8
2008-01-11,5.5,3.3,13.9,88,,11.5,1010.6
2008-01-12,6.5,3.3,8.9,64,,14.4,1014.6
2008-01-13,3.5,-1.1,6.7,66,,16.9,1022.2
2008-01-14,-0.1,-2.2,3.9,84,,24.1,1010.7
2008-01-15,-1.1,-4.4,1.7,73,,12.6,1007.4
2008-01-16,-2.4,-5.0,1.1,52,,20.2,1020.2
2008-01-17,-2.0,-6.1,1.7,64,,9.0,1030.3
2008-01-18,4.3,0.6,8.3,73,,19.1,1029.9
2008-01-19,0.5,-1.1,1.7,42,,15.5,1026.3
2008-01-20,-3.3,-7.2,1.1,41,,23.8,1015.8
2008-01-21,-6.7,-9.4,-3.9,42,,22.3,1034.7
2008-01-22,-1.1,-6.7,4.4,62,,21.2,1023.1
2008-01-23,0.8,-1.7,2.8,48,,17.6,1013.1
2008-01-24,-1.9,-5.6,0.0,44,,14.0,1016.6
2008-01-25,-4.4,-8.9,-0.6,44,,21.2,1021.5
2008-01-26,-2.1,-4.4,0.6,52,,13.3,1023.6
2008-01-27,-1.1,-4.4,1.1,72,,27.0,1019.6
2008-01-28,-0.7,-5.0,5.0,47,,25.2,1013.6
2008-01-29,1.0,-2.8,4.4,59,,11.2,1009.8
2008-01-30,5.0,0.0,10.0,68,,21.6,1004.3
2008-01-31,-0.5,-2.8,2.2,40,,12.6,1031.4
2008-02-01,1.8,-3.3,12.2,77,,25.6,1027.8
2008-02-02,6.4,3.3,11.7,66,,28.1,1012.8
2008-02-03,4.4,2.8,7.2,55,,11.2,1022.3
2008-02-04,2.6,0.0,4.4,63,,9.0,1027.4
2008-02-05,4.1,2.2,7.2,87,,13.3,1014.6
2008-02-06,4.8,2.2,7.8,94,,15.5,1004.8
2008-02-07,0.2,-1.7,2.8,96,,20.9,1008.4
2008-02-08,-1.5,-2.2,0.0,90,,11.2,1015.5
2008-02-09,0.1,-5.0,2.8,80,,9.7,1016.4
2008-02-10,0.8,-8.9,6.1,75,,23.4,1002.9
2008-02-11,-7.6,-11.1,-3.3,47,,36.0,1015.0
2008-02-12,-5.2,-8.9,-1.1,51,,12.2,1027.2
2008-02-13,1.8,-3.9,4.4,92,,16.9,1007.7
2008-02-14,1.3,-1.7,3.9,60,,24.1,1011.5
2008-02-15,2.8,-2.8,8.3,52,,24.8,1015.6
2008-02-16,-3.6,-6.7,-0.6,40,,16.2,1024.8
2008-02-17,0.6,-6.1,7.2,59,,17.6,1023.9
2008-02-18,12.6,5.6,16.7,85,,31.7,1001.8
2008-02-19,3.3,-2.2,7.2,56,,25.9,1005.7
2008-02-20,-2.7,-4.4,-0.6,43,,23.4,1016.2
2008-02-21,-3.8,-6.7,-0.6,38,,18.7,1025.7
2008-02-22,-2.6,-5.0,0.0,73,,13.7,1021.0
2008-02-23,-1.8,-3.9,1.1,70,,12.2,1013.0
2008-02-24,-1.2,-5.6,3.9,52,,16.2,1016.7
2008-02-25,2.6,-3.3,8.3,48,,14.4,1011.5
2008-02-26,2.3,-1.7,4.4,70,,11.2,1005.7
2008-02-27,2.0,-3.9,4.4,76,,18.4,993.8
2008-02-28,-4.8,-8.3,-2.2,59,,22.7,1013.6
2008-02-29,-7.3,-11.7,-3.9,50,,14.8,1032.4
2008-03-01,1.2,-3.9,3.9,79,,19.4,1013.8
2008-03-02,0.8,-2.2,5.0,46,,25.9,1018.1
2008-03-03,3.7,-3.3,9.4,53,,19.8,1021.8
2008-03-04,9.7,3.9,15.6,79,,24.5,1014.0
2008-03-05,7.9,2.8,15.6,77,,29.2,1005.5
2008-03-06,2.9,1.1,5.6,63,,15.5,1021.4
2008-03-07,3.2,-0.6,6.1,84,,13.7,1023.5
2008-03-08,5.6,2.8,14.4,88,,20.9,1003.3
2008-03-09,2.8,-1.7,10.6,45,,35.3,1009.1
2008-03-10,-0.5,-3.9,3.9,40,,18.0,1024.3
2008-03-11,1.2,-3.3,6.1,37,,15.1,1018.3
2008-03-12,3.4,1.1,6.1,77,,19.1,1004.5
2008-03-13,0.8,-1.7,3.3,47,,19.1,1013.9
2008-03-14,4.4,0.0,10.6,74,,10.1,1011.1
2008-03-15,3.0,1.1,4.4,88,,22.7,1007.6
2008-03-16,3.0,1.1,5.0,78,,13.7,1014.0
2008-03-17,2.1,-1.7,6.7,43,,24.5,1026.9
2008-03-18,1.4,-2.2,3.9,41,,13.7,1030.3
2008-03-19,2.8,0.6,5.0,84,,14.8,1014.8
2008-03-20,5.4,2.2,7.2,75,,24.5,995.8
2008-03-21,1.6,-1.1,4.4,40,,38.2,1006.2
2008-03-22,2.8,-1.1,8.3,30,,23.4,1009.7
2008-03-23,2.4,-1.7,7.2,28,,16.2,1017.7
2008-03-24,2.1,-2.2,6.7,50,,11.2,1023.8
2008-03-25,0.4,-2.2,3.3,54,,21.6,1024.5
2008-03-26,8.5,3.3,14.4,48,,27.4,1014.7
2008-03-27,8.1,2.8,12.8,38,,14.8,1016.9
2008-03-28,3.3,1.7,6.1,84,,16.2,1013.1
2008-03-29,0.5,-2.8,2.2,54,,23.0,1024.6
2008-03-30,0.9,-3.3,5.0,40,,15.5,1037.4
2008-03-31,4.1,-1.7,11.7,76,,18.4,1033.3
2008-04-01,14.9,11.1,17.8,80,,36.4,1012.8
2008-04-02,7.0,2.2,12.8,38,,32.8,1018.1
2008-04-03,5.7,0.6,11.7,30,,20.2,1029.7
2008-04-04,5.0,2.8,6.7,86,,14.4,1016.4
2008-04-05,6.2,3.9,12.2,84,,9.4,1013.8
2008-04-06,4.9,3.9,5.6,85,,25.2,1026.8
2008-04-07,4.3,2.2,6.1,76,,23.8,1030.1
2008-04-08,4.1,0.6,7.2,78,,14.4,1029.7
2008-04-09,5.9,0.6,11.7,80,,12.2,1025.5
2008-04-10,14.5,8.3,22.2,53,,19.1,1018.0
2008-04-11,9.4,6.7,11.7,54,,10.1,1016.3
2008-04-12,9.1,6.7,16.1,88,,13.7,1000.9
2008-04-13,7.8,3.3,9.4,64,,15.5,1003.7
2008-04-14,7.0,2.2,12.8,43,,16.6,1012.4
2008-04-15,7.6,2.8,11.7,41,,15.8,1020.0
2008-04-16,9.5,2.8,14.4,45,,13.3,1024.1
2008-04-17,9.1,4.4,13.3,48,,10.8,1021.5
2008-04-18,12.2,6.1,20.0,34,,8.6,1015.5
2008-04-19,10.8,7.8,13.9,64,,12.6,1019.0
2008-04-20,9.4,7.2,12.8,78,,18.7,1024.9
2008-04-21,8.8,6.7,11.1,82,,11.2,1027.8
2008-04-22,12.2,6.7,19.4,70,,11.5,1025.1
2008-04-23,19.5,10.0,28.9,48,,14.8,1018.3
2008-04-24,19.8,11.7,23.3,34,,23.0,1018.0
2008-04-25,12.9,9.4,16.7,44,,15.8,1020.5
2008-04-26,9.4,6.7,11.7,62,,15.8,1023.4
2008-04-27,9.0,7.8,10.6,75,,10.4,1024.2
2008-04-28,9.0,6.7,14.4,86,,18.4,1017.2
2008-04-29,11.7,7.2,15.6,90,,21.2,1003.3
2008-04-30,8.6,5.6,11.7,46,,17.6,1014.7
2008-05-01,9.5,4.4,15.6,45,,13.7,1021.0
2008-05-02,9.1,7.8,10.0,75,,10.4,1021.0
2008-05-03,7.9,6.1,8.9,77,,17.3,1021.5
2008-05-04,8.8,7.2,11.1,91,,15.5,1016.4
2008-05-05,10.6,6.7,14.4,77,,11.9,1017.1
2008-05-06,13.8,7.8,18.9,63,,12.2,1013.6
2008-05-07,16.7,12.8,21.1,39,,17.3,1011.2
2008-05-08,18.6,13.9,25.0,56,,21.6,1003.2
2008-05-09,11.9,8.9,16.1,64,,15.5,1008.6
2008-05-10,10.3,8.9,15.0,73,,20.5,1006.4
2008-05-11,10.5,7.8,14.4,62,,16.6,1011.7
2008-05-12,9.4,8.3,10.6,66,,32.4,1009.8
2008-05-13,13.2,7.8,18.9,49,,22.0,1015.0
2008-05-14,12.8,8.9,15.6,48,,13.7,1018.3
2008-05-15,16.1,11.1,20.6,42,,13.3,1013.8
2008-05-16,12.7,8.9,15.0,69,,10.8,1008.2
2008-05-17,13.7,10.0,22.8,66,,16.9,995.9
2008-05-18,16.3,12.8,21.7,57,,17.3,994.8
2008-05-19,12.7,10.0,15.6,49,,28.8,994.5
2008-05-20,12.8,7.2,18.9,51,,18.7,999.0
2008-05-21,15.0,10.0,21.7,54,,15.8,996.2
2008-05-22,12.0,9.4,15.6,63,,16.9,1000.0
2008-05-23,15.4,8.9,22.2,53,,22.7,1005.5
2008-05-24,16.3,11.7,22.2,45,,16.9,1010.6
2008-05-25,16.9,12.8,21.7,43,,18.0,1015.6
2008-05-26,19.6,11.7,26.7,48,,26.3,1012.6
2008-05-27,20.6,13.9,28.3,71,,24.1,1008.6
2008-05-28,15.5,10.6,20.0,35,,15.8,1019.3
2008-05-29,18.5,11.1,25.0,36,,21.6,1016.1
2008-05-30,16.3,14.4,18.9,50,,16.6,1018.2
2008-05-31,19.0,16.7,24.4,70,,24.1,1008.1
2008-06-01,21.6,16.1,27.8,56,,18.7,1004.5
2008-06-02,19.6,15.0,25.6,52,,14.4,1009.2
2008-06-03,23.2,16.1,30.0,44,,15.8,1012.5
2008-06-04,15.9,11.7,21.1,78,,12.6,1012.4
2008-06-05,13.4,11.1,15.0,92,,16.9,1017.2
2008-06-06,13.4,11.1,16.1,88,,9.4,1022.0
2008-06-07,21.6,13.9,33.3,74,,12.2,1015.3
2008-06-08,29.4,25.0,33.9,56,,17.3,1009.4
2008-06-09,25.6,18.9,35.0,70,,12.2,1008.7
2008-06-10,24.5,17.2,35.0,70,,11.5,1010.4
2008-06-11,25.9,18.9,30.6,50,,17.6,1013.9
2008-06-12,23.7,19.4,27.2,37,,16.9,1021.1
2008-06-13,21.1,15.6,25.6,37,,11.9,1022.9
2008-06-14,20.3,17.2,23.9,64,,13.7,1015.5
2008-06-15,15.7,13.9,17.8,81,,13.3,1011.8
2008-06-16,17.1,15.6,19.4,83,,15.5,1009.7
2008-06-17,20.3,15.0,26.7,66,,14.8,1005.1
2008-06-18,18.8,14.4,23.3,55,,16.2,1006.6
2008-06-19,19.2,15.0,23.9,67,,14.8,1010.7
2008-06-20,20.6,16.1,26.7,61,,12.6,1014.6
2008-06-21,22.6,17.2,28.3,59,,13.7,1016.2
2008-06-22,22.5,17.2,28.9,70,,17.3,1015.8
2008-06-23,20.6,18.3,22.8,85,,10.8,1014.7
2008-06-24,20.5,15.0,25.6,77,,12.6,1013.8
2008-06-25,22.6,17.2,28.3,56,,17.3,1018.1
2008-06-26,22.6,18.3,27.8,66,,13.7,1011.9
2008-06-27,22.9,18.9,29.4,75,,8.3,1009.3
2008-06-28,18.6,13.9,20.6,86,,12.2,1011.9
2008-06-29,19.0,16.1,23.9,88,,10.8,1009.9
2008-06-30,25.9,22.8,31.1,69,,17.3,1006.0
2008-07-01,24.3,20.0,31.1,70,,13.0,1010.5
2008-07-02,22.1,18.9,26.7,76,,12.2,1013.8
2008-07-03,24.4,18.3,31.1,61,,23.0,1013.0
2008-07-04,19.0,16.7,22.2,80,,10.1,1017.0
2008-07-05,18.3,16.1,20.6,86,,7.6,1017.7
2008-07-06,21.1,16.1,26.1,82,,10.4,1018.2
2008-07-07,24.9,20.6,30.6,74,,14.8,1016.9
2008-07-08,26.9,22.8,32.2,69,,19.4,1012.9
2008-07-09,26.8,22.8,32.2,70,,22.3,1007.9
2008-07-10,25.4,21.7,28.9,55,,20.5,1010.2
2008-07-11,22.1,18.9,25.0,60,,11.5,1017.8
2008-07-12,22.8,19.4,28.3,65,,14.8,1019.2
2008-07-13,24.1,20.0,28.9,68,,23.0,1013.1
2008-07-14,24.7,20.6,28.9,65,,12.2,1009.2
2008-07-15,25.7,18.9,31.1,51,,10.8,1016.5
2008-07-16,23.9,20.6,27.8,57,,12.2,1020.2
2008-07-17,24.6,20.6,29.4,61,,10.8,1018.6
2008-07-18,26.4,18.9,33.3,61,,11.5,1015.5
2008-07-19,26.8,20.0,35.0,62,,14.8,1013.3
2008-07-20,24.4,21.1,27.8,77,,11.2,1012.2
2008-07-21,23.4,20.0,28.9,82,,13.3,1009.4
2008-07-22,20.5,18.9,22.8,81,,13.0,1013.7
2008-07-23,20.1,18.9,21.7,88,,14.4,1017.0
2008-07-24,22.9,20.0,28.3,86,,19.8,1016.5
2008-07-25,22.3,19.4,25.0,78,,12.6,1018.2
2008-07-26,24.0,19.4,29.4,64,,13.3,1014.6
2008-07-27,22.1,18.3,26.7,72,,18.0,1010.3
2008-07-28,23.4,17.8,29.4,67,,15.8,1009.7
2008-07-29,25.8,22.2,30.0,55,,15.8,1009.9
2008-07-30,23.2,20.0,26.7,62,,11.2,1009.2
2008-07-31,24.0,18.9,29.4,74,,10.8,1003.2
2008-08-01,22.4,20.0,26.7,78,,10.4,1004.3
2008-08-02,21.0,18.9,23.9,85,,7.9,1006.6
2008-08-03,21.3,17.2,26.7,80,,11.9,1007.1
2008-08-04,23.5,18.9,28.3,61,,17.6,1010.1
2008-08-05,20.5,18.9,21.7,73,,14.8,1014.9
2008-08-06,18.1,17.2,18.9,86,,16.9,1011.2
2008-08-07,18.8,17.2,21.7,88,,13.0,1008.1
2008-08-08,19.4,17.2,23.3,88,,9.4,1004.5
2008-08-09,20.3,17.2,25.0,77,,9.4,1008.6
2008-08-10,20.3,17.2,24.4,79,,8.6,1012.2
2008-08-11,18.7,17.8,20.0,87,,17.6,1009.6
2008-08-12,18.8,16.1,23.9,78,,14.0,1005.4
2008-08-13,21.1,17.2,26.7,68,,9.7,1009.0
2008-08-14,20.7,17.8,23.9,77,,7.6,1008.9
2008-08-15,20.3,18.3,23.9,79,,9.4,1014.6
2008-08-16,20.5,17.8,27.2,75,,9.0,1012.8
2008-08-17,23.2,18.9,27.8,58,,18.4,1011.5
2008-08-18,25.3,20.6,30.6,58,,16.9,1012.3
2008-08-19,22.2,15.6,26.1,60,,20.5,1011.9
2008-08-20,18.5,13.3,23.9,50,,18.0,1020.1
2008-08-21,20.3,15.0,25.6,57,,11.9,1023.9
2008-08-22,21.5,16.7,26.1,65,,13.7,1027.1
2008-08-23,21.1,16.7,25.6,68,,14.0,1025.7
2008-08-24,20.4,16.1,24.4,75,,14.0,1017.7
2008-08-25,23.2,16.7,28.9,67,,16.9,1010.1
2008-08-26,19.2,15.0,23.9,50,,16.9,1015.2
2008-08-27,19.3,14.4,22.8,52,,11.9,1018.7
2008-08-28,20.0,17.2,23.3,62,,12.2,1018.3
2008-08-29,20.2,16.7,23.9,68,,11.9,1016.2
2008-08-30,22.4,19.4,26.1,73,,15.5,1015.3
2008-08-31,23.5,19.4,27.8,50,,22.3,1017.2
2008-09-01,23.1,17.8,28.9,41,,19.1,1018.2
2008-09-02,20.7,17.8,24.4,59,,15.1,1016.8
2008-09-03,19.5,16.1,23.9,69,,13.7,1013.7
2008-09-04,24.6,18.3,31.1,61,,13.0,1013.7
2008-09-05,25.0,20.6,31.7,67,,15.8,1018.1
2008-09-06,23.2,20.6,28.3,88,,12.2,1013.2
2008-09-07,23.3,19.4,26.7,68,,20.2,1007.6
2008-09-08,21.6,17.2,26.1,55,,14.4,1018.8
2008-09-09,20.2,17.8,25.0,76,,18.7,1015.6
2008-09-10,17.9,13.9,21.1,55,,15.5,1022.1
2008-09-11,15.9,11.7,20.0,65,,13.3,1028.0
2008-09-12,16.8,13.9,20.0,76,,18.4,1020.9
2008-09-13,19.6,17.8,22.8,84,,10.4,1013.4
2008-09-14,20.9,18.9,22.8,89,,17.3,1009.2
2008-09-15,24.4,17.8,27.8,62,,27.0,1004.5
2008-09-16,16.4,14.4,18.3,71,,9.7,1019.6
2008-09-17,16.6,13.3,19.4,75,,11.5,1020.0
2008-09-18,15.9,11.7,20.0,66,,16.9,1021.9
2008-09-19,12.2,8.9,14.4,62,,14.8,1032.0
2008-09-20,13.0,8.9,16.7,69,,9.0,1026.6
2008-09-21,16.4,11.1,23.9,71,,9.7,1022.5
2008-09-22,14.8,11.1,16.1,75,,14.8,1029.3
2008-09-23,13.1,10.0,16.7,72,,12.2,1032.0
2008-09-24,13.5,10.0,17.2,69,,7.9,1031.4
2008-09-25,14.5,10.6,18.3,74,,11.5,1032.7
2008-09-26,16.3,15.6,17.2,92,,24.5,1027.2
2008-09-27,17.6,16.1,20.0,95,,7.9,1019.6
2008-09-28,18.5,16.7,21.7,92,,5.0,1011.9
2008-09-29,18.9,17.2,20.6,78,,10.1,1011.9
2008-09-30,16.3,15.0,17.8,82,,13.3,1012.5
2008-10-01,16.8,15.6,20.0,88,,10.4,1004.8
2008-10-02,15.3,9.4,17.8,68,,20.5,1000.5
2008-10-03,12.5,8.9,17.8,61,,22.7,1010.9
2008-10-04,12.6,7.8,17.2,53,,18.7,1020.2
2008-10-05,11.4,7.2,13.3,72,,5.8,1024.9
2008-10-06,11.1,7.2,15.6,59,,15.5,1025.3
2008-10-07,12.2,6.7,18.9,44,,16.2,1024.0
2008-10-08,14.2,7.8,21.7,45,,13.0,1019.3
2008-10-09,18.3,14.4,23.3,68,,21.2,1012.1
2008-10-10,17.9,13.9,21.7,47,,14.8,1019.7
2008-10-11,15.4,10.6,21.1,54,,8.3,1028.5
2008-10-12,14.3,10.0,18.3,59,,8.3,1031.6
2008-10-13,13.9,11.1,16.7,70,,11.2,1026.8
2008-10-14,15.1,11.7,19.4,69,,14.8,1022.6
2008-10-15,14.4,11.7,17.2,77,,12.6,1018.3
2008-10-16,16.4,12.8,21.1,78,,16.9,1013.0
2008-10-17,12.0,7.8,15.6,57,,15.1,1017.1
2008-10-18,7.9,5.0,11.7,59,,17.3,1023.1
2008-10-19,6.7,4.4,10.0,61,,22.7,1027.5
2008-10-20,8.0,2.8,13.3,50,,13.0,1021.3
2008-10-21,11.1,6.7,15.0,55,,8.6,1012.0
2008-10-22,7.2,5.0,8.9,74,,23.4,1020.2
2008-10-23,5.2,1.7,8.9,52,,12.6,1035.7
2008-10-24,9.0,1.7,17.2,45,,10.8,1031.2
2008-10-25,12.7,7.2,18.9,73,,19.1,1022.2
2008-10-26,15.7,8.9,18.9,70,,18.0,1008.6
2008-10-27,11.5,7.8,16.1,74,,10.8,1012.3
2008-10-28,9.9,4.4,12.2,79,,23.8,996.3
2008-10-29,5.5,2.2,7.8,54,,29.5,1001.9
2008-10-30,4.4,1.1,7.8,52,,18.0,1022.5
2008-10-31,8.9,0.6,17.2,45,,14.8,1025.5
2008-11-01,10.7,4.4,16.1,55,,11.2,1022.0
2008-11-02,4.0,1.1,6.7,48,,14.0,1033.1
2008-11-03,6.3,0.0,11.1,71,,9.4,1032.8
2008-11-04,12.1,7.2,18.9,75,,10.1,1027.7
2008-11-05,12.5,9.4,15.0,82,,8.3,1023.6
2008-11-06,13.1,12.2,14.4,90,,24.1,1016.8
2008-11-07,13.1,12.2,15.0,92,,6.5,1011.8
2008-11-08,13.9,11.7,16.7,90,,9.7,1006.1
2008-11-09,12.7,8.9,15.0,62,,16.9,1004.7
2008-11-10,8.4,4.4,11.7,52,,18.4,1013.0
2008-11-11,6.2,2.8,10.0,49,,18.7,1021.7
2008-11-12,6.5,3.9,8.9,48,,7.9,1027.9
2008-11-13,6.8,3.3,10.0,69,,7.2,1024.7
2008-11-14,12.4,9.4,15.0,93,,6.8,1014.6
2008-11-15,16.5,12.8,21.1,90,,22.0,1004.8
2008-11-16,11.8,5.6,18.9,63,,30.2,997.2
2008-11-17,5.4,2.2,8.9,48,,17.6,1013.4
2008-11-18,1.3,-2.8,4.4,52,,18.4,1016.1
2008-11-19,-2.3,-5.0,0.6,44,,23.0,1014.8
2008-11-20,-2.1,-5.6,1.7,44,,19.1,1009.2
2008-11-21,-1.6,-5.0,1.7,44,,19.1,1015.6
2008-11-22,-4.3,-5.6,-1.7,45,,27.7,1020.2
2008-11-23,-2.4,-5.6,0.6,39,,23.0,1025.5
2008-11-24,2.0,-2.2,6.7,53,,16.2,1026.5
2008-11-25,8.2,3.9,10.6,91,,27.4,1009.0
2008-11-26,3.7,0.6,7.2,71,,13.7,1011.7
2008-11-27,4.0,1.1,7.2,63,,12.6,1014.2
2008-11-28,3.9,0.0,7.8,70,,12.6,1008.9
2008-11-29,4.2,1.1,7.2,55,,16.2,1011.4
2008-11-30,2.6,-1.7,7.2,76,,14.8,1012.2
2008-12-01,9.5,6.7,15.6,78,,18.7,1000.2
2008-12-02,6.5,3.3,8.9,49,,22.0,1014.7
2008-12-03,3.8,1.1,7.8,53,,13.3,1022.0
2008-12-04,7.3,1.7,12.8,61,,24.1,1016.9
2008-12-05,2.8,-0.6,5.6,45,,18.0,1020.3
2008-12-06,0.5,-2.8,2.8,54,,8.6,1019.3
2008-12-07,0.5,-3.9,2.8,69,,17.6,1004.2
2008-12-08,-6.9,-10.0,-3.9,32,,22.3,1024.2
2008-12-09,1.9,-8.3,13.3,60,,16.9,1028.1
2008-12-10,13.6,4.4,17.2,82,,32.0,1013.7
2008-12-11,3.1,2.2,4.4,90,,23.0,1017.0
2008-12-12,3.4,0.0,8.9,85,,24.5,1001.3
2008-12-13,-2.6,-5.0,0.0,52,,20.2,1022.7
2008-12-14,0.4,-5.6,6.1,64,,16.9,1032.3
2008-12-15,13.0,6.1,17.2,72,,32.0,1024.3
2008-12-16,4.7,-1.7,16.1,54,,18.7,1028.8
2008-12-17,0.7,-2.2,5.6,87,,17.3,1020.5
2008-12-18,2.0,0.0,4.4,69,,13.7,1024.1
2008-12-19,-1.4,-9.4,1.1,74,,27.7,1020.7
2008-12-20,-8.4,-10.6,-6.7,81,,26.6,1019.9
2008-12-21,-2.2,-7.2,2.2,85,,35.6,1005.8
2008-12-22,-6.0,-8.3,-2.8,53,,33.1,1007.3
2008-12-23,-5.8,-9.4,-2.2,52,,16.9,1033.5
2008-12-24,3.5,-2.8,11.1,82,,24.1,1022.0
2008-12-25,6.1,-0.6,12.8,54,,28.8,1017.0
2008-12-26,-0.2,-3.9,2.2,57,,11.2,1034.7
2008-12-27,5.6,2.2,9.4,87,,14.8,1025.0
2008-12-28,13.0,6.7,16.7,78,,29.2,1010.7
2008-12-29,4.3,0.6,6.7,56,,22.0,1010.1
2008-12-30,2.0,-2.2,4.4,49,,27.4,1004.6
2008-12-31,-5.7,-12.8,-2.2,64,,24.8,1004.9
2009-01-01,-10.9,-14.4,-7.2,45,,31.0,1016.2
2009-01-02,-4.5,-10.0,1.1,59,,17.6,1012.0
2009-01-03,-1.0,-4.4,1.1,54,,25.9,1007.9
2009-01-04,-1.7,-5.6,3.3,49,,17.6,1013.5
2009-01-05,1.5,-2.8,3.9,63,,18.4,1011.5
2009-01-06,-0.7,-3.3,1.7,50,,13.0,1015.7
2009-01-07,0.8,-2.2,3.9,92,,21.6,997.7
2009-01-08,1.3,-3.9,4.4,67,,30.2,991.1
2009-01-09,-4.4,-6.1,-2.2,54,,25.9,1009.7
2009-01-10,-5.5,-8.3,-3.3,54,,14.4,1022.5
2009-01-11,-3.2,-5.6,0.6,81,,18.0,1012.0
2009-01-12,-3.7,-7.2,-1.7,64,,13.3,1019.3
2009-01-13,-2.3,-7.2,2.2,75,,10.8,1018.6
2009-01-14,-5.3,-10.0,2.8,46,,24.5,1013.0
2009-01-15,-10.2,-12.2,-8.3,42,,13.7,1023.5
2009-01-16,-10.8,-14.4,-7.8,45,,17.3,1029.4
2009-01-17,-10.0,-13.3,-7.2,46,,16.2,1031.4
2009-01-18,-3.5,-7.2,0.0,85,,11.9,1017.3
2009-01-19,-2.5,-5.6,0.6,83,,11.2,1003.8
2009-01-20,-2.5,-6.1,0.0,70,,15.1,1003.6
2009-01-21,-6.2,-9.4,-3.9,54,,19.1,1008.9
2009-01-22,-3.3,-8.3,0.6,58,,21.6,1011.4
2009-01-23,0.2,-3.9,3.9,70,,13.0,1013.8
2009-01-24,-0.3,-9.4,4.4,49,,28.1,1011.2
2009-01-25,-8.2,-13.3,-4.4,45,,19.8,1024.5
2009-01-26,-6.7,-9.4,-4.4,49,,11.2,1028.6
2009-01-27,-4.7,-6.7,-2.2,45,,11.5,1030.0
2009-01-28,-1.0,-5.0,2.8,82,,16.9,1015.0
2009-01-29,-0.6,-3.3,2.2,62,,23.0,1008.2
2009-01-30,-2.1,-7.2,2.2,66,,13.7,1011.4
2009-01-31,-3.9,-7.2,-2.2,53,,26.3,1010.2
2009-02-01,-0.4,-7.2,7.2,56,,12.6,1012.8
2009-02-02,3.3,-1.1,8.9,65,,9.0,1014.0
2009-02-03,-1.4,-4.4,1.7,77,,22.3,1009.1
2009-02-04,-6.1,-10.6,-3.3,56,,19.4,1013.2
2009-02-05,-10.3,-13.3,-6.7,46,,24.5,1021.4
2009-02-06,-7.0,-11.7,-2.8,46,,15.5,1027.4
2009-02-07,-0.6,-8.9,5.6,59,,20.2,1023.4
2009-02-08,6.4,1.7,10.6,54,,27.4,1010.9
2009-02-09,-0.1,-3.9,3.9,44,,14.8,1025.6
2009-02-10,0.1,-3.9,2.8,59,,7.6,1025.5
2009-02-11,6.6,0.6,14.4,76,,7.6,1011.0
2009-02-12,7.8,3.9,11.7,72,,29.5,989.1
2009-02-13,1.2,-1.7,5.6,45,,28.4,1005.1
2009-02-14,0.4,-3.9,5.6,38,,24.8,1008.6
2009-02-15,0.8,-2.8,5.0,45,,19.8,1013.8
2009-02-16,-1.0,-3.9,1.7,62,,14.0,1019.7
2009-02-17,-1.4,-4.4,2.8,59,,11.9,1022.2
2009-02-18,0.3,-4.4,5.6,71,,17.6,1015.5
2009-02-19,4.4,-2.2,8.9,81,,15.5,993.8
2009-02-20,-2.8,-5.0,-1.1,52,,31.3,1000.7
2009-02-21,0.2,-2.8,3.9,46,,21.6,1017.8
2009-02-22,1.6,-1.7,5.6,82,,16.2,1014.6
2009-02-23,-1.1,-5.0,1.1,56,,36.0,1008.7
2009-02-24,-2.5,-6.7,2.8,45,,24.5,1020.5
2009-02-25,-2.1,-5.6,2.2,56,,11.5,1029.8
2009-02-26,2.7,-2.2,8.9,63,,15.1,1027.1
2009-02-27,8.5,1.1,15.6,77,,29.2,1018.4
2009-02-28,4.6,-1.1,11.1,60,,23.0,1019.2
2009-03-01,-3.2,-5.6,-1.1,75,,25.2,1021.2
2009-03-02,-5.0,-7.2,-3.9,81,,26.6,1012.0
2009-03-03,-6.6,-9.4,-3.3,48,,22.3,1018.3
2009-03-04,-5.1,-10.0,0.0,38,,20.9,1025.1
2009-03-05,-1.0,-6.1,3.9,49,,15.5,1028.9
2009-03-06,5.6,0.6,10.0,64,,24.8,1017.9
2009-03-07,10.6,6.1,16.1,53,,15.5,1014.8
2009-03-08,11.2,5.0,15.0,58,,20.5,1010.2
2009-03-09,1.8,0.0,5.0,87,,23.0,1016.7
2009-03-10,2.3,-0.6,5.0,78,,11.9,1027.6
2009-03-11,6.8,2.2,11.7,84,,22.3,1017.0
2009-03-12,2.2,-1.7,5.6,35,,22.3,1025.5
2009-03-13,-2.1,-5.0,0.6,46,,16.2,1032.6
2009-03-14,3.7,-2.2,11.1,52,,14.8,1024.6
2009-03-15,5.9,1.1,11.1,55,,11.2,1021.8
2009-03-16,2.4,0.0,3.9,74,,15.8,1028.3
2009-03-17,2.4,-1.1,5.6,70,,12.2,1026.6
2009-03-18,8.1,1.1,16.1,53,,24.8,1019.8
2009-03-19,7.1,4.4,9.4,68,,14.8,1016.5
2009-03-20,1.6,-1.1,4.4,52,,18.0,1025.4
2009-03-21,1.0,-2.8,3.9,52,,16.6,1031.8
2009-03-22,4.1,-0.6,11.1,44,,20.9,1024.1
2009-03-23,-1.6,-5.0,1.1,31,,25.9,1024.7
2009-03-24,1.3,-5.0,7.8,41,,25.6,1027.1
2009-03-25,3.9,0.6,7.8,40,,14.8,1027.6
2009-03-26,4.8,-0.6,11.7,59,,14.8,1019.3
2009-03-27,5.4,3.3,9.4,86,,13.7,1014.0
2009-03-28,5.3,3.9,8.3,90,,14.4,1017.3
2009-03-29,5.8,3.9,7.2,87,,19.4,
2009-03-30,6.6,5.0,7.8,84,,20.9,998.5
2009-03-31,5.5,2.8,9.4,68,,16.9,1019.0
2009-04-01,4.5,2.8,7.2,76,,14.4,1024.0
2009-04-02,7.0,4.4,10.6,93,,8.6,1018.0
2009-04-03,8.0,5.0,13.3,98,,13.7,1001.9
2009-04-04,9.3,5.0,11.7,67,,30.6,991.8
2009-04-05,9.2,5.0,15.0,52,,24.1,1002.1
2009-04-06,6.6,3.9,10.6,83,,17.6,1000.7
2009-04-07,7.2,2.8,11.7,75,,20.5,990.6
2009-04-08,4.8,1.7,8.3,50,,21.2,1001.5
2009-04-09,9.6,2.8,16.1,43,,19.8,1008.8
2009-04-10,11.7,4.4,18.9,45,,14.4,1015.8
2009-04-11,5.0,3.3,7.8,90,,23.0,1012.7
2009-04-12,3.5,1.1,6.7,44,,29.5,1014.3
2009-04-13,6.3,1.1,12.2,34,,24.1,1015.6
2009-04-14,7.8,3.9,11.1,45,,14.8,1017.8
2009-04-15,6.2,3.3,10.0,65,,17.6,1019.6
2009-04-16,6.0,1.7,9.4,54,,18.4,1025.3
2009-04-17,13.2,5.0,21.1,34,,19.1,1019.8
2009-04-18,12.3,7.8,18.3,47,,13.7,1013.5
2009-04-19,8.0,5.0,10.6,68,,17.3,1019.1
2009-04-20,6.5,3.3,8.9,80,,22.3,1024.5
2009-04-21,10.2,6.1,14.4,95,,15.8,1010.7
2009-04-22,12.3,8.3,16.7,82,,16.9,1004.2
2009-04-23,10.5,7.2,13.9,60,,28.4,1006.7
2009-04-24,12.7,7.8,21.1,50,,18.4,1021.3
2009-04-25,19.2,10.0,28.3,51,,17.3,1020.2
2009-04-26,21.9,11.1,30.6,54,,16.2,1021.4
2009-04-27,12.3,10.0,17.8,75,,13.3,1027.6
2009-04-28,24.1,15.0,33.9,45,,24.8,1018.2
2009-04-29,12.1,8.9,15.0,38,,19.4,1030.1
2009-04-30,13.1,7.8,21.1,41,,17.6,1028.8
2009-05-01,16.9,12.8,20.0,78,,27.7,1012.1
2009-05-02,17.4,14.4,21.1,52,,15.8,1009.4
2009-05-03,13.6,10.0,16.7,52,,12.2,1015.7
2009-05-04,13.8,11.1,17.8,74,,10.4,1018.1
2009-05-05,10.1,8.3,12.2,92,,22.3,1021.4
2009-05-06,10.7,7.2,16.1,85,,12.6,1018.2
2009-05-07,14.1,8.9,21.7,89,,14.4,1009.5
2009-05-08,18.5,13.3,24.4,64,,15.8,1008.1
2009-05-09,17.7,13.3,22.2,78,,13.7,1003.7
2009-05-10,16.4,11.1,20.0,50,,30.2,1004.2
2009-05-11,11.6,8.3,15.0,60,,17.6,1015.9
2009-05-12,11.8,8.3,15.0,70,,9.4,1020.5
2009-05-13,14.5,9.4,20.6,58,,16.6,1028.6
2009-05-14,13.8,9.4,17.8,75,,25.2,1027.3
2009-05-15,17.0,13.9,21.1,78,,15.1,1023.5
2009-05-16,14.5,11.1,18.9,84,,16.2,1019.9
2009-05-17,15.8,11.7,18.3,67,,20.5,1013.3
2009-05-18,9.8,7.8,11.7,59,,12.6,1023.2
2009-05-19,12.7,7.8,18.3,52,,17.3,1027.6
2009-05-20,18.9,11.1,26.7,43,,15.8,1025.8
2009-05-21,24.4,15.0,33.3,29,,23.8,1021.0
2009-05-22,24.1,15.0,31.7,35,,16.6,1017.4
2009-05-23,14.4,10.6,20.6,64,,13.7,1023.0
2009-05-24,17.2,10.6,27.2,81,,9.7,1015.4
2009-05-25,19.9,12.8,25.6,52,,16.2,1015.1
2009-05-26,11.4,9.4,12.8,51,,18.0,1025.6
2009-05-27,9.9,7.8,11.1,82,,13.3,1019.6
2009-05-28,9.8,8.9,10.6,90,,16.6,1015.2
2009-05-29,11.9,10.0,15.0,94,,7.9,1008.2
2009-05-30,19.5,12.8,25.6,62,,12.6,1004.1
2009-05-31,18.7,10.6,26.7,47,,20.9,1006.7
2009-06-01,15.1,8.9,21.7,39,,20.2,1016.1
2009-06-02,19.3,13.3,26.1,58,,14.8,1013.3
2009-06-03,17.6,14.4,21.7,53,,14.4,1015.1
2009-06-04,17.2,14.4,21.7,65,,14.4,1014.7
2009-06-05,14.7,12.2,17.8,84,,13.3,1015.4
2009-06-06,15.0,12.2,20.0,82,,15.8,1012.6
2009-06-07,20.9,15.6,28.3,52,,13.0,1014.2
2009-06-08,17.6,16.1,19.4,52,,13.3,1015.8
2009-06-09,14.1,11.7,16.7,79,,15.5,1016.2
2009-06-10,13.4,12.2,15.6,89,,10.8,1015.5
2009-06-11,13.2,12.8,14.4,86,,11.9,1015.4
2009-06-12,17.0,12.2,23.3,88,,7.9,1007.7
2009-06-13,18.6,16.1,20.6,75,,13.3,1012.9
2009-06-14,15.7,13.9,17.2,83,,11.9,1015.7
2009-06-15,14.4,13.3,16.7,85,,12.2,1019.1
2009-06-16,14.1,12.2,16.7,78,,11.5,1023.9
2009-06-17,17.5,11.7,23.9,57,,13.7,1023.6
2009-06-18,16.2,13.3,20.0,80,,13.7,1018.2
2009-06-19,18.5,16.7,22.2,93,,9.4,1008.4
2009-06-20,18.5,16.1,23.9,86,,14.8,1004.1
2009-06-21,16.7,15.6,17.8,91,,28.1,1001.3
2009-06-22,16.8,16.1,17.8,91,,30.2,1002.7
2009-06-23,17.7,14.4,19.4,87,,20.5,1005.8
2009-06-24,15.3,13.3,17.8,94,,15.5,1008.4
2009-06-25,19.1,15.6,23.3,86,,7.9,1008.5
2009-06-26,23.2,18.9,28.9,74,,15.8,1004.7
2009-06-27,18.9,15.0,25.0,84,,14.0,1005.6
2009-06-28,16.9,15.0,20.0,90,,15.5,1004.4
2009-06-29,19.3,16.1,23.9,88,,9.7,997.7
2009-06-30,16.3,15.0,18.3,93,,12.6,1004.0
2009-07-01,15.6,14.4,17.2,96,,13.3,1009.7
2009-07-02,15.8,14.4,18.3,96,,14.0,1010.1
2009-07-03,18.8,15.0,23.9,84,,11.9,1008.9
2009-07-04,22.1,18.3,26.7,58,,23.8,1006.9
2009-07-05,21.8,16.1,27.2,48,,19.1,1008.2
2009-07-06,20.5,16.1,23.9,66,,11.5,1008.0
2009-07-07,17.5,16.1,18.9,88,,13.0,1008.8
2009-07-08,16.6,15.0,18.9,87,,16.9,1012.4
2009-07-09,16.3,14.4,18.3,74,,13.3,1022.7
2009-07-10,19.0,14.4,22.8,61,,9.0,1025.5
2009-07-11,20.3,15.0,26.1,56,,20.2,1020.3
2009-07-12,22.2,17.2,27.8,62,,19.4,1011.4
2009-07-13,21.3,16.7,25.6,45,,19.1,1010.8
2009-07-14,20.6,15.6,24.4,47,,15.5,1014.9
2009-07-15,22.4,16.7,27.8,47,,16.9,1016.7
2009-07-16,22.5,18.3,27.2,71,,16.6,1010.3
2009-07-17,23.8,20.0,29.4,69,,9.7,1009.0
2009-07-18,23.3,19.4,29.4,80,,11.9,1007.0
2009-07-19,24.3,20.6,28.3,49,,16.2,1015.8
2009-07-20,21.7,17.8,24.4,69,,9.4,1022.0
2009-07-21,18.5,17.2,19.4,90,,13.0,1022.4
2009-07-22,19.7,17.2,25.6,86,,7.9,1020.2
2009-07-23,18.7,16.7,22.2,90,,16.6,1019.1
2009-07-24,18.4,16.7,22.8,87,,25.2,1009.9
2009-07-25,23.0,17.2,29.4,69,,15.1,1013.1
2009-07-26,24.4,21.1,30.0,80,,18.4,1013.2
2009-07-27,25.6,22.2,30.6,74,,18.4,1012.7
2009-07-28,25.1,21.1,30.0,73,,14.4,1013.4
2009-07-29,24.8,21.7,28.3,81,,16.9,1011.6
2009-07-30,25.5,22.8,30.0,77,,14.4,1008.7
2009-07-31,23.1,19.4,27.2,76,,12.6,1011.4
2009-08-01,23.0,20.0,26.1,73,,13.0,1016.3
2009-08-02,22.1,18.9,25.6,83,,12.6,1014.5
2009-08-03,23.9,20.0,27.8,74,,11.2,1013.7
2009-08-04,24.0,20.0,28.3,71,,12.2,1014.0
2009-08-05,26.4,22.2,31.7,65,,19.4,1010.5
2009-08-06,22.2,18.9,25.0,60,,13.0,1013.0
2009-08-07,23.0,18.3,27.8,48,,18.4,1014.3
2009-08-08,19.7,16.7,23.3,53,,13.7,1021.9
2009-08-09,20.0,15.0,24.4,66,,14.4,1019.5
2009-08-10,26.2,20.6,31.7,68,,14.8,1010.2
2009-08-11,23.6,18.9,29.4,80,,12.2,1009.0
2009-08-12,19.6,18.9,21.1,92,,11.2,1016.1
2009-08-13,19.3,17.2,21.1,88,,15.1,1019.9
2009-08-14,21.0,15.6,26.7,79,,10.8,1021.0
2009-08-15,24.5,18.9,30.6,73,,11.2,1020.2
2009-08-16,25.9,21.7,30.6,71,,12.6,1020.2
2009-08-17,27.9,22.2,34.4,64,,14.4,1019.5
2009-08-18,28.5,22.2,35.0,59,,17.3,1015.7
2009-08-19,27.8,23.3,32.8,62,,13.7,1012.4
2009-08-20,24.0,21.7,26.7,77,,10.8,1014.4
2009-08-21,26.7,22.2,32.2,80,,18.4,1013.0
2009-08-22,25.7,22.2,30.6,82,,16.2,1011.8
2009-08-23,25.1,22.8,30.6,77,,14.8,1008.4
2009-08-24,22.5,20.0,25.6,86,,9.4,1015.2
2009-08-25,22.3,20.0,25.0,81,,13.3,1018.5
2009-08-26,25.2,20.6,30.0,64,,21.2,1012.9
2009-08-27,19.3,16.1,23.3,54,,12.2,1017.9
2009-08-28,18.5,15.0,21.1,67,,15.8,1021.7
2009-08-29,16.2,13.3,18.9,91,,20.5,1012.3
2009-08-30,17.2,13.3,22.2,86,,11.9,1011.5
2009-08-31,19.3,15.6,21.7,59,,15.5,1017.8
2009-09-01,17.0,12.8,20.6,60,,11.9,1024.2
2009-09-02,18.2,13.9,22.8,66,,11.2,1025.0
2009-09-03,19.2,14.4,23.9,69,,12.2,1020.8
2009-09-04,19.4,15.0,23.3,72,,6.1,1016.8
2009-09-05,21.2,17.8,24.4,64,,12.2,1019.4
2009-09-06,16.2,13.9,18.3,62,,15.8,1028.3
2009-09-07,16.1,12.2,19.4,72,,10.4,1025.2
2009-09-08,18.7,15.6,22.8,72,,5.8,1019.0
2009-09-09,18.3,13.9,21.1,66,,22.3,1022.1
2009-09-10,16.1,12.8,18.9,69,,20.9,1031.0
2009-09-11,16.2,13.3,17.8,83,,24.8,1026.4
2009-09-12,17.1,16.1,18.3,96,,20.9,1016.4
2009-09-13,20.3,16.1,26.7,76,,13.3,1010.4
2009-09-14,19.9,15.6,24.4,56,,14.8,1010.9
2009-09-15,19.7,16.1,25.0,64,,13.0,1012.3
2009-09-16,15.6,13.9,17.2,76,,24.5,1024.2
2009-09-17,14.1,11.7,16.1,68,,16.2,1024.2
2009-09-18,16.8,10.6,23.3,64,,22.7,1014.2
2009-09-19,14.8,10.0,19.4,46,,19.1,1020.9
2009-09-20,16.2,9.4,22.8,52,,11.9,1025.6
2009-09-21,16.2,10.6,21.1,69,,10.1,1025.6
2009-09-22,18.9,13.3,24.4,78,,17.3,1024.6
2009-09-23,22.2,18.3,27.2,73,,25.6,1018.8
2009-09-24,22.3,15.6,26.7,68,,14.0,1014.5
2009-09-25,15.2,10.6,18.9,57,,20.9,1021.9
2009-09-26,12.1,7.8,15.6,63,,15.8,1025.8
2009-09-27,15.6,11.7,19.4,90,,18.4,1008.3
2009-09-28,19.3,14.4,23.9,74,,21.6,998.6
2009-09-29,16.5,13.9,20.6,69,,23.8,999.5
2009-09-30,13.2,8.9,16.1,66,,17.3,1006.4
2009-10-01,10.3,7.2,13.9,61,,16.9,1013.8
2009-10-02,11.9,7.2,16.1,62,,12.2,1017.1
2009-10-03,14.8,12.2,17.2,90,,11.9,1014.9
2009-10-04,16.0,12.2,20.6,90,,4.7,1010.8
2009-10-05,15.4,12.2,19.4,65,,20.2,1009.5
2009-10-06,14.4,10.0,19.4,61,,16.9,1011.5
2009-10-07,15.1,12.2,20.6,72,,26.6,999.0
2009-10-08,14.1,10.0,17.2,54,,20.5,1011.7
2009-10-09,13.1,10.0,16.1,82,,9.0,1012.6
2009-10-10,15.2,8.3,18.3,73,,16.2,1008.4
2009-10-11,11.1,5.0,16.1,54,,18.7,1019.8
2009-10-12,8.8,5.6,12.2,47,,14.0,1026.4
2009-10-13,8.6,4.4,11.7,73,,16.6,1017.2
2009-10-14,6.5,3.3,11.1,59,,14.8,1021.2
2009-10-15,4.5,2.2,6.1,60,,16.9,1019.9
2009-10-16,5.4,2.2,7.2,71,,27.4,1015.1
2009-10-17,6.5,2.2,9.4,69,,24.5,1019.6
2009-10-18,5.9,1.1,9.4,83,,27.7,1018.7
2009-10-19,6.6,2.8,12.2,73,,14.4,1018.3
2009-10-20,11.0,2.8,18.3,56,,11.2,1018.5
2009-10-21,13.8,11.1,20.0,66,,10.8,1020.2
2009-10-22,13.2,9.4,19.4,78,,11.9,1013.4
2009-10-23,7.8,4.4,13.9,64,,20.2,1022.2
2009-10-24,13.0,7.8,20.6,89,,19.1,1011.9
2009-10-25,15.1,9.4,18.3,62,,19.1,1012.5
2009-10-26,10.1,7.2,13.9,62,,11.2,1025.4
2009-10-27,9.4,6.1,11.1,85,,11.2,1023.4
2009-10-28,10.0,8.3,10.6,94,,29.5,1016.7
2009-10-29,7.7,5.6,9.4,77,,14.0,1025.0
2009-10-30,9.6,7.8,12.8,73,,9.4,1025.3
2009-10-31,16.0,7.8,22.8,78,,27.4,1012.3
2009-11-01,12.5,7.2,15.6,61,,15.5,1017.8
2009-11-02,8.7,5.6,11.1,73,,21.2,1023.7
2009-11-03,9.4,4.4,14.4,64,,13.7,1016.3
2009-11-04,7.6,5.0,10.6,49,,13.3,1023.3
2009-11-05,6.6,3.3,8.3,68,,10.1,1019.8
2009-11-06,5.3,2.2,10.0,60,,21.6,1019.2
2009-11-07,5.4,1.7,10.0,58,,13.0,1023.4
2009-11-08,13.1,6.7,20.0,55,,13.0,1022.4
2009-11-09,13.1,4.4,20.6,59,,15.1,1026.4
2009-11-10,14.9,11.7,18.3,60,,11.2,1023.7
2009-11-11,9.4,6.7,11.7,59,,19.4,1029.0
2009-11-12,8.1,5.6,11.1,70,,23.4,1026.8
2009-11-13,9.9,7.8,11.1,79,,31.0,1022.3
2009-11-14,11.9,11.1,12.8,92,,22.0,1016.5
2009-11-15,13.8,12.2,17.8,92,,6.5,1011.6
2009-11-16,12.6,7.2,15.0,57,,19.8,1014.7
2009-11-17,6.6,4.4,9.4,57,,13.7,1025.4
2009-11-18,5.8,2.2,10.0,71,,9.0,1031.8
2009-11-19,8.1,2.2,12.2,79,,5.4,1027.5
2009-11-20,12.7,8.3,19.4,76,,19.1,1014.3
2009-11-21,10.5,6.7,14.4,62,,14.8,1016.2
2009-11-22,7.6,5.0,10.6,71,,18.0,1027.2
2009-11-23,8.5,7.2,9.4,78,,23.0,1031.2
2009-11-24,8.8,7.8,9.4,90,,21.2,1023.1
2009-11-25,8.7,7.8,10.0,95,,10.4,1017.5
2009-11-26,9.1,7.8,10.6,91,,8.3,1012.1
2009-11-27,7.2,5.6,8.3,88,,23.8,993.2
2009-11-28,8.2,5.6,11.7,57,,34.2,993.0
2009-11-29,7.9,4.4,12.2,61,,15.1,1008.8
2009-11-30,9.5,3.9,13.3,76,,18.0,1002.7
2009-12-01,3.3,0.6,6.1,56,,18.7,1012.0
2009-12-02,6.9,1.7,11.7,71,,12.6,1019.6
2009-12-03,15.6,10.0,20.6,67,,31.0,1000.0
2009-12-04,9.8,6.7,12.2,50,,11.5,1016.5
2009-12-05,4.8,0.6,7.2,74,,21.6,1016.5
2009-12-06,0.9,-0.6,2.8,72,,21.6,1018.2
2009-12-07,1.5,-2.2,3.9,65,,11.2,1023.9
2009-12-08,1.9,-0.6,5.0,61,,15.8,1023.8
2009-12-09,4.2,0.0,8.9,86,,29.5,1006.2
2009-12-10,4.1,-0.6,6.7,57,,25.9,996.6
2009-12-11,-2.9,-4.4,-0.6,38,,33.5,1012.2
2009-12-12,-2.7,-5.6,0.6,45,,23.0,1028.1
2009-12-13,2.0,-3.9,8.3,69,,12.2,1022.3
2009-12-14,4.0,2.8,6.1,79,,13.0,1015.9
2009-12-15,6.4,3.3,8.9,76,,13.3,1011.6
2009-12-16,-0.1,-2.8,4.4,46,,27.0,1017.6
2009-12-17,-7.2,-11.7,-2.2,40,,31.0,1020.4
2009-12-18,-7.4,-12.2,-2.2,33,,22.7,1020.9
2009-12-19,-4.6,-8.3,0.6,37,,17.6,1011.1
2009-12-20,-5.3,-7.2,-1.1,75,,32.4,1001.3
2009-12-21,-3.2,-6.7,0.0,46,,31.3,1004.9
2009-12-22,-3.9,-6.7,-0.6,39,,23.4,1013.0
2009-12-23,-6.8,-8.9,-3.9,51,,20.9,1017.9
2009-12-24,0.0,-6.7,4.4,66,,14.8,1025.3
2009-12-25,0.1,-2.8,2.8,82,,12.2,1031.0
2009-12-26,3.7,0.0,6.1,85,,24.8,1029.1
2009-12-27,7.6,2.2,12.2,84,,23.8,1011.2
2009-12-28,1.7,-1.1,5.6,73,,17.6,1001.7
2009-12-29,-5.8,-11.1,-0.6,47,,38.2,1006.8
2009-12-30,-6.6,-11.7,-1.7,38,,22.0,1026.5
2009-12-31,-1.9,-4.4,0.0,75,,9.4,1022.7
2010-01-01,-0.9,-3.3,1.7,84,,12.2,1011.0
2010-01-02,-2.7,-6.1,-1.1,84,,24.8,998.0
2010-01-03,-4.7,-8.3,-0.6,77,,33.5,988.4
2010-01-04,-0.9,-3.3,1.7,64,,25.2,998.7
2010-01-05,-1.4,-2.8,1.1,62,,16.2,1001.5
2010-01-06,-2.2,-4.4,1.1,60,,21.2,1001.4
2010-01-07,-0.0,-2.8,5.0,56,,21.2,1006.0
2010-01-08,-3.7,-6.1,-1.7,71,,13.3,1006.2
2010-01-09,-5.6,-10.6,-2.8,50,,23.8,1013.8
2010-01-10,-7.5,-11.7,-2.2,38,,18.4,1020.4
2010-01-11,-2.8,-8.3,2.2,56,,16.9,1016.8
2010-01-12,-2.7,-8.9,1.1,56,,21.6,1014.2
2010-01-13,-5.7,-10.0,-1.1,46,,20.9,1018.4
2010-01-14,-2.2,-6.1,0.6,64,,10.4,1023.2
2010-01-15,3.3,-0.6,7.8,65,,19.4,1017.6
2010-01-16,4.0,0.0,8.9,61,,16.9,1018.3
2010-01-17,2.7,-0.6,5.0,78,,14.8,1018.6
2010-01-18,0.1,-0.6,1.1,88,,30.2,1007.5
2010-01-19,0.4,-0.6,2.2,92,,6.5,1013.1
2010-01-20,1.0,-0.6,2.8,81,,14.8,1011.4
2010-01-21,1.0,-2.2,5.0,61,,15.5,1019.9
2010-01-22,-0.6,-3.9,2.8,69,,15.8,1016.8
2010-01-23,-2.0,-5.0,0.6,55,,10.4,1023.6
2010-01-24,0.7,-3.9,5.0,67,,9.0,1022.2
2010-01-25,9.2,2.8,13.9,90,,27.4,1003.0
2010-01-26,5.8,1.7,11.1,59,,21.6,999.9
2010-01-27,2.6,0.0,6.1,52,,18.0,1013.8
2010-01-28,-0.8,-6.7,2.8,66,,21.6,1014.3
2010-01-29,-8.8,-12.2,-6.1,33,,39.6,1016.2
2010-01-30,-9.8,-14.4,-5.6,40,,18.4,1019.9
2010-01-31,-6.0,-10.6,-1.7,38,,19.1,1015.9
2010-02-01,-2.2,-5.6,1.7,39,,24.5,1019.1
2010-02-02,-2.7,-4.4,-0.6,49,,11.9,1023.1
2010-02-03,-1.6,-3.9,0.6,70,,9.0,1017.2
2010-02-04,-2.0,-3.9,1.1,41,,20.5,1021.8
2010-02-05,-1.8,-5.6,1.7,41,,16.6,1021.7
2010-02-06,-5.6,-7.8,-3.9,51,,22.0,1011.3
2010-02-07,-4.8,-10.0,1.1,47,,26.6,1006.1
2010-02-08,-2.7,-5.6,0.6,48,,25.6,1007.9
2010-02-09,-0.4,-5.0,5.0,47,,16.9,1012.5
2010-02-10,0.1,-1.7,2.2,76,,24.5,996.7
2010-02-11,1.2,-1.7,4.4,53,,25.2,995.9
2010-02-12,-0.2,-3.9,3.9,36,,21.6,1004.8
2010-02-13,-1.0,-5.0,3.3,42,,19.4,997.6
2010-02-14,0.8,-2.8,5.0,48,,28.1,995.1
2010-02-15,1.8,-1.1,4.4,50,,21.2,1003.5
2010-02-16,0.3,-1.1,1.1,87,,19.4,997.6
2010-02-17,0.3,-2.2,2.8,68,,20.9,995.8
2010-02-18,3.1,0.6,7.8,61,,24.8,994.5
2010-02-19,2.7,-0.6,6.1,54,,28.1,1000.3
2010-02-20,4.4,1.1,10.0,55,,22.7,1008.2
2010-02-21,2.4,0.0,5.6,50,,22.7,1009.2
2010-02-22,2.5,-1.1,7.8,63,,16.2,1012.9
2010-02-23,2.9,0.6,4.4,82,,21.6,1015.0
2010-02-24,4.1,2.2,5.6,96,,27.4,1009.8
2010-02-25,4.9,2.8,7.2,99,,27.7,997.1
2010-02-26,3.1,1.1,6.7,85,,28.1,992.3
2010-02-27,1.4,-0.6,4.4,85,,12.2,999.3
2010-02-28,1.5,-1.7,3.3,77,,13.7,1002.4
2010-03-01,4.6,1.1,8.9,72,,31.7,999.0
2010-03-02,4.1,2.2,6.1,69,,13.7,1011.5
2010-03-03,2.1,1.1,3.3,81,,28.1,1005.1
2010-03-04,1.6,0.6,2.2,81,,21.6,1003.7
2010-03-05,2.2,-0.6,5.6,63,,19.8,1013.3
2010-03-06,6.4,-0.6,13.9,29,,16.2,1016.1
2010-03-07,8.5,2.8,13.9,33,,18.4,1011.9
2010-03-08,9.7,5.6,15.0,40,,19.8,1007.6
2010-03-09,7.6,2.8,11.7,35,,15.1,1012.0
2010-03-10,4.0,0.6,6.7,56,,11.5,1017.5
2010-03-11,4.4,1.7,7.2,82,,10.1,1021.6
2010-03-12,4.8,3.9,6.7,82,,19.4,1024.8
2010-03-13,4.3,3.9,5.0,84,,36.7,1020.6
2010-03-14,5.6,4.4,6.7,95,,47.5,1007.2
2010-03-15,4.8,3.3,6.7,88,,42.5,1006.4
2010-03-16,5.9,2.2,10.0,53,,18.7,1014.2
2010-03-17,10.4,1.7,18.3,40,,12.2,1012.9
2010-03-18,14.1,8.9,18.9,35,,18.4,1006.8
2010-03-19,11.5,6.1,16.1,52,,9.4,1009.1
2010-03-20,15.6,7.2,22.2,39,,12.2,1013.2
2010-03-21,8.1,5.0,12.2,70,,15.5,1021.3
2010-03-22,5.6,5.0,6.1,92,,13.3,1018.6
2010-03-23,6.4,5.6,7.8,94,,25.6,1002.2
2010-03-24,7.6,4.4,11.1,62,,27.4,1001.3
2010-03-25,11.1,3.9,18.3,42,,18.7,1011.3
2010-03-26,4.2,-1.1,11.7,61,,21.6,1010.4
2010-03-27,-1.1,-3.9,1.1,43,,19.4,1028.0
2010-03-28,3.4,-1.7,8.9,64,,17.3,1028.2
2010-03-29,10.2,7.2,12.2,90,,19.8,1012.6
2010-03-30,8.3,6.7,10.0,96,,33.1,1003.6
2010-03-31,7.4,6.1,8.3,91,,12.6,1006.9
2010-04-01,9.5,6.7,12.8,80,,12.2,1017.8
2010-04-02,9.5,5.0,12.8,84,,11.2,1022.0
2010-04-03,14.9,7.8,24.4,67,,17.3,1019.3
2010-04-04,17.2,10.0,25.0,50,,18.4,1017.0
2010-04-05,16.5,9.4,22.2,41,,16.2,1017.5
2010-04-06,14.1,8.3,19.4,63,,10.8,1012.0
2010-04-07,20.0,7.2,32.2,54,,14.0,1003.7
2010-04-08,11.4,7.8,15.6,82,,16.2,1008.8
2010-04-09,9.8,6.1,14.4,93,,13.7,1004.8
2010-04-10,9.3,5.0,14.4,42,,25.2,1014.8
2010-04-11,14.6,8.9,21.1,33,,19.8,1019.3
2010-04-12,11.9,6.7,16.1,41,,13.7,1025.2
2010-04-13,8.5,6.1,10.0,55,,15.1,1031.7
2010-04-14,12.3,4.4,18.9,40,,13.3,1029.6
2010-04-15,10.4,6.1,15.6,46,,19.8,1024.1
2010-04-16,5.4,2.8,6.7,79,,16.2,1018.7
2010-04-17,4.9,3.9,6.1,90,,16.6,1008.1
2010-04-18,7.1,4.4,10.6,77,,13.3,1009.0
2010-04-19,10.1,4.4,16.1,57,,19.8,1011.1
2010-04-20,14.4,8.9,20.6,45,,13.3,1011.4
2010-04-21,14.9,8.3,20.6,43,,14.8,1008.8
2010-04-22,13.1,8.9,20.0,73,,13.7,1005.2
2010-04-23,11.6,9.4,16.1,67,,16.2,1008.0
2010-04-24,12.7,8.9,17.2,41,,20.9,1015.2
2010-04-25,13.1,10.0,16.7,56,,17.3,1004.5
2010-04-26,9.8,8.3,11.7,84,,13.3,995.7
2010-04-27,8.4,3.9,10.0,83,,16.2,992.8
2010-04-28,5.3,1.7,8.3,69,,25.9,995.4
2010-04-29,11.0,6.7,16.7,32,,28.8,1003.0
2010-04-30,16.5,7.8,24.4,24,,20.9,1006.8
2010-05-01,17.8,13.3,21.7,32,,11.2,1009.8
2010-05-02,19.8,12.8,30.6,68,,11.5,1008.1
2010-05-03,23.6,19.4,28.3,64,,24.8,1002.8
2010-05-04,20.4,15.0,27.8,48,,21.6,1006.1
2010-05-05,18.9,13.9,25.6,43,,19.4,1011.2
2010-05-06,19.4,13.9,25.6,49,,25.9,1005.6
2010-05-07,16.5,11.1,22.8,37,,18.7,1011.0
2010-05-08,12.8,9.4,16.1,80,,13.0,1000.9
2010-05-09,9.1,5.6,12.8,48,,33.5,1006.1
2010-05-10,9.5,4.4,15.0,35,,23.4,1018.9
2010-05-11,8.9,4.4,12.2,46,,16.6,1027.6
2010-05-12,9.8,8.3,11.7,61,,11.2,1023.3
2010-05-13,13.5,7.2,20.0,46,,13.3,1023.3
2010-05-14,13.9,10.6,20.0,76,,12.2,1017.8
2010-05-15,17.8,13.3,21.7,55,,20.5,1013.0
2010-05-16,17.9,12.2,23.3,42,,18.0,1017.4
2010-05-17,16.3,11.7,22.8,38,,16.9,1020.2
2010-05-18,12.4,8.9,16.7,74,,13.0,1020.1
2010-05-19,11.2,8.9,13.9,96,,25.6,1010.1
2010-05-20,20.0,11.7,28.9,61,,12.6,1011.5
2010-05-21,16.8,12.2,20.6,61,,14.4,1020.7
2010-05-22,16.0,11.7,23.3,74,,13.0,1025.4
2010-05-23,14.2,12.2,17.8,92,,9.4,1026.0
2010-05-24,19.7,13.3,27.2,78,,12.6,1024.8
2010-05-25,23.2,17.2,29.4,69,,13.7,1019.8
2010-05-26,25.5,14.4,34.4,62,,18.0,1009.0
2010-05-27,16.3,13.3,21.1,78,,16.9,1011.1
2010-05-28,16.9,13.9,20.6,62,,15.5,1014.7
2010-05-29,19.5,13.9,26.1,73,,16.9,1011.9
2010-05-30,22.8,18.3,27.8,53,,18.4,1008.7
2010-05-31,19.0,15.6,23.3,48,,18.7,1015.9
2010-06-01,21.6,16.1,29.4,81,,18.4,1008.1
2010-06-02,18.2,15.6,22.8,87,,13.7,1009.9
2010-06-03,21.4,15.6,28.9,81,,16.9,1005.8
2010-06-04,18.9,15.0,24.4,85,,13.3,1008.9
2010-06-05,23.5,17.8,29.4,78,,18.0,1004.3
2010-06-06,21.9,14.4,27.8,76,,17.6,998.4
2010-06-07,18.4,13.3,23.3,50,,19.4,1005.9
2010-06-08,18.2,13.9,22.2,44,,19.4,1014.6
2010-06-09,16.4,12.8,21.7,57,,15.5,1018.8
2010-06-10,13.2,11.7,15.0,92,,12.6,1012.4
2010-06-11,15.6,12.8,18.9,79,,11.9,1020.0
2010-06-12,17.0,15.0,21.1,85,,10.8,1018.4
2010-06-13,16.1,14.4,18.9,91,,11.5,1013.3
2010-06-14,17.1,14.4,22.2,86,,9.4,1010.2
2010-06-15,18.2,15.0,21.1,65,,12.2,1016.7
2010-06-16,18.7,14.4,25.6,64,,12.2,1018.7
2010-06-17,19.6,16.1,23.3,79,,16.6,1008.4
2010-06-18,24.6,17.2,31.1,52,,14.0,1015.9
2010-06-19,23.9,18.9,28.9,51,,22.0,1016.8
2010-06-20,24.3,19.4,32.2,74,,15.5,1010.8
2010-06-21,24.6,20.0,29.4,63,,10.1,1013.8
2010-06-22,21.5,18.9,24.4,57,,10.4,1019.2
2010-06-23,25.1,18.9,30.6,67,,16.2,1012.0
2010-06-24,26.6,20.0,34.4,64,,20.2,1005.8
2010-06-25,23.0,20.0,26.1,56,,16.9,1013.2
2010-06-26,24.4,20.0,30.0,54,,15.5,1011.7
2010-06-27,22.0,18.3,24.4,69,,9.7,1007.6
2010-06-28,26.8,18.3,34.4,69,,18.4,1001.1
2010-06-29,27.4,21.7,32.8,55,,20.9,1006.3
2010-06-30,21.6,17.2,25.6,37,,19.4,1015.3
2010-07-01,19.8,16.1,24.4,44,,20.9,1017.9
2010-07-02,19.9,15.6,24.4,50,,17.3,1020.2
2010-07-03,24.1,16.1,30.6,48,,11.9,1017.8
2010-07-04,28.2,22.8,35.0,39,,17.3,1012.7
2010-07-05,27.5,25.0,31.7,44,,13.0,1012.9
2010-07-06,30.0,23.9,37.8,55,,12.2,1014.2
2010-07-07,25.3,22.8,28.3,78,,12.2,1016.5
2010-07-08,25.9,21.7,31.1,72,,17.6,1017.7
2010-07-09,27.2,22.8,32.8,68,,16.9,1015.0
2010-07-10,24.7,21.1,31.1,79,,13.3,1010.2
2010-07-11,23.7,20.6,28.3,80,,13.0,1010.2
2010-07-12,24.5,20.6,31.1,77,,13.7,1012.7
2010-07-13,25.8,22.2,30.0,77,,14.8,1014.8
2010-07-14,22.2,19.4,26.1,90,,11.2,1013.4
2010-07-15,21.0,18.3,23.9,88,,11.5,1017.4
2010-07-16,25.4,18.9,32.8,75,,18.0,1012.9
2010-07-17,28.3,23.3,33.9,58,,19.1,1009.1
2010-07-18,28.4,24.4,32.8,46,,19.4,1008.7
2010-07-19,26.1,20.0,30.6,59,,16.9,1009.9
2010-07-20,23.5,20.6,26.7,71,,11.5,1012.7
2010-07-21,24.8,20.0,31.1,74,,14.4,1012.2
2010-07-22,25.2,20.0,30.0,53,,21.6,1010.0
2010-07-23,22.7,18.3,27.8,69,,12.6,1014.5
2010-07-24,21.7,19.4,26.7,87,,7.6,1009.8
2010-07-25,27.1,21.1,32.2,63,,21.6,1006.4
2010-07-26,24.8,19.4,29.4,40,,22.0,1011.6
2010-07-27,26.9,20.0,33.3,38,,14.8,1015.4
2010-07-28,27.2,21.1,32.8,52,,22.3,1014.2
2010-07-29,27.0,21.1,32.2,61,,20.9,1008.8
2010-07-30,21.3,18.3,25.0,51,,12.2,1012.0
2010-07-31,19.3,16.1,22.2,65,,13.0,1015.0
2010-08-01,20.9,16.1,25.0,65,,16.2,1018.3
2010-08-02,21.7,18.3,26.7,62,,16.2,1020.1
2010-08-03,25.1,20.0,30.6,61,,25.6,1017.1
2010-08-04,27.5,23.3,33.3,66,,24.1,1010.3
2010-08-05,26.1,23.9,32.2,80,,16.2,1003.0
2010-08-06,26.1,18.9,30.6,54,,19.8,1003.4
2010-08-07,21.6,16.7,27.2,42,,11.5,1013.1
2010-08-08,23.7,17.2,30.6,67,,19.1,1016.4
2010-08-09,27.3,22.2,33.9,64,,19.8,1014.0
2010-08-10,24.6,18.3,28.9,70,,12.2,1011.6
2010-08-11,21.8,18.3,24.4,74,,11.2,1011.5
2010-08-12,20.0,17.2,23.9,81,,12.2,1014.2
2010-08-13,19.9,17.2,22.8,75,,11.2,1018.9
2010-08-14,20.6,15.6,25.0,62,,13.3,1020.7
2010-08-15,21.0,16.1,27.8,65,,14.0,1019.1
2010-08-16,23.0,17.8,26.7,81,,19.1,1014.8
2010-08-17,27.3,22.8,33.3,60,,14.4,1014.5
2010-08-18,24.0,20.0,27.2,51,,9.7,1017.0
2010-08-19,23.3,18.3,27.8,61,,13.7,1011.8
2010-08-20,24.2,19.4,30.0,53,,14.4,1012.1
2010-08-21,20.0,16.7,22.8,58,,11.2,1018.1
2010-08-22,19.3,18.3,21.1,85,,16.2,1017.6
2010-08-23,17.5,16.7,18.3,91,,31.0,1015.6
2010-08-24,16.7,16.1,17.2,93,,29.9,1017.1
2010-08-25,17.4,16.1,18.3,97,,24.1,1010.5
2010-08-26,22.8,17.8,28.3,66,,16.2,1010.8
2010-08-27,20.7,16.1,26.1,55,,14.0,1016.7
2010-08-28,21.6,16.1,27.8,50,,13.0,1020.0
2010-08-29,26.4,18.9,34.4,50,,13.7,1019.1
2010-08-30,27.8,21.7,33.3,43,,15.5,1019.3
2010-08-31,28.7,23.9,35.6,54,,11.9,1017.1
2010-09-01,29.2,25.0,34.4,53,,13.7,1015.3
2010-09-02,29.2,22.8,35.0,52,,19.1,1013.7
2010-09-03,24.0,21.1,27.8,78,,15.1,1007.6
2010-09-04,24.2,18.9,28.3,60,,25.9,998.2
2010-09-05,19.8,15.0,23.9,47,,20.9,1011.4
2010-09-06,20.2,14.4,25.0,48,,14.0,1021.0
2010-09-07,23.1,18.3,30.0,64,,21.2,1018.2
2010-09-08,23.1,17.8,28.9,66,,20.5,1007.0
2010-09-09,18.8,16.1,23.3,60,,20.2,1004.4
2010-09-10,18.3,16.1,21.1,56,,16.9,1007.9
2010-09-11,17.2,14.4,20.6,65,,14.0,1014.8
2010-09-12,15.8,13.3,18.3,72,,12.2,1019.6
2010-09-13,16.2,14.4,19.4,76,,10.8,1014.9
2010-09-14,18.3,13.3,23.9,66,,16.2,1011.1
2010-09-15,16.6,13.3,21.1,50,,18.4,1015.2
2010-09-16,16.3,11.7,21.7,61,,18.4,1017.1
2010-09-17,17.1,13.3,21.7,88,,13.0,1012.3
2010-09-18,15.7,12.8,18.3,80,,9.4,1022.4
2010-09-19,17.2,13.3,22.8,79,,9.0,1018.8
2010-09-20,18.1,13.3,22.2,51,,20.2,1014.4
2010-09-21,16.3,10.6,22.2,45,,18.7,1019.3
2010-09-22,22.9,16.7,30.6,64,,22.7,1014.3
2010-09-23,19.8,16.1,24.4,62,,14.0,1021.2
2010-09-24,21.3,15.6,28.9,74,,20.9,1016.3
2010-09-25,25.2,19.4,31.1,59,,19.8,1007.8
2010-09-26,17.3,14.4,20.6,71,,16.9,1018.7
2010-09-27,15.4,14.4,16.1,94,,16.2,1020.1
2010-09-28,20.7,15.6,25.6,91,,19.4,1010.5
2010-09-29,23.3,19.4,28.3,72,,18.0,1011.9
2010-09-30,22.7,17.8,27.2,82,,26.6,1012.2
2010-10-01,22.0,14.4,28.9,81,,30.2,1003.5
2010-10-02,15.4,10.6,19.4,59,,17.3,1011.3
2010-10-03,11.9,8.3,15.0,65,,22.0,1021.5
2010-10-04,12.7,11.1,15.0,81,,30.6,1021.9
2010-10-05,13.4,12.2,14.4,94,,25.2,1018.3
2010-10-06,13.7,11.1,15.0,95,,22.0,1011.9
2010-10-07,13.9,10.0,18.9,71,,23.0,1000.8
2010-10-08,16.7,11.1,22.8,50,,20.9,1007.3
2010-10-09,14.5,8.9,17.8,43,,21.2,1010.6
2010-10-10,12.6,7.8,18.9,43,,17.6,1009.5
2010-10-11,15.3,12.2,20.6,54,,13.0,1007.1
2010-10-12,12.9,9.4,16.7,75,,11.9,1008.8
2010-10-13,11.2,7.2,15.6,59,,12.6,1015.4
2010-10-14,12.0,7.8,15.6,77,,15.8,1014.1
2010-10-15,10.6,6.7,14.4,79,,36.7,990.8
2010-10-16,10.1,6.7,14.4,60,,31.7,1000.1
2010-10-17,12.4,7.8,18.9,55,,18.4,1007.6
2010-10-18,11.9,8.9,15.6,46,,19.8,1010.3
2010-10-19,10.1,6.1,15.0,49,,12.6,1012.5
2010-10-20,11.5,7.2,16.7,67,,10.4,1011.6
2010-10-21,10.5,7.2,15.6,74,,18.4,1002.9
2010-10-22,7.2,5.0,10.6,48,,24.5,1010.5
2010-10-23,8.9,4.4,15.0,48,,19.1,1017.5
2010-10-24,8.3,6.1,11.1,62,,5.4,1021.2
2010-10-25,11.8,10.0,18.3,88,,8.3,1015.0
2010-10-26,18.6,16.1,22.8,81,,15.5,1011.6
2010-10-27,19.8,17.8,22.2,90,,20.9,1011.5
2010-10-28,20.1,13.3,25.6,61,,20.5,1008.6
2010-10-29,11.5,6.7,14.4,56,,18.7,1010.8
2010-10-30,9.5,4.4,13.9,48,,23.0,1012.0
2010-10-31,10.0,2.8,14.4,46,,23.4,1007.9
2010-11-01,5.4,1.7,10.6,49,,20.9,1023.1
2010-11-02,6.2,2.8,9.4,52,,13.0,1028.1
2010-11-03,5.0,0.0,10.6,62,,10.4,1022.9
2010-11-04,8.9,3.9,11.1,90,,19.8,1008.0
2010-11-05,11.8,8.3,16.7,87,,13.0,997.9
2010-11-06,7.7,5.6,10.0,67,,15.5,1017.9
2010-11-07,5.1,2.8,7.2,64,,22.0,1019.3
2010-11-08,6.4,2.2,10.0,85,,32.8,998.2
2010-11-09,9.7,7.8,11.7,86,,22.3,1008.6
2010-11-10,7.5,5.6,8.9,72,,27.0,1018.2
2010-11-11,6.7,3.9,10.0,56,,21.6,1029.0
2010-11-12,8.1,3.9,13.3,41,,13.0,1029.6
2010-11-13,9.4,5.0,16.1,46,,7.2,1022.6
2010-11-14,8.4,5.0,11.1,76,,12.6,1020.7
2010-11-15,9.8,8.3,11.1,85,,7.6,1018.5
2010-11-16,10.1,9.4,11.7,90,,12.6,1017.8
2010-11-17,12.9,9.4,17.8,74,,32.0,1002.0
2010-11-18,9.3,5.0,12.2,46,,23.4,1012.3
2010-11-19,4.6,1.7,7.2,51,,13.7,1020.7
2010-11-20,6.4,1.1,12.2,52,,20.9,1017.9
2010-11-21,2.3,0.0,3.9,55,,14.8,1032.5
2010-11-22,8.3,2.8,13.3,75,,17.6,1026.1
2010-11-23,13.6,10.6,16.7,74,,15.1,1010.8
2010-11-24,6.6,1.1,10.6,29,,32.0,1013.8
2010-11-25,2.4,-0.6,5.0,26,,16.2,1018.6
2010-11-26,4.8,1.1,8.3,66,,15.8,1003.2
2010-11-27,3.3,0.0,6.1,51,,20.2,1004.8
2010-11-28,2.4,-2.2,7.2,44,,17.6,1023.6
2010-11-29,4.1,1.7,7.8,62,,10.1,1033.3
2010-11-30,5.8,1.1,9.4,78,,10.8,1031.9
2010-12-01,9.8,7.8,13.3,89,,24.8,1015.8
2010-12-02,4.8,2.2,10.6,60,,22.7,1013.6
2010-12-03,3.1,1.1,5.0,56,,18.7,1012.8
2010-12-04,2.5,0.0,6.1,54,,22.7,1004.3
2010-12-05,0.2,-1.7,2.2,54,,18.0,1000.4
2010-12-06,-1.1,-2.8,1.7,53,,30.2,993.0
2010-12-07,-0.2,-2.2,2.8,50,,24.8,995.1
2010-12-08,-1.6,-3.9,1.1,43,,27.0,1007.5
2010-12-09,-4.6,-7.2,-1.7,47,,21.2,1020.6
2010-12-10,-5.7,-10.0,-2.2,51,,11.5,1029.1
2010-12-11,2.6,-2.2,7.2,64,,7.9,1024.1
2010-12-12,6.9,-1.1,11.7,88,,26.3,1010.7
2010-12-13,8.8,2.8,13.9,90,,19.1,986.7
2010-12-14,-2.2,-6.1,2.8,62,,21.6,993.9
2010-12-15,-6.5,-7.8,-5.0,50,,25.2,1001.3
2010-12-16,-3.0,-6.7,1.1,55,,16.6,1007.5
2010-12-17,-1.6,-6.1,2.2,54,,11.9,1011.2
2010-12-18,-0.6,-4.4,3.3,68,,6.5,1018.2
2010-12-19,0.2,-3.9,2.8,61,,12.6,1016.0
2010-12-20,-2.0,-3.3,0.6,69,,23.8,1008.1
2010-12-21,0.5,-2.8,5.0,64,,31.0,1003.8
2010-12-22,1.2,0.0,3.9,72,,24.5,1004.1
2010-12-23,1.1,-0.6,4.4,71,,29.2,1003.9
2010-12-24,-0.1,-2.8,3.3,53,,22.0,1013.1
2010-12-25,-2.5,-5.0,-0.6,56,,9.4,1014.9
2010-12-26,-2.6,-5.0,0.0,82,,30.2,1008.2
2010-12-27,-3.7,-7.2,-1.1,76,,47.2,982.9
2010-12-28,-3.0,-7.8,1.7,42,,33.5,1000.8
2010-12-29,0.6,-1.7,3.3,59,,16.6,1012.4
2010-12-30,1.8,-1.7,6.1,58,,12.2,1020.0
2010-12-31,4.1,-2.2,10.0,63,,10.8,1018.9
2011-01-01,6.8,1.7,13.3,73,,9.7,1017.2
2011-01-02,7.5,3.3,10.6,86,,11.2,1011.7
2011-01-03,0.4,-1.7,3.3,44,,24.8,1014.7
2011-01-04,-0.1,-3.9,3.9,51,,16.6,1012.5
2011-01-05,0.6,-2.2,3.9,48,,18.7,1006.6
2011-01-06,-2.8,-5.6,0.0,48,,10.1,1005.4
2011-01-07,-1.8,-5.0,1.7,70,,15.1,999.7
2011-01-08,-1.1,-2.8,0.6,84,,18.0,996.0
2011-01-09,-0.9,-3.9,1.7,62,,27.0,1002.4
2011-01-10,-2.1,-5.0,1.7,52,,25.9,1016.2
2011-01-11,-3.3,-6.1,-0.6,66,,10.4,1021.5
2011-01-12,-0.7,-2.2,1.7,87,,38.2,997.5
2011-01-13,-2.5,-6.1,-0.6,60,,27.7,1013.9
2011-01-14,-5.9,-7.8,-3.9,62,,14.8,1023.4
2011-01-15,-5.4,-9.4,0.6,68,,15.5,1018.7
2011-01-16,-0.7,-6.1,1.7,52,,21.6,1014.3
2011-01-17,-8.0,-10.0,-6.1,49,,13.0,1026.8
2011-01-18,-1.1,-7.8,4.4,83,,17.6,1016.8
2011-01-19,2.2,0.0,3.9,93,,14.4,1003.2
2011-01-20,-1.4,-3.3,0.0,66,,13.7,1013.3
2011-01-21,-3.1,-5.6,-1.1,74,,22.7,1001.2
2011-01-22,-6.2,-8.3,-3.3,56,,13.7,1011.2
2011-01-23,-8.6,-15.0,-4.4,55,,19.8,1013.8
2011-01-24,-14.2,-18.9,-10.6,38,,19.4,1028.9
2011-01-25,-6.0,-11.1,0.0,75,,8.6,1022.4
2011-01-26,-3.8,-9.4,1.1,87,,15.1,1014.8
2011-01-27,-1.5,-4.4,1.7,68,,23.4,1003.5
2011-01-28,-2.2,-7.8,0.6,73,,8.3,1010.7
2011-01-29,-0.2,-3.3,2.8,72,,9.0,1012.0
2011-01-30,-1.1,-3.3,2.2,57,,13.7,1017.3
2011-01-31,-5.4,-8.9,-3.3,44,,13.3,1029.7
2011-02-01,-7.0,-8.9,-5.6,68,,15.5,1028.8
2011-02-02,-3.2,-6.7,2.2,88,,20.9,1013.4
2011-02-03,-5.1,-7.2,-2.2,70,,11.2,1021.5
2011-02-04,-3.5,-8.9,0.6,59,,19.8,1020.4
2011-02-05,-0.7,-5.6,4.4,76,,11.2,1009.9
2011-02-06,4.1,1.7,5.6,64,,24.5,1004.8
2011-02-07,2.1,-1.7,5.6,70,,9.7,1014.7
2011-02-08,-0.3,-8.3,3.9,78,,21.6,1002.1
2011-02-09,-5.7,-10.6,-0.6,46,,24.5,1017.3
2011-02-10,-3.8,-7.2,-2.2,41,,18.4,1014.6
2011-02-11,-5.3,-10.6,-1.7,44,,16.2,1019.5
2011-02-12,-1.0,-6.1,3.9,62,,20.5,1010.8
2011-02-13,-0.7,-5.0,2.8,57,,21.6,1013.8
2011-02-14,6.5,1.7,11.1,54,,25.6,997.9
2011-02-15,-3.9,-6.1,1.7,36,,32.8,1018.2
2011-02-16,-1.0,-7.2,5.0,39,,15.5,1024.6
2011-02-17,6.7,2.2,15.6,56,,9.7,1017.7
2011-02-18,9.0,2.8,15.6,66,,16.6,1005.3
2011-02-19,1.1,-8.3,9.4,39,,36.7,1001.5
2011-02-20,-3.4,-8.3,2.2,42,,27.7,1014.4
2011-02-21,-3.9,-10.0,-1.1,55,,19.4,1010.5
2011-02-22,-4.9,-10.6,3.3,40,,19.8,1016.4
2011-02-23,-1.0,-5.6,5.0,24,,16.6,1023.5
2011-02-24,1.2,-4.4,6.7,41,,14.0,1022.1
2011-02-25,2.0,-1.1,3.9,89,,19.4,1002.8
2011-02-26,0.0,-2.2,2.8,57,,18.4,1017.6
2011-02-27,-2.2,-5.6,0.0,84,,12.2,1017.7
2011-02-28,1.5,-3.9,7.8,86,,13.7,1008.8
2011-03-01,1.4,-1.7,4.4,44,,19.1,1019.3
2011-03-02,2.8,-5.0,8.9,47,,29.9,1017.3
2011-03-03,-6.0,-11.1,-1.7,31,,20.9,1034.7
2011-03-04,-2.7,-7.2,3.3,42,,13.0,1040.2
2011-03-05,6.3,-1.7,12.8,76,,19.8,1030.2
2011-03-06,12.0,7.8,16.1,76,,25.6,1016.9
2011-03-07,6.0,-1.7,13.9,75,,34.6,1008.0
2011-03-08,-0.1,-3.9,3.9,56,,13.0,1032.7
2011-03-09,1.3,-1.7,2.8,69,,22.3,1038.6
2011-03-10,3.6,2.2,4.4,84,,25.9,1029.9
2011-03-11,7.3,4.4,10.6,94,,18.4,1011.4
2011-03-12,7.1,2.8,11.1,62,,20.2,1007.7
2011-03-13,6.9,2.8,9.4,60,,18.0,1012.4
2011-03-14,3.0,0.0,5.6,64,,12.6,1025.2
2011-03-15,2.2,-1.7,6.1,68,,15.8,1031.7
2011-03-16,3.6,1.1,6.7,86,,11.5,1021.4
2011-03-17,9.6,2.8,17.2,62,,14.8,1017.7
2011-03-18,13.8,7.8,21.1,43,,29.9,1008.4
2011-03-19,5.9,1.7,8.9,63,,14.8,1021.0
2011-03-20,2.1,-1.1,4.4,48,,15.8,1035.1
2011-03-21,2.2,1.1,5.0,79,,16.9,1023.2
2011-03-22,3.8,1.7,6.7,70,,20.5,1011.3
2011-03-23,2.0,0.0,4.4,59,,12.6,1010.6
2011-03-24,1.5,-0.6,3.9,69,,16.9,1005.1
2011-03-25,2.4,-1.1,7.2,42,,19.4,1010.3
2011-03-26,0.4,-3.3,5.0,32,,24.8,1011.5
2011-03-27,1.6,-2.8,7.2,28,,25.9,1009.8
2011-03-28,2.9,-2.2,8.9,28,,26.3,1009.2
2011-03-29,4.2,0.0,9.4,39,,19.8,1014.4
2011-03-30,5.6,1.1,12.8,48,,16.9,1017.5
2011-03-31,4.0,0.6,6.7,76,,13.3,1012.9
2011-04-01,2.2,0.6,4.4,86,,24.5,994.3
2011-04-02,6.8,2.8,11.7,58,,24.5,994.7
2011-04-03,8.6,4.4,12.8,33,,22.3,1007.0
2011-04-04,6.4,2.8,10.0,73,,10.8,1009.5
2011-04-05,10.3,3.9,17.8,82,,27.7,993.6
2011-04-06,6.9,2.2,12.2,42,,24.5,1009.7
2011-04-07,5.3,1.1,7.8,61,,13.0,1019.2
2011-04-08,5.8,2.2,8.9,55,,14.0,1023.0
2011-04-09,8.2,1.7,16.1,52,,16.2,1020.7
2011-04-10,11.0,4.4,18.3,41,,16.9,1019.3
2011-04-11,14.2,8.3,22.2,79,,21.6,1005.3
2011-04-12,14.0,8.3,18.9,55,,16.9,1010.4
2011-04-13,7.4,6.1,9.4,85,,21.6,1017.1
2011-04-14,10.9,6.1,18.3,64,,18.4,1014.0
2011-04-15,5.1,2.8,8.3,54,,19.4,1030.6
2011-04-16,5.1,2.2,7.8,68,,30.6,1028.1
2011-04-17,12.7,7.8,17.2,65,,28.1,1002.0
2011-04-18,11.5,6.7,16.1,42,,23.4,1012.4
2011-04-19,8.5,5.6,11.1,74,,10.4,1018.8
2011-04-20,6.5,5.6,7.8,86,,14.8,1014.7
2011-04-21,8.9,5.0,13.3,51,,28.4,1016.1
2011-04-22,7.0,3.3,10.0,50,,16.2,1030.3
2011-04-23,8.2,3.9,12.8,80,,16.9,1022.8
2011-04-24,17.2,12.2,23.9,67,,14.4,1014.1
2011-04-25,10.7,7.8,13.9,87,,9.4,1018.8
2011-04-26,9.4,7.8,12.2,92,,11.9,1016.7
2011-04-27,14.5,8.3,25.6,86,,15.1,1015.5
2011-04-28,19.0,16.7,21.1,87,,29.5,1007.4
2011-04-29,18.5,14.4,23.9,50,,17.6,1005.1
2011-04-30,13.1,8.9,16.1,54,,14.0,1015.8
2011-05-01,10.6,7.8,12.8,56,,17.3,1025.7
2011-05-02,12.5,6.7,16.7,58,,15.1,1023.7
2011-05-03,15.9,12.2,22.2,60,,16.2,1020.0
2011-05-04,15.7,8.9,19.4,83,,16.6,1012.7
2011-05-05,10.7,8.3,15.6,63,,21.6,1009.8
2011-05-06,14.8,7.8,22.2,39,,24.5,1011.7
2011-05-07,14.4,10.6,21.1,71,,13.0,1010.1
2011-05-08,11.7,9.4,13.9,84,,12.2,1012.4
2011-05-09,14.7,11.1,20.0,49,,25.9,1012.8
2011-05-10,12.2,10.0,13.9,69,,30.2,1015.6
2011-05-11,12.4,9.4,18.3,75,,25.6,1018.4
2011-05-12,12.6,10.6,15.6,65,,16.6,1018.4
2011-05-13,11.7,7.8,15.0,72,,12.2,1014.6
2011-05-14,10.1,7.2,15.0,88,,11.9,1011.4
2011-05-15,12.1,10.0,13.9,90,,14.0,1006.8
2011-05-16,9.4,8.9,10.0,90,,23.0,1011.3
2011-05-17,9.2,8.9,10.6,92,,20.9,1019.5
2011-05-18,11.0,10.0,11.7,96,,19.4,1021.4
2011-05-19,12.5,10.6,16.1,93,,12.2,1019.1
2011-05-20,13.0,10.6,18.3,91,,8.3,1015.4
2011-05-21,12.8,9.4,16.7,92,,11.9,1015.2
2011-05-22,10.2,8.9,11.7,82,,14.0,1022.3
2011-05-23,12.9,10.6,18.3,88,,16.6,1018.5
2011-05-24,22.1,17.8,27.8,75,,18.0,1007.2
2011-05-25,19.3,16.1,23.3,68,,16.9,1012.5
2011-05-26,20.4,13.9,27.2,75,,16.6,1014.4
2011-05-27,22.7,18.3,30.6,75,,14.4,1014.6
2011-05-28,18.6,15.6,23.9,84,,13.0,1018.1
2011-05-29,23.8,19.4,29.4,74,,18.7,1018.3
2011-05-30,23.7,17.8,30.6,75,,13.3,1016.5
2011-05-31,20.8,17.8,23.3,59,,13.0,1022.0
2011-06-01,22.0,17.8,27.8,74,,23.0,1015.2
2011-06-02,20.1,14.4,23.9,50,,27.7,1008.7
2011-06-03,16.5,12.8,21.7,45,,22.7,1014.0
2011-06-04,14.4,10.6,17.8,58,,15.1,1017.9
2011-06-05,13.9,9.4,17.2,70,,11.9,1018.1
2011-06-06,17.5,12.8,21.1,68,,9.4,1015.4
2011-06-07,21.1,15.6,27.8,63,,10.8,1012.3
2011-06-08,21.5,16.7,28.9,70,,9.7,1010.2
2011-06-09,26.3,21.1,33.3,60,,20.2,1008.8
2011-06-10,20.1,16.1,24.4,78,,14.8,1013.8
2011-06-11,15.5,12.8,18.3,84,,15.8,1019.5
2011-06-12,13.2,11.7,14.4,89,,20.2,1013.7
2011-06-13,14.2,12.2,17.8,81,,9.7,1012.1
2011-06-14,13.9,12.8,15.6,77,,16.6,1012.1
2011-06-15,17.5,13.9,20.6,60,,16.2,1010.0
2011-06-16,23.9,16.1,31.7,50,,16.9,1011.1
2011-06-17,21.4,18.3,23.9,70,,18.4,1013.1
2011-06-18,22.7,17.8,28.3,70,,12.2,1009.0
2011-06-19,23.0,19.4,26.7,41,,18.4,1009.1
2011-06-20,21.3,16.7,28.3,52,,9.7,1011.2
2011-06-21,21.6,18.3,24.4,56,,14.4,1012.7
2011-06-22,19.6,17.8,21.7,90,,12.2,1013.7
2011-06-23,16.7,15.0,18.3,96,,23.0,1010.2
2011-06-24,14.7,13.3,16.1,98,,16.9,1009.6
2011-06-25,14.6,12.2,17.2,92,,11.9,1010.6
2011-06-26,20.1,16.1,24.4,85,,8.6,1012.5
2011-06-27,22.6,18.9,25.6,70,,14.8,1015.2
2011-06-28,22.7,18.9,27.2,76,,13.3,1012.9
2011-06-29,24.5,20.0,29.4,66,,16.9,1008.9
2011-06-30,23.3,18.3,27.8,51,,19.4,1010.9
2011-07-01,21.8,18.9,25.6,60,,11.5,1014.3
2011-07-02,21.7,18.9,24.4,74,,13.0,1016.8
2011-07-03,23.0,19.4,27.8,79,,13.3,1011.9
2011-07-04,25.4,21.1,32.2,71,,11.9,1008.6
2011-07-05,26.4,20.0,31.1,54,,10.8,1010.9
2011-07-06,27.8,21.7,33.3,52,,17.6,1011.6
2011-07-07,25.5,21.1,31.1,58,,13.0,1012.2
2011-07-08,21.3,20.0,23.9,84,,10.1,1012.6
2011-07-09,24.8,19.4,30.0,62,,16.9,1008.8
2011-07-10,24.6,18.9,30.0,49,,13.7,1016.2
2011-07-11,27.3,20.0,33.9,58,,17.6,1012.2
2011-07-12,29.6,25.0,35.0,57,,20.5,1003.1
2011-07-13,25.4,18.9,30.6,61,,15.8,1005.3
2011-07-14,19.5,17.2,22.8,69,,15.8,1013.9
2011-07-15,22.0,18.3,26.1,59,,13.3,1017.0
2011-07-16,24.1,18.3,29.4,60,,14.8,1019.0
2011-07-17,28.0,21.7,33.9,50,,21.6,1017.1
2011-07-18,26.7,23.9,30.0,64,,19.1,1011.0
2011-07-19,26.3,21.1,31.7,62,,11.2,1009.1
2011-07-20,26.2,21.1,32.8,58,,16.2,1011.0
2011-07-21,29.0,22.8,36.1,66,,28.1,1006.4
2011-07-22,33.2,27.2,39.4,49,,18.7,1007.3
2011-07-23,28.8,22.2,33.3,54,,13.0,1010.4
2011-07-24,25.3,19.4,28.9,64,,12.6,1012.1
2011-07-25,20.1,17.2,23.3,76,,11.2,1014.0
2011-07-26,21.4,18.3,25.6,80,,13.7,1006.4
2011-07-27,24.1,20.0,28.9,58,,11.9,1009.7
2011-07-28,22.0,20.0,23.9,70,,14.4,1017.0
2011-07-29,22.3,18.9,26.1,82,,13.7,1013.5
2011-07-30,27.0,22.8,31.7,59,,19.4,1009.9
2011-07-31,25.8,21.1,32.8,51,,13.7,1015.5
2011-08-01,27.9,22.2,33.9,56,,13.0,1010.1
2011-08-02,25.7,18.9,33.3,57,,15.5,1004.8
2011-08-03,20.9,18.3,23.3,72,,10.8,1007.3
2011-08-04,21.0,19.4,24.4,77,,11.9,1013.1
2011-08-05,21.4,19.4,23.9,75,,14.4,1018.7
2011-08-06,25.7,21.1,31.1,68,,15.5,1015.6
2011-08-07,23.1,21.7,25.0,88,,14.8,1005.9
2011-08-08,23.6,21.1,26.7,86,,7.2,1000.0
2011-08-09,22.1,19.4,24.4,81,,18.0,1004.2
2011-08-10,20.7,18.9,25.6,84,,14.0,1001.1
2011-08-11,23.0,17.8,27.8,58,,17.3,1007.6
2011-08-12,23.2,18.3,28.3,52,,10.8,1013.6
2011-08-13,23.5,18.9,27.8,63,,10.4,1016.7
2011-08-14,22.7,20.0,25.0,77,,10.8,1014.1
2011-08-15,19.7,17.2,20.6,89,,22.7,1008.2
2011-08-16,19.6,16.7,23.3,78,,12.2,1008.7
2011-08-17,23.1,18.3,28.9,66,,11.5,1017.6
2011-08-18,25.1,20.0,31.1,66,,18.4,1015.3
2011-08-19,24.8,22.2,31.1,74,,14.0,1012.8
2011-08-20,25.0,22.2,28.9,75,,14.8,1013.8
2011-08-21,24.7,20.6,30.0,74,,18.7,1012.6
2011-08-22,23.6,20.0,26.7,58,,20.5,1007.2
2011-08-23,21.9,17.2,26.1,49,,14.4,1014.4
2011-08-24,22.4,17.8,27.2,61,,20.2,1017.3
2011-08-25,25.1,20.0,30.6,72,,23.8,1012.2
2011-08-26,24.3,21.1,28.9,71,,12.2,1014.0
2011-08-27,22.9,21.1,26.1,83,,9.4,1012.6
2011-08-28,21.6,19.4,24.4,86,,43.6,993.7
2011-08-29,21.6,16.7,26.7,53,,15.5,1009.6
2011-08-30,20.8,16.7,25.0,58,,11.2,1018.3
2011-08-31,21.3,17.2,27.2,64,,9.7,1021.5
2011-09-01,18.8,16.7,21.7,77,,10.8,1022.6
2011-09-02,17.6,15.6,20.0,80,,10.8,1020.2
2011-09-03,22.3,15.6,30.0,72,,15.8,1013.3
2011-09-04,24.1,20.0,29.4,74,,18.7,1011.4
2011-09-05,24.6,20.6,30.6,70,,22.0,1009.6
2011-09-06,18.2,15.6,23.3,84,,14.0,1016.5
2011-09-07,16.2,15.6,17.2,91,,20.9,1022.6
2011-09-08,15.8,14.4,17.8,92,,10.1,1018.3
2011-09-09,20.5,14.4,27.2,72,,13.3,1009.5
2011-09-10,19.1,15.0,21.7,65,,13.7,1013.7
2011-09-11,17.4,13.3,21.1,70,,13.0,1019.3
2011-09-12,21.9,16.7,27.8,67,,15.5,1014.6
2011-09-13,23.5,17.8,29.4,68,,16.6,1012.1
2011-09-14,24.1,20.0,30.0,72,,14.4,1012.0
2011-09-15,21.2,12.8,28.3,76,,16.9,1011.6
2011-09-16,14.3,10.0,18.3,47,,18.4,1021.4
2011-09-17,13.4,8.9,16.7,56,,11.2,1030.4
2011-09-18,15.1,10.6,18.9,62,,15.1,1030.9
2011-09-19,14.6,10.6,18.3,71,,14.8,1025.0
2011-09-20,16.3,12.8,19.4,83,,14.0,1019.5
2011-09-21,19.1,15.0,23.9,78,,11.9,1022.9
2011-09-22,20.3,18.3,22.8,90,,7.6,1020.4
2011-09-23,19.9,18.3,22.8,93,,10.4,1019.6
2011-09-24,22.5,18.3,26.7,86,,10.8,1016.3
2011-09-25,22.4,20.0,25.6,84,,6.1,1017.5
2011-09-26,21.9,18.9,24.4,72,,7.9,1015.2
2011-09-27,19.8,17.8,22.8,82,,9.7,1015.8
2011-09-28,19.0,17.2,21.1,83,,17.6,1018.1
2011-09-29,18.9,16.7,22.2,91,,15.5,1007.7
2011-09-30,19.3,14.4,25.0,74,,16.9,1005.4
2011-10-01,18.3,13.9,21.7,91,,12.6,1003.8
2011-10-02,16.5,14.4,18.3,88,,14.8,1009.9
2011-10-03,16.4,13.3,20.0,75,,12.2,1016.3
2011-10-04,15.8,13.3,20.0,80,,16.2,1013.5
2011-10-05,16.0,10.6,20.6,56,,22.3,1015.3
2011-10-06,13.0,8.9,18.9,36,,21.2,1024.3
2011-10-07,12.3,7.8,16.7,48,,10.8,1029.7
2011-10-08,20.2,12.8,27.8,48,,13.3,1028.2
2011-10-09,24.1,18.3,30.6,44,,16.9,1025.0
2011-10-10,23.7,17.8,29.4,52,,15.1,1020.6
2011-10-11,16.5,14.4,18.9,62,,12.6,1023.1
2011-10-12,15.3,13.9,16.7,69,,19.8,1022.4
2011-10-13,15.8,15.0,17.2,93,,18.0,1011.8
2011-10-14,16.9,15.0,19.4,96,,18.4,1001.8
2011-10-15,16.4,13.3,20.0,56,,31.0,1000.0
2011-10-16,15.7,12.2,18.9,45,,24.1,1006.2
2011-10-17,16.5,13.3,18.9,49,,23.0,1004.2
2011-10-18,15.5,12.8,20.0,49,,13.0,1010.0
2011-10-19,13.6,12.2,15.0,92,,24.5,1010.9
2011-10-20,15.0,12.2,20.6,82,,22.3,1000.3
2011-10-21,14.7,11.7,17.8,54,,18.7,1009.4
2011-10-22,13.5,10.0,17.2,58,,14.8,1015.6
2011-10-23,11.3,7.8,14.4,60,,9.4,1019.3
2011-10-24,12.1,6.1,17.2,64,,11.5,1018.3
2011-10-25,13.4,10.0,16.7,52,,20.2,1012.4
2011-10-26,9.6,8.9,10.0,64,,8.3,1012.3
2011-10-27,6.5,1.1,9.4,86,,21.6,1007.1
2011-10-28,5.1,1.7,9.4,61,,18.0,1019.3
2011-10-29,5.1,1.1,9.4,69,,26.6,1019.4
2011-10-30,4.8,1.1,8.9,68,,27.0,1014.2
2011-10-31,7.3,3.3,11.1,58,,10.8,1028.4
2011-11-01,8.1,4.4,12.2,65,,11.5,1028.0
2011-11-02,7.8,3.9,12.2,70,,10.8,1027.3
2011-11-03,11.3,5.6,17.2,66,,16.2,1017.3
2011-11-04,9.3,3.3,11.7,48,,22.3,1016.3
2011-11-05,5.6,2.2,9.4,52,,12.6,1028.9
2011-11-06,8.2,2.2,15.0,48,,16.9,1030.3
2011-11-07,11.7,5.6,18.3,58,,14.4,1024.1
2011-11-08,14.9,10.6,20.6,59,,8.3,1023.1
2011-11-09,13.1,8.3,19.4,77,,9.0,1021.4
2011-11-10,13.2,11.1,15.6,94,,6.8,1009.9
2011-11-11,8.7,5.0,14.4,62,,26.3,1000.6
2011-11-12,7.4,2.8,11.7,53,,20.9,1016.1
2011-11-13,11.3,5.6,17.2,63,,18.0,1018.1
2011-11-14,15.2,12.2,20.0,64,,21.6,1010.4
2011-11-15,16.5,13.3,19.4,66,,19.4,1008.3
2011-11-16,12.9,10.6,15.0,85,,7.6,1010.8
2011-11-17,8.6,3.9,13.3,69,,19.8,1008.1
2011-11-18,4.4,2.2,7.2,51,,20.5,1022.6
2011-11-19,7.2,2.2,11.7,50,,27.0,1026.4
2011-11-20,13.9,9.4,18.9,62,,24.5,1017.8
2011-11-21,8.0,2.2,15.0,60,,15.5,1024.8
2011-11-22,5.0,1.1,7.8,68,,10.1,1028.0
2011-11-23,5.2,1.1,8.9,84,,31.7,1009.9
2011-11-24,3.2,-0.6,7.8,69,,10.1,1019.1
2011-11-25,9.4,2.2,16.1,61,,16.9,1017.7
2011-11-26,12.4,7.2,17.2,52,,9.4,1020.4
2011-11-27,8.6,3.3,12.8,85,,6.5,1021.8
2011-11-28,15.3,11.7,19.4,70,,20.5,1019.1
2011-11-29,13.4,11.1,18.9,84,,10.8,1016.5
2011-11-30,12.0,6.7,17.8,66,,26.6,1004.7
2011-12-01,6.4,3.3,9.4,50,,16.6,1018.5
2011-12-02,5.8,1.7,10.0,48,,13.3,1026.4
2011-12-03,4.2,1.1,7.2,64,,13.0,1036.6
2011-12-04,6.5,1.7,11.7,79,,14.4,1033.3
2011-12-05,11.2,6.7,17.2,83,,15.5,1026.4
2011-12-06,13.8,9.4,16.1,89,,14.4,1017.3
2011-12-07,9.8,7.2,15.0,93,,11.2,1008.3
2011-12-08,4.8,2.8,7.8,65,,25.9,1010.5
2011-12-09,5.9,1.7,11.1,66,,16.2,1025.2
2011-12-10,5.1,-0.6,8.3,56,,15.8,1023.9
2011-12-11,0.6,-2.2,3.3,48,,11.5,1035.0
2011-12-12,3.6,-0.6,9.4,46,,14.8,1032.9
2011-12-13,3.2,-1.7,8.3,56,,10.8,1026.9
2011-12-14,4.2,2.8,6.1,69,,10.4,1028.6
2011-12-15,8.5,3.3,12.2,72,,26.6,1016.4
2011-12-16,8.9,5.0,12.2,58,,25.6,1011.4
2011-12-17,2.7,-2.2,5.0,54,,18.0,1018.1
2011-12-18,-4.3,-6.7,-2.2,44,,15.8,1023.3
2011-12-19,0.8,-7.8,7.2,49,,22.7,1018.0
2011-12-20,3.8,0.0,7.2,48,,16.6,1018.6
2011-12-21,8.2,0.0,14.4,79,,15.5,1014.1
2011-12-22,11.2,7.2,13.9,64,,18.0,1013.1
2011-12-23,4.6,-0.6,8.3,81,,15.1,1015.3
2011-12-24,-2.5,-5.6,-0.6,53,,12.2,1028.5
2011-12-25,-1.0,-7.2,5.6,68,,12.2,1023.8
2011-12-26,3.4,-1.1,6.1,61,,16.9,1017.2
2011-12-27,5.1,-1.7,13.3,72,,22.7,1013.4
2011-12-28,6.6,-2.2,13.9,63,,31.7,994.5
2011-12-29,-2.0,-5.0,0.6,36,,24.1,1011.2
2011-12-30,1.7,-2.8,6.7,63,,6.5,1018.4
2011-12-31,2.8,1.1,4.4,87,,10.8,1013.0
2012-01-01,7.1,3.9,11.1,76,,14.8,1013.4
2012-01-02,5.8,1.1,10.0,56,,22.3,1002.9
2012-01-03,-3.2,-10.0,1.7,42,,23.8,1010.5
2012-01-04,-7.0,-12.2,-2.2,41,,19.1,1016.8
2012-01-05,-0.7,-3.9,3.9,47,,18.4,1010.4
2012-01-06,1.7,-2.2,8.9,66,,9.4,1010.4
2012-01-07,6.3,-1.1,15.6,65,,7.9,1007.0
2012-01-08,4.9,-1.1,7.2,48,,18.7,1018.8
2012-01-09,-0.0,-3.9,4.4,50,,11.5,1022.9
2012-01-10,3.4,-1.1,8.3,63,,16.2,1011.1
2012-01-11,1.7,-1.1,3.3,62,,12.2,1018.6
2012-01-12,4.0,0.6,5.6,86,,31.3,1006.4
2012-01-13,3.5,-0.6,12.2,71,,29.5,995.9
2012-01-14,-1.4,-7.2,1.1,49,,27.7,1008.7
2012-01-15,-10.7,-14.4,-7.2,46,,24.1,1024.9
2012-01-16,-6.1,-12.2,1.1,49,,18.0,1030.7
2012-01-17,3.9,0.6,8.9,86,,17.6,1010.6
2012-01-18,2.9,-6.1,11.1,46,,33.1,1007.9
2012-01-19,-4.3,-8.3,0.6,57,,14.0,1021.7
2012-01-20,-1.8,-5.6,0.0,62,,17.6,1018.9
2012-01-21,-6.5,-8.9,-5.0,69,,16.9,1023.5
2012-01-22,-4.8,-9.4,-1.1,67,,11.9,1033.0
2012-01-23,2.6,-2.2,8.3,84,,7.6,1024.8
2012-01-24,10.2,5.6,13.3,72,,18.4,1012.8
2012-01-25,3.9,2.2,6.1,56,,20.2,1020.7
2012-01-26,1.8,-0.6,5.0,72,,13.0,1021.1
2012-01-27,5.7,2.8,7.8,91,,16.9,1001.2
2012-01-28,4.9,3.3,7.8,61,,20.2,1011.5
2012-01-29,3.6,1.1,6.1,42,,23.8,1016.2
2012-01-30,1.9,-0.6,4.4,47,,22.0,1019.2
2012-01-31,2.4,-1.1,8.3,64,,9.4,1020.5
2012-02-01,7.4,1.7,15.0,72,,13.0,1011.6
2012-02-02,3.4,-0.6,7.2,66,,17.6,1017.5
2012-02-03,0.3,-3.9,3.9,47,,18.0,1026.0
2012-02-04,2.6,-2.2,6.1,46,,19.1,1021.9
2012-02-05,-1.7,-5.6,2.2,44,,10.8,1020.0
2012-02-06,3.8,-2.2,10.0,45,,22.0,1013.8
2012-02-07,4.3,-1.1,7.8,50,,16.6,1016.1
2012-02-08,-1.0,-5.6,3.3,39,,12.2,1023.5
2012-02-09,3.8,-1.1,8.3,37,,15.1,1016.6
2012-02-10,5.1,-1.1,10.0,42,,18.0,1016.6
2012-02-11,1.8,-1.1,3.9,79,,17.3,1005.7
2012-02-12,-5.5,-8.9,-1.1,38,,27.0,1005.3
2012-02-13,-1.0,-8.3,5.0,45,,22.3,1011.6
2012-02-14,2.2,-2.2,6.7,48,,9.4,1018.1
2012-02-15,4.0,1.1,6.1,82,,3.6,1021.2
2012-02-16,4.3,1.7,7.2,74,,10.1,1022.4
2012-02-17,6.6,3.3,11.7,66,,16.9,1013.4
2012-02-18,4.4,1.1,8.3,49,,21.2,1012.7
2012-02-19,2.7,-0.6,7.8,53,,13.7,1016.3
2012-02-20,0.8,-2.2,5.0,41,,18.4,1019.7
2012-02-21,1.8,-2.2,6.7,55,,14.8,1022.6
2012-02-22,7.9,2.2,13.9,62,,15.1,1004.6
2012-02-23,8.3,5.0,12.8,64,,19.8,999.0
2012-02-24,3.9,2.2,5.6,77,,12.2,1003.4
2012-02-25,4.2,0.6,7.2,52,,36.7,994.9
2012-02-26,1.2,-2.8,5.0,30,,24.8,1022.3
2012-02-27,4.0,-3.3,11.1,48,,17.6,1025.2
2012-02-28,5.4,1.1,8.9,41,,20.5,1023.7
2012-02-29,1.0,-0.6,2.2,64,,14.0,1024.4
2012-03-01,1.6,-3.9,2.8,90,,36.0,1010.6
2012-03-02,-2.4,-5.0,1.7,82,,13.7,1019.7
2012-03-03,4.7,1.1,8.3,87,,15.5,1002.0
2012-03-04,3.8,1.1,5.6,51,,13.0,1002.6
2012-03-05,0.2,-3.9,3.3,42,,22.7,1013.8
2012-03-06,-1.5,-6.7,3.9,34,,18.7,1032.7
2012-03-07,8.1,0.0,16.7,51,,26.3,1029.2
2012-03-08,14.6,10.0,20.0,60,,38.9,1017.0
2012-03-09,7.0,1.7,16.1,48,,17.6,1015.0
2012-03-10,1.3,-0.6,4.4,57,,18.4,1028.5
2012-03-11,6.9,-1.1,14.4,45,,23.0,1028.6
2012-03-12,12.0,5.6,21.7,45,,11.2,1022.6
2012-03-13,14.2,9.4,21.7,66,,15.5,1015.4
2012-03-14,7.0,4.4,13.9,88,,16.9,1019.3
2012-03-15,3.7,2.8,5.6,78,,14.0,1027.6
2012-03-16,4.9,2.8,7.8,78,,8.6,1023.5
2012-03-17,7.2,4.4,9.4,80,,7.6,1026.2
2012-03-18,13.0,5.0,23.3,65,,16.2,1023.8
2012-03-19,13.1,7.2,23.3,70,,13.0,1021.8
2012-03-20,12.3,6.7,19.4,72,,9.7,1025.2
2012-03-21,19.1,13.3,25.6,68,,17.3,1025.2
2012-03-22,20.7,13.3,28.3,61,,16.2,1019.2
2012-03-23,19.5,14.4,24.4,41,,13.3,1017.1
2012-03-24,9.7,8.3,15.0,54,,13.7,1019.5
2012-03-25,7.2,5.6,8.9,77,,10.8,1012.5
2012-03-26,5.4,0.0,10.0,54,,27.4,1007.4
2012-03-27,2.8,-2.8,9.4,20,,23.4,1019.1
2012-03-28,7.0,3.9,10.0,51,,12.6,1010.6
2012-03-29,6.3,4.4,7.8,71,,18.4,1005.9
2012-03-30,5.9,2.2,10.6,41,,18.0,1015.1
2012-03-31,4.7,2.2,6.1,69,,10.8,1014.8
2012-04-01,5.6,1.1,10.6,71,,11.9,1008.6
2012-04-02,6.2,3.9,11.7,66,,20.5,1004.7
2012-04-03,8.4,2.2,15.0,24,,20.2,1008.0
2012-04-04,11.7,6.1,17.8,28,,19.1,1001.8
2012-04-05,7.2,4.4,11.1,46,,20.2,1007.7
2012-04-06,7.2,2.8,11.7,36,,17.3,1013.0
2012-04-07,6.3,3.3,11.1,40,,13.0,1014.9
2012-04-08,7.6,5.0,10.0,46,,15.5,1008.3
2012-04-09,10.4,6.1,14.4,45,,26.6,1000.0
2012-04-10,12.0,6.1,17.2,33,,16.9,1003.3
2012-04-11,9.4,6.7,12.2,54,,15.1,1009.0
2012-04-12,8.2,6.1,13.3,70,,14.4,1014.2
2012-04-13,11.6,5.0,18.3,46,,13.0,1018.4
2012-04-14,15.2,9.4,21.7,30,,16.2,1017.7
2012-04-15,18.7,12.2,25.0,49,,15.8,1014.1
2012-04-16,21.6,15.0,30.6,60,,15.5,1014.2
2012-04-17,22.0,13.9,28.9,41,,18.7,1014.8
2012-04-18,11.9,9.4,16.7,46,,18.0,1021.8
2012-04-19,12.6,8.3,18.9,64,,17.3,1017.8
2012-04-20,16.0,9.4,25.0,54,,19.8,1014.8
2012-04-21,17.6,12.2,25.6,68,,19.1,1008.7
2012-04-22,11.0,6.7,16.7,88,,23.0,1007.9
2012-04-23,12.9,6.7,17.2,89,,24.1,994.5
2012-04-24,10.6,7.8,14.4,57,,26.6,999.6
2012-04-25,11.3,6.1,16.7,51,,19.1,1007.9
2012-04-26,10.6,6.1,17.2,57,,17.3,1010.0
2012-04-27,11.0,4.4,13.9,56,,31.0,1004.6
2012-04-28,8.4,2.8,15.6,34,,21.6,1017.6
2012-04-29,10.2,3.9,15.0,24,,19.8,1018.4
2012-04-30,9.2,5.0,12.2,38,,17.3,1024.5
2012-05-01,8.3,7.2,10.0,82,,20.2,1020.7
2012-05-02,8.5,7.2,11.1,89,,14.8,1022.6
2012-05-03,9.0,7.8,10.0,90,,11.2,1021.8
2012-05-04,10.9,9.4,13.3,93,,10.8,1015.6
2012-05-05,10.7,7.8,14.4,92,,6.1,1015.8
2012-05-06,10.1,7.8,12.2,75,,11.9,1019.5
2012-05-07,12.4,8.9,15.0,67,,14.8,1020.0
2012-05-08,12.4,10.0,14.4,70,,18.4,1016.6
2012-05-09,15.2,13.3,17.2,92,,13.0,1007.0
2012-05-10,14.4,10.0,19.4,74,,19.1,998.6
2012-05-11,12.7,8.3,17.8,52,,16.9,1010.7
2012-05-12,18.3,10.0,26.7,37,,16.9,1018.5
2012-05-13,19.3,15.0,26.7,52,,11.5,1019.4
2012-05-14,13.4,11.7,17.8,82,,9.4,1021.0
2012-05-15,17.2,13.3,22.8,78,,16.2,1019.5
2012-05-16,18.1,15.6,22.8,89,,11.9,1012.1
2012-05-17,16.6,12.2,21.1,54,,15.1,1016.2
2012-05-18,14.3,9.4,18.3,62,,12.2,1022.8
2012-05-19,15.1,10.6,18.9,56,,8.3,1021.5
2012-05-20,16.7,12.8,21.7,58,,10.8,1024.2
2012-05-21,14.0,12.2,15.0,87,,10.8,1023.5
2012-05-22,15.2,13.3,17.2,96,,13.3,1013.6
2012-05-23,17.8,15.0,21.7,86,,9.4,1013.4
2012-05-24,17.9,15.6,21.7,85,,15.8,1022.1
2012-05-25,17.8,14.4,23.3,87,,13.3,1023.0
2012-05-26,24.3,18.9,30.0,69,,15.5,1018.2
2012-05-27,19.4,17.8,22.2,62,,15.5,1019.6
2012-05-28,18.0,15.6,20.6,80,,14.8,1015.5
2012-05-29,16.9,15.0,19.4,91,,12.6,1010.4
2012-05-30,20.9,16.1,23.9,74,,10.1,1006.5
2012-05-31,22.2,17.2,28.3,58,,12.2,1007.6
2012-06-01,16.6,14.4,18.3,63,,18.4,1017.1
2012-06-02,14.9,12.8,16.7,88,,26.3,1010.3
2012-06-03,14.8,11.7,16.7,85,,23.0,1004.7
2012-06-04,10.7,10.0,11.7,89,,28.1,1005.4
2012-06-05,11.2,10.0,13.3,84,,13.0,1011.2
2012-06-06,13.5,11.1,16.1,76,,11.2,1014.8
2012-06-07,14.5,12.2,18.3,86,,10.1,1014.4
2012-06-08,17.5,12.2,26.1,79,,13.0,1010.8
2012-06-09,21.1,15.0,26.1,54,,16.2,1010.8
2012-06-10,19.7,15.0,24.4,57,,14.4,1018.5
2012-06-11,17.8,13.9,23.3,70,,16.2,1024.5
2012-06-12,19.2,15.6,23.3,69,,20.9,1019.2
2012-06-13,17.4,16.7,18.3,93,,11.5,1015.6
2012-06-14,17.8,16.1,20.0,71,,14.0,1022.6
2012-06-15,17.9,13.9,20.6,59,,13.7,1025.9
2012-06-16,15.7,12.2,18.3,73,,16.9,1026.9
2012-06-17,14.4,11.1,17.2,76,,13.7,1023.6
2012-06-18,15.5,12.8,17.8,73,,13.3,1021.2
2012-06-19,19.0,13.3,24.4,73,,16.9,1019.7
2012-06-20,27.8,18.9,36.1,62,,16.6,1013.6
2012-06-21,31.1,26.7,35.6,50,,14.8,1008.8
2012-06-22,29.4,23.3,35.0,53,,16.2,1006.7
2012-06-23,22.6,18.3,27.2,74,,12.6,1009.5
2012-06-24,23.4,17.8,28.9,52,,17.6,1012.6
2012-06-25,20.5,16.1,22.8,74,,15.5,1007.0
2012-06-26,18.7,16.1,22.8,71,,20.2,1001.7
2012-06-27,20.2,16.1,25.0,57,,22.7,1003.3
2012-06-28,22.3,18.3,28.3,56,,15.8,1006.4
2012-06-29,23.8,18.9,31.7,70,,12.2,1003.3
2012-06-30,27.6,21.1,32.2,39,,20.2,1004.7
2012-07-01,27.2,21.1,32.8,51,,15.1,1007.6
2012-07-02,24.5,20.6,28.9,57,,13.0,1010.5
2012-07-03,23.9,20.0,30.0,52,,14.4,1011.6
2012-07-04,23.9,20.0,28.9,75,,13.3,1007.6
2012-07-05,24.4,21.1,28.3,66,,14.0,1007.1
2012-07-06,23.7,20.0,26.7,67,,13.0,1011.2
2012-07-07,26.3,22.8,30.0,62,,15.5,1008.0
2012-07-08,26.1,21.7,31.7,55,,14.4,1008.9
2012-07-09,24.2,19.4,28.9,40,,13.0,1012.8
2012-07-10,22.7,18.3,28.3,46,,11.9,1016.7
2012-07-11,23.4,18.9,26.7,60,,13.3,1020.8
2012-07-12,24.6,18.9,30.0,58,,17.3,1021.1
2012-07-13,25.7,20.6,32.2,54,,17.6,1021.1
2012-07-14,27.4,22.2,32.8,52,,16.9,1019.3
2012-07-15,27.6,22.2,32.8,59,,14.0,1016.2
2012-07-16,25.5,22.2,31.1,71,,15.5,1008.6
2012-07-17,29.8,24.4,36.1,54,,19.8,1006.6
2012-07-18,26.6,21.1,31.7,70,,12.6,1008.4
2012-07-19,21.8,18.9,23.3,68,,12.6,1014.3
2012-07-20,19.9,17.8,21.7,72,,11.2,1017.9
2012-07-21,20.0,16.1,23.3,69,,10.8,1019.0
2012-07-22,22.7,16.1,28.9,60,,16.9,1019.6
2012-07-23,23.5,18.9,30.0,73,,18.0,1015.1
2012-07-24,24.1,20.0,32.8,77,,16.6,1003.1
2012-07-25,22.7,18.3,28.3,50,,16.9,1007.9
2012-07-26,23.6,18.9,28.9,69,,12.2,1005.3
2012-07-27,20.8,17.8,25.0,86,,9.0,1007.6
2012-07-28,19.7,17.2,22.2,88,,11.2,1014.5
2012-07-29,19.8,17.8,22.8,86,,14.4,1015.7
2012-07-30,21.3,17.2,27.2,73,,13.3,1019.0
2012-07-31,19.7,17.2,22.8,86,,13.7,1017.6
2012-08-01,22.0,20.0,25.6,84,,13.7,1011.8
2012-08-02,24.2,20.0,30.0,79,,13.3,1010.7
2012-08-03,27.8,22.2,33.3,65,,18.4,1014.5
2012-08-04,25.7,23.3,27.8,76,,11.9,1021.6
2012-08-05,26.2,22.2,31.1,80,,20.2,1018.9
2012-08-06,26.0,21.7,29.4,60,,16.6,1013.7
2012-08-07,22.5,19.4,25.0,64,,12.6,1015.3
2012-08-08,23.8,18.9,28.3,71,,13.3,1014.7
2012-08-09,24.5,20.6,28.3,77,,15.8,1013.5
2012-08-10,23.6,20.6,28.9,88,,14.4,1011.9
2012-08-11,23.9,21.7,27.2,84,,12.2,1011.6
2012-08-12,25.0,22.2,28.9,82,,15.1,1012.4
2012-08-13,25.7,21.7,30.0,61,,13.3,1012.7
2012-08-14,24.9,21.1,28.3,60,,11.9,1013.2
2012-08-15,23.8,18.9,28.9,77,,12.2,1011.8
2012-08-16,23.8,19.4,29.4,69,,12.2,1009.9
2012-08-17,25.3,18.9,30.0,59,,16.6,1009.4
2012-08-18,20.5,17.8,22.2,77,,9.7,1011.1
2012-08-19,19.3,16.1,22.8,72,,10.1,1013.4
2012-08-20,20.3,16.7,23.9,72,,10.8,1012.4
2012-08-21,23.2,18.9,28.3,56,,12.2,1014.8
2012-08-22,22.2,18.9,25.6,61,,11.9,1019.6
2012-08-23,24.6,18.9,30.6,60,,13.7,1019.5
2012-08-24,22.6,20.0,25.6,74,,10.1,1021.3
2012-08-25,21.4,18.9,25.0,80,,10.8,1025.7
2012-08-26,20.9,17.8,24.4,76,,10.4,1026.1
2012-08-27,22.8,16.7,29.4,69,,17.3,1019.6
2012-08-28,24.6,20.0,30.0,73,,14.0,1009.2
2012-08-29,20.3,16.7,23.9,50,,14.4,1013.4
2012-08-30,22.5,15.6,28.3,46,,19.8,1015.2
2012-08-31,26.4,20.0,32.2,41,,23.4,1011.8
2012-09-01,22.1,17.2,26.7,65,,13.3,1015.9
2012-09-02,19.3,16.7,22.8,75,,10.1,1019.4
2012-09-03,18.7,15.0,22.2,80,,13.7,1022.1
2012-09-04,19.3,17.2,22.8,89,,10.4,1017.6
2012-09-05,23.1,18.9,27.8,85,,15.5,1008.3
2012-09-06,21.5,18.3,26.1,77,,9.4,1011.4
2012-09-07,22.8,20.0,27.8,83,,12.2,1012.3
2012-09-08,23.9,19.4,27.8,81,,23.8,1008.2
2012-09-09,18.8,16.7,23.9,69,,11.2,1008.9
2012-09-10,17.1,13.3,20.6,59,,20.2,1013.2
2012-09-11,16.6,11.7,22.8,52,,13.0,1021.5
2012-09-12,17.7,11.7,22.8,64,,10.8,1026.7
2012-09-13,21.1,15.6,27.8,70,,14.0,1026.4
2012-09-14,20.9,16.1,27.2,73,,16.6,1022.0
2012-09-15,19.2,15.0,23.3,64,,17.6,1016.6
2012-09-16,17.2,12.2,21.7,50,,13.0,1017.1
2012-09-17,16.7,11.7,21.1,63,,10.8,1017.9
2012-09-18,19.6,14.4,23.9,78,,28.8,1013.5
2012-09-19,19.4,12.8,22.2,60,,18.0,1013.5
2012-09-20,13.9,10.6,16.7,66,,14.4,1023.2
2012-09-21,13.7,10.6,17.2,79,,10.8,1020.4
2012-09-22,15.9,13.3,19.4,86,,12.2,1013.7
2012-09-23,18.4,13.3,21.7,61,,17.6,1013.7
2012-09-24,14.8,10.6,19.4,50,,14.4,1019.0
2012-09-25,16.1,9.4,22.8,55,,22.3,1020.5
2012-09-26,19.1,15.0,23.3,75,,19.4,1018.1
2012-09-27,17.2,12.8,20.6,72,,13.7,1020.1
2012-09-28,13.9,12.2,14.4,85,,15.5,1021.3
2012-09-29,13.3,12.2,13.9,89,,12.2,1013.2
2012-09-30,13.4,11.7,15.0,88,,11.2,1009.3
2012-10-01,14.9,10.0,20.0,71,,24.8,1008.3
2012-10-02,17.0,13.3,21.7,74,,9.0,1016.2
2012-10-03,16.2,15.0,17.8,94,,9.4,1019.1
2012-10-04,15.6,15.0,16.7,94,,7.9,1019.9
2012-10-05,18.4,13.9,24.4,79,,9.4,1015.2
2012-10-06,19.0,12.2,25.6,71,,19.1,1009.7
2012-10-07,11.9,8.9,14.4,62,,11.9,1016.7
2012-10-08,10.7,7.8,13.3,72,,10.1,1022.9
2012-10-09,12.8,11.7,14.4,71,,20.2,1023.9
2012-10-10,14.0,11.1,16.7,90,,16.9,1013.5
2012-10-11,11.4,7.2,15.0,55,,20.5,1016.6
2012-10-12,9.0,4.4,12.2,56,,21.6,1019.8
2012-10-13,6.8,1.7,11.7,45,,15.5,1029.4
2012-10-14,12.9,8.3,19.4,73,,16.9,1019.9
2012-10-15,18.6,15.6,23.3,77,,22.3,1007.7
2012-10-16,12.8,7.2,17.2,62,,21.2,1004.6
2012-10-17,9.2,5.6,13.3,63,,10.1,1014.0
2012-10-18,11.6,6.7,15.6,78,,11.5,1018.3
2012-10-19,15.0,11.7,20.0,90,,18.4,1013.8
2012-10-20,18.8,14.4,23.3,77,,15.1,1005.0
2012-10-21,14.1,9.4,17.8,52,,19.4,1010.2
2012-10-22,15.0,11.1,20.0,51,,18.4,1013.0
2012-10-23,14.1,10.6,19.4,57,,12.2,1017.8
2012-10-24,10.8,8.3,12.8,61,,8.3,1021.7
2012-10-25,11.1,6.7,15.0,70,,6.5,1025.0
2012-10-26,12.9,8.3,18.9,76,,8.3,1022.7
2012-10-27,12.4,9.4,15.6,86,,9.0,1018.0
2012-10-28,12.0,10.6,13.3,88,,27.4,1013.8
2012-10-29,13.6,11.7,16.1,94,,50.0,997.9
2012-10-30,14.3,11.1,17.2,94,,19.1,998.9
2012-10-31,11.6,8.3,13.3,85,,13.7,999.9
2012-11-01,10.3,7.2,13.9,65,,16.6,1000.4
2012-11-02,9.4,7.2,11.1,65,,15.5,1001.1
2012-11-03,8.2,5.6,11.7,58,,20.5,1005.6
2012-11-04,6.8,3.3,11.7,60,,18.7,1011.3
2012-11-05,3.8,0.6,7.2,50,,17.6,1016.3
2012-11-06,2.1,-0.6,5.0,50,,12.2,1022.5
2012-11-07,4.0,0.0,7.2,73,,37.1,1015.2
2012-11-08,2.5,0.0,4.4,91,,34.6,1004.8
2012-11-09,7.1,3.3,11.7,52,,20.9,1013.0
2012-11-10,7.8,4.4,12.8,58,,11.2,1025.2
2012-11-11,10.8,4.4,16.1,73,,14.0,1031.6
2012-11-12,13.4,8.3,18.9,82,,15.5,1029.5
2012-11-13,10.5,4.4,17.2,84,,20.9,1024.3
2012-11-14,4.5,2.2,7.2,59,,17.6,1032.2
2012-11-15,2.8,1.1,5.0,71,,15.5,1029.3
2012-11-16,4.0,1.7,7.2,68,,10.8,1026.8
2012-11-17,4.8,2.2,8.3,64,,10.8,1035.2
2012-11-18,4.1,0.6,8.3,68,,13.0,1038.6
2012-11-19,4.1,0.6,8.9,72,,11.9,1031.6
2012-11-20,4.7,1.1,8.9,76,,10.8,1022.3
2012-11-21,6.3,3.3,9.4,73,,15.1,1023.1
2012-11-22,6.7,4.4,10.0,83,,8.6,1023.6
2012-11-23,6.2,2.2,9.4,89,,14.0,1013.3
2012-11-24,5.8,1.1,8.9,54,,27.0,1002.0
2012-11-25,1.6,-0.6,4.4,48,,25.9,1007.7
2012-11-26,3.7,0.6,7.8,51,,20.9,1016.7
2012-11-27,1.9,1.1,3.9,78,,7.6,1025.4
2012-11-28,1.2,0.0,2.2,69,,13.3,1021.5
2012-11-29,2.8,0.0,6.1,56,,22.0,1022.4
2012-11-30,0.4,-1.1,3.3,46,,13.0,1030.6
2012-12-01,-0.9,-2.2,0.0,72,,10.4,1035.4
2012-12-02,4.8,0.0,11.1,84,,9.7,1025.3
2012-12-03,10.4,5.0,15.0,71,,16.2,1020.5
2012-12-04,8.2,3.9,13.9,90,,11.5,1023.4
2012-12-05,10.2,0.6,13.9,63,,25.6,1013.9
2012-12-06,1.2,-1.1,5.0,47,,13.7,1024.8
2012-12-07,3.2,-1.1,6.7,72,,7.9,1022.1
2012-12-08,6.4,6.1,8.3,93,,7.9,1014.1
2012-12-09,6.8,5.0,9.4,71,,14.0,1022.0
2012-12-10,10.6,5.6,15.6,96,,13.0,1007.6
2012-12-11,7.2,1.1,13.3,66,,18.0,1010.4
2012-12-12,1.7,-0.6,4.4,55,,12.6,1026.8
2012-12-13,2.3,-1.7,5.6,63,,6.5,1029.4
2012-12-14,3.9,-0.6,9.4,54,,17.3,1021.6
2012-12-15,2.5,0.6,4.4,60,,14.0,1025.2
2012-12-16,1.9,1.1,3.9,75,,22.3,1023.9
2012-12-17,5.4,2.8,7.2,96,,23.0,1014.5
2012-12-18,7.6,5.0,10.0,96,,16.9,999.7
2012-12-19,5.3,3.3,7.2,69,,24.8,1004.2
2012-12-20,3.3,0.6,6.1,72,,13.7,1020.3
2012-12-21,6.5,3.3,11.1,87,,34.2,997.8
2012-12-22,1.4,-1.1,3.3,61,,26.3,995.1
2012-12-23,1.0,-1.7,3.3,51,,20.9,1008.8
2012-12-24,1.9,-0.6,4.4,50,,13.0,1015.9
2012-12-25,0.1,-2.2,1.7,70,,13.3,1018.0
2012-12-26,-0.4,-5.0,3.9,66,,22.7,1023.4
2012-12-27,3.8,-1.1,8.3,92,,38.9,998.3
2012-12-28,-0.0,-2.2,2.8,64,,22.3,1011.3
2012-12-29,-0.1,-1.7,2.8,78,,15.1,1008.8
2012-12-30,-2.5,-5.6,-1.1,66,,30.6,1004.3
2012-12-31,-2.5,-6.1,1.1,63,,22.0,1013.9
2013-01-01,-0.1,-6.7,2.8,53,,23.0,1008.6
2013-01-02,-5.6,-11.1,-1.1,51,,22.0,1014.8
2013-01-03,-8.7,-13.9,-3.9,46,,16.9,1018.6
2013-01-04,-0.6,-6.1,3.3,59,,20.9,1012.4
2013-01-05,1.3,-2.8,5.6,53,,14.8,1018.7
2013-01-06,1.9,-2.2,6.1,64,,12.6,1017.3
2013-01-07,1.5,-1.7,3.9,68,,14.4,1023.4
2013-01-08,3.2,-2.2,7.8,65,,20.5,1026.8
2013-01-09,3.6,-2.2,7.8,67,,12.6,1023.7
2013-01-10,5.9,1.7,8.3,44,,24.5,1026.2
2013-01-11,2.4,-0.6,4.4,70,,7.2,1029.9
2013-01-12,5.0,3.3,6.7,94,,3.6,1021.8
2013-01-13,7.2,4.4,10.6,98,,10.8,1018.9
2013-01-14,11.1,5.6,16.1,72,,21.2,1017.0
2013-01-15,4.0,1.7,5.6,53,,10.1,1025.0
2013-01-16,0.6,-1.1,2.2,85,,10.4,1016.0
2013-01-17,2.0,-1.1,5.6,70,,18.4,1014.6
2013-01-18,-4.6,-7.2,-1.1,33,,20.9,1026.0
2013-01-19,3.1,-4.4,9.4,51,,28.1,1020.2
2013-01-20,5.9,-1.7,12.2,50,,29.9,1006.6
2013-01-21,-3.5,-5.0,-1.1,48,,16.6,1015.5
2013-01-22,-5.8,-9.4,-3.9,56,,23.4,1011.8
2013-01-23,-10.8,-13.3,-8.3,38,,24.1,1019.4
2013-01-24,-11.2,-15.6,-6.1,34,,28.1,1019.8
2013-01-25,-8.3,-12.2,-4.4,31,,20.2,1022.9
2013-01-26,-7.8,-10.6,-3.9,52,,19.4,1018.4
2013-01-27,-5.6,-10.0,0.0,37,,22.3,1027.9
2013-01-28,-3.4,-6.1,-0.6,55,,9.0,1025.6
2013-01-29,-0.7,-2.8,1.1,87,,7.2,1020.5
2013-01-30,8.8,0.6,15.6,91,,23.4,1009.7
2013-01-31,9.0,0.0,15.6,66,,43.2,991.6
2013-02-01,-1.4,-5.0,1.1,38,,27.4,1008.9
2013-02-02,-4.0,-7.2,-1.1,42,,20.5,1020.5
2013-02-03,-3.9,-5.0,-2.8,74,,13.0,1012.2
2013-02-04,-3.4,-5.6,-0.6,52,,27.0,1008.9
2013-02-05,-3.8,-5.6,-2.8,54,,11.2,1015.2
2013-02-06,-0.5,-3.3,4.4,64,,15.5,1016.9
2013-02-07,-3.9,-7.8,-1.1,37,,14.8,1031.4
2013-02-08,-0.8,-6.7,1.1,83,,41.4,1020.8
2013-02-09,-7.7,-9.4,-6.7,82,,33.8,1009.4
2013-02-10,-4.4,-9.4,2.2,47,,13.7,1026.9
2013-02-11,1.1,-6.7,7.2,82,,11.9,1015.5
2013-02-12,4.3,2.2,6.7,62,,24.5,1006.1
2013-02-13,2.1,-1.1,5.6,61,,11.5,1009.3
2013-02-14,2.2,0.0,5.6,59,,14.0,1011.3
2013-02-15,3.4,-1.1,8.3,73,,16.2,1014.8
2013-02-16,1.7,0.0,3.3,76,,13.7,1011.9
2013-02-17,-5.0,-7.8,0.0,60,,34.6,999.4
2013-02-18,-4.6,-8.9,0.6,36,,32.0,1013.6
2013-02-19,2.2,-3.3,7.2,59,,15.5,1014.8
2013-02-20,1.0,-2.8,6.1,56,,27.4,1003.8
2013-02-21,-2.1,-3.9,0.6,49,,28.4,1011.5
2013-02-22,-0.3,-3.3,3.3,62,,15.1,1027.0
2013-02-23,1.6,0.0,3.3,78,,10.1,1021.9
2013-02-24,1.3,-1.7,3.3,94,,21.2,1008.7
2013-02-25,0.9,-2.2,5.0,80,,11.5,1018.8
2013-02-26,1.8,-1.7,5.0,81,,10.8,1025.7
2013-02-27,3.7,3.3,4.4,95,,32.0,1010.8
2013-02-28,2.9,0.6,6.7,89,,9.7,1001.6
2013-03-01,3.2,1.1,5.0,72,,15.1,1002.7
2013-03-02,3.1,1.1,5.6,62,,14.4,1004.2
2013-03-03,2.6,0.6,6.1,68,,14.4,1002.6
2013-03-04,1.8,-0.6,5.0,60,,28.1,1003.0
2013-03-05,2.9,0.0,6.1,66,,16.6,1013.5
2013-03-06,3.2,1.7,5.0,80,,36.7,1018.5
2013-03-07,0.4,-1.1,2.8,90,,38.2,1016.5
2013-03-08,0.4,-2.2,5.6,81,,29.5,1016.2
2013-03-09,1.8,-0.6,3.3,67,,17.6,1024.3
2013-03-10,1.4,-2.2,2.8,79,,12.6,1028.5
2013-03-11,4.8,1.7,10.0,79,,15.8,1024.2
2013-03-12,8.2,3.9,11.7,93,,18.7,1015.1
2013-03-13,7.6,3.9,10.6,58,,20.2,1007.2
2013-03-14,0.8,-5.0,3.9,44,,27.0,1007.9
2013-03-15,-1.0,-6.1,5.0,43,,24.5,1008.1
2013-03-16,1.4,-1.1,4.4,43,,13.3,1009.0
2013-03-17,0.2,-3.9,3.3,37,,18.4,1017.2
2013-03-18,-2.3,-6.1,0.6,45,,16.6,1028.6
2013-03-19,0.4,-2.2,2.2,95,,35.6,1011.6
2013-03-20,0.2,-3.3,3.9,59,,23.0,1007.3
2013-03-21,-0.0,-1.1,1.7,64,,9.0,1006.7
2013-03-22,1.4,-1.7,4.4,53,,19.8,1004.3
2013-03-23,2.5,-1.1,6.7,47,,26.6,1006.0
2013-03-24,3.9,0.6,8.9,52,,16.2,1008.4
2013-03-25,3.8,0.6,6.7,70,,22.3,1004.0
2013-03-26,5.4,1.1,10.0,51,,16.9,1004.1
2013-03-27,6.8,2.2,12.8,42,,19.4,1008.7
2013-03-28,5.7,3.3,8.9,67,,13.7,1013.8
2013-03-29,8.4,4.4,13.3,54,,14.0,1016.4
2013-03-30,8.0,4.4,12.2,51,,13.0,1017.6
2013-03-31,7.9,1.1,15.0,51,,15.8,1017.2
2013-04-01,9.4,1.7,16.7,67,,23.4,1003.2
2013-04-02,2.5,-0.5,5.6,36,,27.4,1011.3
2013-04-03,2.9,-0.5,8.3,34,,30.6,1015.2
2013-04-04,5.2,0.0,13.3,34,,22.0,1021.8
2013-04-05,7.6,3.3,13.9,46,,20.5,1010.7
2013-04-06,4.9,0.6,8.3,31,,19.4,1021.1
2013-04-07,5.8,0.0,12.2,56,,25.6,1022.6
2013-04-08,10.4,7.8,17.2,65,,15.8,1016.9
2013-04-09,11.7,7.2,22.8,70,,14.0,1014.7
2013-04-10,8.6,7.2,12.2,82,,9.7,1014.1
2013-04-11,7.9,5.6,9.4,81,,11.2,1015.6
2013-04-12,4.6,3.3,6.1,82,,30.6,1017.2
2013-04-13,4.7,2.2,10.6,81,,14.4,1010.5
2013-04-14,8.7,5.6,12.8,52,,16.9,1016.4
2013-04-15,7.2,3.3,9.4,62,,16.9,1027.2
2013-04-16,10.0,3.9,17.8,65,,24.1,1025.6
2013-04-17,14.3,8.3,18.9,53,,15.5,1021.8
2013-04-18,10.6,7.2,17.2,55,,22.0,1027.4
2013-04-19,16.2,11.7,23.9,78,,28.8,1013.2
2013-04-20,14.2,6.7,18.3,60,,24.1,1010.6
2013-04-21,7.1,2.8,10.0,44,,17.3,1032.4
2013-04-22,6.2,2.2,9.4,62,,22.3,1039.5
2013-04-23,5.4,5.0,6.1,85,,27.4,1029.4
2013-04-24,9.9,6.1,20.6,76,,23.4,1013.1
2013-04-25,13.4,8.9,18.9,56,,17.3,1017.5
2013-04-26,9.7,6.7,11.1,65,,16.2,1028.8
2013-04-27,9.6,5.6,13.3,62,,11.9,1028.8
2013-04-28,11.6,6.7,17.2,54,,15.8,1026.0
2013-04-29,13.2,8.9,20.0,55,,15.5,1024.5
2013-04-30,12.3,8.3,16.1,49,,11.9,1026.7
2013-05-01,11.8,7.2,15.6,56,,10.1,1031.1
2013-05-02,13.3,8.3,21.1,61,,14.4,1030.7
2013-05-03,9.4,6.7,11.7,71,,16.2,1031.9
2013-05-04,9.5,6.7,11.1,71,,14.8,1027.9
2013-05-05,8.5,4.4,11.7,74,,14.4,1026.5
2013-05-06,8.6,6.1,12.8,87,,11.2,1024.1
2013-05-07,14.1,8.3,22.2,74,,15.1,1021.3
2013-05-08,14.9,11.7,18.9,90,,17.6,1021.1
2013-05-09,13.0,11.7,17.2,99,,7.9,1014.9
2013-05-10,15.6,13.3,20.6,82,,10.8,1013.5
2013-05-11,17.8,15.0,22.2,81,,19.4,1009.1
2013-05-12,17.3,10.6,22.8,70,,17.3,1004.0
2013-05-13,12.1,7.8,15.6,38,,19.8,1013.5
2013-05-14,10.8,6.7,15.6,41,,18.4,1016.3
2013-05-15,12.7,6.7,19.4,54,,16.9,1013.4
2013-05-16,19.1,11.7,27.8,41,,21.2,1004.8
2013-05-17,17.2,12.2,21.1,50,,18.7,1016.1
2013-05-18,14.6,10.6,19.4,60,,16.6,1024.9
2013-05-19,13.7,10.0,17.2,80,,13.0,1026.4
2013-05-20,17.9,13.3,27.8,79,,10.4,1016.8
2013-05-21,15.4,11.1,18.9,90,,15.5,1014.4
2013-05-22,12.4,10.6,15.6,89,,13.0,1014.1
2013-05-23,15.9,11.7,25.0,88,,16.6,1012.0
2013-05-24,18.8,10.6,21.1,90,,15.8,1007.0
2013-05-25,10.7,5.6,12.2,88,,22.7,1007.3
2013-05-26,9.1,5.0,15.6,63,,25.6,1010.7
2013-05-27,14.7,8.3,22.8,45,,15.8,1019.5
2013-05-28,15.2,10.6,17.8,64,,10.8,1022.9
2013-05-29,16.2,13.9,21.1,88,,10.4,1019.0
2013-05-30,23.3,18.3,31.1,64,,17.3,1017.1
2013-05-31,28.7,22.2,34.4,52,,17.6,1016.4
2013-06-01,27.9,21.1,33.3,54,,21.6,1013.2
2013-06-02,25.7,20.0,31.1,66,,25.2,1009.6
2013-06-03,21.0,16.7,25.0,79,,16.2,1009.5
2013-06-04,18.6,12.8,22.8,43,,19.4,1013.2
2013-06-05,18.2,13.9,22.2,50,,14.0,1020.6
2013-06-06,17.6,13.9,20.6,62,,14.8,1021.1
2013-06-07,14.1,12.8,14.4,91,,19.4,1016.7
2013-06-08,16.7,12.8,26.1,77,,19.4,1008.6
2013-06-09,21.6,16.1,26.7,56,,14.4,1018.6
2013-06-10,18.8,14.4,20.6,78,,13.3,1021.3
2013-06-11,15.2,13.3,17.8,90,,14.8,1006.6
2013-06-12,16.3,13.3,21.7,74,,18.7,1004.0
2013-06-13,16.6,11.7,19.4,76,,14.0,1008.2
2013-06-14,14.8,11.7,23.3,72,,18.0,1005.6
2013-06-15,21.3,16.7,26.7,42,,16.9,1011.4
2013-06-16,21.3,16.1,25.0,51,,16.9,1010.8
2013-06-17,23.2,17.2,30.6,65,,18.0,1010.2
2013-06-18,18.2,15.0,21.7,82,,11.2,1013.3
2013-06-19,17.2,14.4,21.7,68,,16.2,1015.8
2013-06-20,18.4,14.4,25.0,62,,14.8,1023.3
2013-06-21,21.6,16.1,28.9,63,,13.3,1023.6
2013-06-22,23.5,18.3,29.4,56,,19.8,1022.1
2013-06-23,24.6,18.9,32.8,60,,21.2,1018.7
2013-06-24,28.0,21.1,35.0,65,,18.4,1014.1
2013-06-25,27.1,20.6,33.3,59,,19.1,1010.2
2013-06-26,24.8,17.8,28.9,77,,11.2,1008.1
2013-06-27,18.1,16.1,18.9,96,,11.5,1010.2
2013-06-28,20.4,16.7,27.2,88,,21.6,1001.8
2013-06-29,23.3,21.1,28.3,81,,19.8,1002.1
2013-06-30,23.9,20.6,28.9,80,,16.6,1010.1
2013-07-01,24.1,21.7,29.4,86,,14.4,1015.9
2013-07-02,23.4,16.1,27.8,85,,13.7,1020.6
2013-07-03,22.9,16.7,32.8,74,,19.8,1021.7
2013-07-04,28.4,23.9,34.4,68,,19.4,1020.8
2013-07-05,29.9,26.1,35.0,62,,20.2,1019.1
2013-07-06,29.8,26.1,33.9,58,,18.4,1016.8
2013-07-07,28.5,23.9,33.9,58,,12.2,1015.0
2013-07-08,24.8,18.9,29.4,82,,14.4,1014.6
2013-07-09,19.9,18.3,22.2,87,,9.4,1018.6
2013-07-10,22.2,19.4,30.0,85,,16.2,1013.6
2013-07-11,25.0,22.8,27.8,80,,13.0,1010.0
2013-07-12,22.3,18.9,23.3,72,,20.5,1018.5
2013-07-13,20.1,18.9,22.2,86,,10.4,1025.2
2013-07-14,24.6,20.6,33.9,78,,7.9,1024.4
2013-07-15,27.4,23.3,33.3,67,,11.2,1020.9
2013-07-16,28.2,23.9,33.9,62,,10.4,1020.1
2013-07-17,27.2,22.8,35.0,66,,13.7,1019.4
2013-07-18,27.9,24.4,32.8,68,,16.6,1015.1
2013-07-19,30.5,25.6,37.2,61,,24.1,1009.9
2013-07-20,30.9,26.1,35.6,59,,20.5,1005.9
2013-07-21,25.1,20.0,26.1,68,,14.4,1013.1
2013-07-22,22.0,20.0,24.4,84,,11.9,1014.8
2013-07-23,21.9,20.0,27.8,92,,9.7,1004.6
2013-07-24,25.6,18.9,31.1,67,,13.7,1005.2
2013-07-25,18.5,15.6,18.9,74,,17.3,1017.6
2013-07-26,18.1,16.7,22.2,87,,18.0,1015.0
2013-07-27,22.1,16.7,28.9,71,,14.0,1016.5
2013-07-28,21.5,19.4,23.9,88,,10.4,1015.6
2013-07-29,21.6,18.9,27.2,85,,10.8,1016.1
2013-07-30,23.4,18.9,28.9,62,,13.7,1017.7
2013-07-31,23.1,20.0,26.1,62,,13.0,1018.7
2013-08-01,22.7,18.9,27.8,68,,15.5,1014.6
2013-08-02,22.7,18.9,29.4,66,,13.3,1009.9
2013-08-03,23.4,20.0,26.7,63,,19.1,1009.6
2013-08-04,22.6,18.3,27.8,56,,14.8,1009.6
2013-08-05,20.6,16.1,25.6,44,,18.4,1014.0
2013-08-06,20.2,15.0,23.3,54,,11.5,1019.6
2013-08-07,20.5,16.1,26.1,64,,15.1,1021.2
2013-08-08,21.9,18.3,27.2,75,,17.6,1018.1
2013-08-09,22.8,21.7,24.4,90,,18.4,1012.4
2013-08-10,25.1,19.4,29.4,58,,19.1,1011.6
2013-08-11,22.4,17.2,27.2,49,,11.2,1017.1
2013-08-12,23.3,18.3,28.9,56,,12.2,1015.1
2013-08-13,21.4,18.9,22.8,80,,8.6,1009.4
2013-08-14,20.8,17.2,24.4,56,,22.7,1007.2
2013-08-15,20.4,15.6,25.6,49,,15.8,1017.1
2013-08-16,21.8,16.7,26.7,51,,13.7,1020.3
2013-08-17,20.7,17.8,23.3,65,,11.9,1024.1
2013-08-18,20.9,17.2,25.6,67,,10.1,1023.0
2013-08-19,23.0,17.8,28.9,57,,14.4,1016.0
2013-08-20,25.1,20.6,30.6,56,,10.8,1017.0
2013-08-21,25.5,19.4,31.7,55,,11.9,1018.7
2013-08-22,25.8,21.1,31.7,65,,19.8,1013.8
2013-08-23,22.9,18.9,25.6,63,,15.5,1013.6
2013-08-24,19.3,15.6,22.2,50,,14.4,1024.6
2013-08-25,20.5,16.1,28.3,51,,14.8,1025.5
2013-08-26,22.8,19.4,28.9,61,,18.0,1016.5
2013-08-27,22.2,18.3,24.4,84,,7.9,1011.2
2013-08-28,19.1,16.1,22.8,90,,9.4,1012.6
2013-08-29,17.9,16.7,19.4,88,,15.5,1016.9
2013-08-30,21.1,17.2,28.9,68,,13.7,1013.0
2013-08-31,23.8,20.6,27.8,83,,15.8,1009.5
2013-09-01,22.9,21.1,26.1,87,,13.7,1010.6
2013-09-02,22.9,20.6,27.2,89,,11.5,1008.8
2013-09-03,23.8,19.4,27.2,75,,13.3,1007.1
2013-09-04,22.3,17.2,27.8,54,,17.6,1011.1
2013-09-05,19.7,13.9,21.1,70,,14.0,1014.7
2013-09-06,16.1,11.1,21.7,47,,14.0,1021.6
2013-09-07,18.7,12.2,27.2,49,,17.3,1015.3
2013-09-08,21.0,13.3,25.6,53,,21.2,1010.6
2013-09-09,16.1,11.1,21.7,50,,15.1,1021.6
2013-09-10,18.8,15.0,25.0,76,,18.4,1019.2
2013-09-11,26.4,20.0,36.1,71,,15.8,1016.4
2013-09-12,25.7,19.4,31.1,76,,18.4,1010.1
2013-09-13,21.1,16.1,24.4,85,,10.8,1003.6
2013-09-14,17.4,13.9,20.0,65,,15.8,1012.1
2013-09-15,17.0,12.2,22.8,59,,13.7,1019.1
2013-09-16,17.1,10.0,21.1,60,,16.9,1018.0
2013-09-17,11.7,6.7,15.6,53,,13.0,1027.6
2013-09-18,16.4,10.6,23.9,49,,12.6,1023.9
2013-09-19,17.3,12.2,21.7,63,,8.6,1019.0
2013-09-20,17.5,12.8,21.7,73,,8.6,1017.5
2013-09-21,18.6,13.9,25.0,77,,20.2,1013.2
2013-09-22,20.2,12.8,22.8,68,,21.2,1005.5
2013-09-23,13.9,10.0,18.3,54,,20.9,1012.7
2013-09-24,12.9,8.3,20.0,56,,15.8,1012.8
2013-09-25,13.9,11.1,17.2,61,,12.2,1013.0
2013-09-26,14.8,12.8,17.2,65,,11.9,1017.3
2013-09-27,15.6,13.9,18.9,66,,13.0,1022.5
2013-09-28,15.8,12.8,20.6,76,,9.4,1025.7
2013-09-29,13.8,10.6,16.7,84,,6.1,1022.8
2013-09-30,14.0,10.6,18.3,79,,6.5,1017.7
2013-10-01,16.4,11.1,23.9,66,,10.8,1012.9
2013-10-02,21.2,16.7,27.8,58,,18.4,1011.5
2013-10-03,21.1,16.1,26.1,51,,11.9,1016.7
2013-10-04,17.6,15.0,19.4,67,,4.7,1017.9
2013-10-05,16.9,15.0,20.0,78,,7.2,1019.0
2013-10-06,14.9,13.3,16.7,89,,17.3,1022.0
2013-10-07,18.9,15.6,25.6,85,,19.8,1014.6
2013-10-08,17.2,11.1,20.0,51,,16.9,1021.0
2013-10-09,12.9,9.4,16.1,65,,15.1,1029.9
2013-10-10,12.4,8.9,16.1,80,,12.2,1025.5
2013-10-11,14.5,11.1,18.9,77,,11.5,1020.7
2013-10-12,13.9,11.7,16.1,83,,19.8,1025.4
2013-10-13,12.9,9.4,16.1,71,,13.7,1029.7
2013-10-14,11.3,6.7,16.1,72,,9.4,1027.2
2013-10-15,13.9,11.1,17.8,76,,10.1,1023.9
2013-10-16,13.8,10.6,16.7,85,,8.3,1018.1
2013-10-17,16.4,12.2,22.8,80,,13.7,1010.1
2013-10-18,17.8,13.3,21.1,62,,19.8,1007.2
2013-10-19,14.7,10.0,19.4,53,,13.7,1012.7
2013-10-20,14.3,9.4,17.8,53,,18.7,1010.2
2013-10-21,13.2,7.2,20.0,52,,13.0,1017.8
2013-10-22,14.4,8.9,21.7,64,,16.9,1010.3
2013-10-23,10.7,7.8,11.7,46,,9.4,1005.8
2013-10-24,9.4,6.1,13.3,44,,22.0,1008.0
2013-10-25,7.6,3.9,11.1,49,,16.9,1016.4
2013-10-26,7.9,2.8,13.9,51,,21.2,1017.6
2013-10-27,10.2,6.7,13.9,52,,20.2,1012.5
2013-10-28,9.4,3.9,15.6,48,,19.8,1021.0
2013-10-29,5.8,1.7,9.4,56,,11.2,1029.4
2013-10-30,6.7,3.9,11.7,74,,6.1,1025.3
2013-10-31,9.7,4.4,17.2,85,,13.3,1019.4
2013-11-01,18.6,15.6,22.2,74,,33.8,1001.8
2013-11-02,14.7,10.0,18.9,64,,7.6,1004.2
2013-11-03,8.3,1.1,11.7,63,,17.3,1018.5
2013-11-04,2.5,-0.5,5.6,48,,14.0,1036.4
2013-11-05,3.9,0.0,8.9,58,,11.9,1037.8
2013-11-06,9.6,5.6,16.1,67,,17.3,1026.8
2013-11-07,14.1,6.1,20.0,77,,22.3,1009.7
2013-11-08,6.8,3.3,10.0,49,,21.6,1013.4
2013-11-09,4.7,1.7,8.3,45,,18.7,1020.6
2013-11-10,8.4,5.6,14.4,61,,18.4,1010.7
2013-11-11,7.8,5.0,11.7,44,,20.5,1015.4
2013-11-12,5.2,-1.6,10.0,56,,22.0,1017.3
2013-11-13,-0.3,-3.2,3.3,44,,20.5,1023.7
2013-11-14,3.6,-1.0,11.1,40,,19.1,1019.2
2013-11-15,8.3,3.3,16.7,36,,14.0,1021.2
2013-11-16,9.1,4.4,15.0,52,,8.6,1025.1
2013-11-17,7.9,3.3,12.8,87,,5.4,1022.6
2013-11-18,15.0,10.0,19.4,66,,21.6,1002.9
2013-11-19,7.6,0.0,10.0,41,,27.0,1013.9
2013-11-20,1.9,-1.6,6.1,37,,15.5,1032.5
2013-11-21,3.1,-1.6,8.9,42,,11.2,1034.7
2013-11-22,6.8,5.6,8.9,85,,7.9,1019.8
2013-11-23,6.9,-0.5,10.0,51,,25.9,1010.1
2013-11-24,-2.1,-6.0,-0.5,36,,36.0,1013.5
2013-11-25,-4.1,-7.7,1.1,31,,20.2,1026.4
2013-11-26,2.2,0.0,6.7,55,,14.8,1025.0
2013-11-27,10.7,3.9,16.7,90,,27.0,998.1
2013-11-28,2.4,-2.7,3.9,47,,28.4,1016.4
2013-11-29,-1.7,-4.9,1.7,42,,15.8,1035.2
2013-11-30,-3.3,-6.6,1.7,55,,11.9,1039.2
2013-12-01,3.5,1.1,8.3,81,,9.7,1022.7
2013-12-02,3.8,2.8,5.0,88,,8.3,1014.9
2013-12-03,4.6,2.2,9.4,75,,12.6,1012.5
2013-12-04,4.2,1.7,7.2,62,,11.5,1018.8
2013-12-05,5.9,2.2,13.9,84,,6.5,1019.5
2013-12-06,11.2,1.7,13.9,78,,17.3,1015.0
2013-12-07,3.3,-0.5,5.6,64,,16.9,1024.0
2013-12-08,-0.9,-2.7,0.0,49,,10.4,1034.0
2013-12-09,1.2,-3.2,6.1,87,,19.1,1020.8
2013-12-10,1.9,-2.7,3.3,77,,16.9,1012.1
2013-12-11,-2.2,-4.3,0.0,61,,22.3,1020.5
2013-12-12,-3.9,-7.7,-2.7,45,,18.7,1022.7
2013-12-13,-4.9,-8.8,-1.0,52,,22.0,1019.4
2013-12-14,-8.3,-11.6,-0.5,60,,21.6,1032.2
2013-12-15,-1.1,-4.9,3.3,86,,30.2,1004.2
2013-12-16,-2.4,-6.6,-1.0,53,,22.3,1014.5
2013-12-17,-7.7,-12.7,-2.1,68,,15.5,1021.3
2013-12-18,-3.8,-7.1,2.2,67,,20.9,1013.8
2013-12-19,0.8,-2.7,6.1,58,,18.7,1017.6
2013-12-20,4.3,0.0,10.6,67,,13.0,1016.6
2013-12-21,7.8,5.0,12.2,77,,18.4,1013.0
2013-12-22,7.6,1.7,12.2,93,,12.2,1012.6
2013-12-23,1.5,0.6,4.4,94,,9.4,1017.3
2013-12-24,1.8,-2.1,4.4,58,,16.9,1019.9
2013-12-25,-5.1,-9.3,-2.1,46,,15.8,1030.7
2013-12-26,-2.6,-6.0,2.2,74,,11.2,1025.4
2013-12-27,-0.7,-2.1,1.7,60,,18.7,1023.9
2013-12-28,1.9,-2.7,8.9,59,,16.9,1019.4
2013-12-29,3.3,0.6,6.7,77,,13.3,1010.3
2013-12-30,3.6,-7.1,6.7,62,,21.6,1011.1
2013-12-31,-6.3,-9.9,-3.2,46,,15.1,1020.0
2014-01-01,-4.4,-7.1,-1.6,44,,15.1,1026.8
2014-01-02,-6.4,-16.6,-3.2,80,,28.1,1021.2
2014-01-03,-14.2,-16.6,-9.9,63,,27.4,1016.0
2014-01-04,-12.0,-16.6,-2.7,53,,19.8,1028.9
2014-01-05,-1.7,-4.3,3.3,69,,13.0,1023.8
2014-01-06,6.8,-1.6,13.3,85,,22.3,999.7
2014-01-07,-6.3,-12.7,-1.6,39,,31.7,1012.2
2014-01-08,-10.6,-13.8,-5.5,44,,20.5,1029.0
2014-01-09,-5.2,-7.1,-1.0,45,,13.7,1034.7
2014-01-10,-3.8,-7.7,2.8,81,,7.9,1031.4
2014-01-11,6.2,1.1,15.0,94,,18.4,1008.8
2014-01-12,8.8,2.8,12.2,59,,25.9,1002.2
2014-01-13,4.6,-0.5,10.6,61,,18.4,1017.0
2014-01-14,8.3,6.7,10.0,88,,12.6,1008.2
2014-01-15,6.1,1.7,8.9,77,,10.4,1013.6
2014-01-16,2.8,0.6,3.9,94,,5.0,1012.2
2014-01-17,4.0,0.6,7.8,70,,12.6,1013.8
2014-01-18,1.8,0.0,3.3,88,,11.2,1007.5
2014-01-19,0.4,-1.0,1.7,74,,23.8,1003.6
2014-01-20,1.6,-3.2,5.0,58,,24.1,1002.4
2014-01-21,-6.6,-11.6,-3.2,56,,18.7,1015.4
2014-01-22,-11.3,-13.8,-7.7,54,,26.6,1007.8
2014-01-23,-10.9,-14.3,-5.5,43,,20.5,1016.6
2014-01-24,-10.7,-13.8,-7.1,43,,22.0,1022.1
2014-01-25,-4.3,-9.3,3.3,61,,27.7,1004.3
2014-01-26,-5.6,-8.8,-3.2,47,,25.2,1005.6
2014-01-27,-0.5,-6.0,8.3,58,,22.3,1006.6
2014-01-28,-7.4,-10.5,-6.0,32,,20.5,1023.2
2014-01-29,-6.9,-9.3,-2.7,36,,15.8,1019.5
2014-01-30,-5.4,-8.8,-1.0,41,,15.8,1027.1
2014-01-31,-1.1,-5.5,6.1,50,,14.8,1019.2
2014-02-01,3.3,0.0,5.6,51,,13.3,1024.2
2014-02-02,4.4,-0.5,12.8,72,,10.8,1013.8
2014-02-03,2.4,-2.7,5.0,76,,14.8,1021.7
2014-02-04,-1.8,-4.9,1.7,64,,9.7,1028.8
2014-02-05,-0.7,-4.3,0.6,88,,17.3,1014.4
2014-02-06,-4.8,-7.1,-2.1,61,,12.6,1021.8
2014-02-07,-4.3,-7.1,-1.0,48,,17.3,1022.8
2014-02-08,-4.2,-7.7,-1.6,38,,16.2,1023.2
2014-02-09,-3.5,-6.0,-1.0,64,,12.2,1018.9
2014-02-10,-3.6,-6.6,-1.0,58,,18.7,1016.9
2014-02-11,-6.4,-9.9,-3.8,47,,16.6,1025.8
2014-02-12,-8.6,-13.2,-4.9,48,,12.2,1032.7
2014-02-13,-1.6,-6.0,2.2,85,,32.0,1012.1
2014-02-14,1.1,-1.6,2.8,71,,29.5,988.1
2014-02-15,-0.1,-2.7,1.7,77,,15.5,1006.4
2014-02-16,-1.9,-4.9,0.6,52,,26.6,1006.7
2014-02-17,-5.3,-9.9,-1.6,34,,23.8,1022.8
2014-02-18,-4.7,-9.9,1.7,69,,16.9,1020.7
2014-02-19,-1.7,-6.0,2.2,80,,13.0,1013.3
2014-02-20,3.7,0.6,8.9,62,,15.1,1019.6
2014-02-21,2.8,1.1,6.7,94,,14.4,1014.2
2014-02-22,5.3,1.1,10.0,59,,23.0,1012.8
2014-02-23,5.9,1.1,11.1,53,,9.7,1012.9
2014-02-24,3.3,-4.3,7.2,39,,26.3,1009.1
2014-02-25,-3.7,-5.5,-1.6,43,,16.9,1013.9
2014-02-26,-4.7,-8.8,0.0,42,,18.7,1011.3
2014-02-27,-6.6,-11.0,-1.0,45,,19.1,1007.5
2014-02-28,-7.7,-12.1,-3.8,30,,19.1,1024.0
2014-03-01,-4.4,-8.8,2.2,44,,13.0,1026.7
2014-03-02,1.2,-1.0,4.4,56,,11.2,1016.7
2014-03-03,-4.1,-8.8,-1.0,38,,18.7,1020.3
2014-03-04,-6.6,-11.0,-0.5,30,,13.0,1026.4
2014-03-05,-3.2,-6.6,-1.6,61,,15.5,1026.8
2014-03-06,-7.0,-11.6,-3.8,45,,11.9,1035.5
2014-03-07,-3.7,-8.8,1.1,66,,7.6,1025.7
2014-03-08,3.1,-2.7,12.8,56,,12.2,1009.3
2014-03-09,2.6,-1.0,6.1,33,,16.9,1012.5
2014-03-10,1.7,-2.1,6.7,60,,13.0,1008.7
2014-03-11,6.7,1.1,15.6,59,,13.7,1001.9
2014-03-12,5.7,2.8,7.8,81,,7.9,997.7
2014-03-13,-2.3,-8.2,2.8,66,,29.5,995.5
2014-03-14,-4.3,-8.8,3.9,43,,22.7,1017.5
2014-03-15,6.5,3.3,13.9,57,,23.4,1008.2
2014-03-16,1.5,-4.9,2.8,34,,26.3,1018.0
2014-03-17,-5.1,-8.8,-2.7,38,,13.3,1020.7
2014-03-18,-2.9,-6.6,0.6,48,,13.3,1025.9
2014-03-19,0.4,-2.7,5.0,68,,16.6,1025.3
2014-03-20,5.4,2.8,11.1,71,,19.4,1006.3
2014-03-21,4.3,1.1,7.2,47,,27.0,1010.8
2014-03-22,4.3,-2.1,13.9,52,,22.7,1012.1
2014-03-23,3.8,-5.5,6.7,41,,20.9,1014.5
2014-03-24,-3.8,-8.2,0.6,29,,20.5,1019.8
2014-03-25,-1.5,-6.0,3.9,38,,16.2,1018.8
2014-03-26,0.0,-4.3,1.7,38,,41.8,1007.0
2014-03-27,-0.9,-6.0,7.8,26,,23.0,1023.6
2014-03-28,6.7,1.7,15.6,64,,23.0,1018.8
2014-03-29,8.6,3.9,11.1,79,,20.2,1020.9
2014-03-30,4.6,2.2,6.1,91,,27.7,1006.4
2014-03-31,2.4,1.1,5.6,80,,21.6,1010.1
2014-04-01,4.7,1.1,8.3,60,,15.5,1017.4
2014-04-02,5.6,2.8,7.8,66,,9.0,1018.7
2014-04-03,5.9,1.1,12.2,57,,15.1,1018.5
2014-04-04,4.3,2.8,6.7,72,,18.0,1019.3
2014-04-05,6.2,3.3,12.2,70,,21.6,1008.3
2014-04-06,6.7,1.7,15.0,38,,14.0,1018.1
2014-04-07,9.2,3.3,15.0,50,,12.2,1021.3
2014-04-08,11.1,6.1,18.3,81,,21.6,998.8
2014-04-09,10.1,5.0,15.0,44,,21.2,1004.0
2014-04-10,8.6,1.1,15.6,34,,22.3,1018.2
2014-04-11,13.4,8.9,20.6,52,,16.2,1014.8
2014-04-12,14.5,9.4,20.6,49,,13.7,1019.4
2014-04-13,11.1,7.2,17.2,67,,12.2,1021.5
2014-04-14,17.6,13.9,23.9,64,,34.9,1014.3
2014-04-15,16.4,5.0,20.0,83,,38.2,1007.1
2014-04-16,5.6,-0.5,7.2,53,,24.1,1022.8
2014-04-17,2.2,0.0,4.4,59,,22.3,1040.9
2014-04-18,2.9,-0.5,5.6,72,,14.0,1032.5
2014-04-19,8.8,2.8,17.2,50,,19.4,1023.6
2014-04-20,7.5,3.9,8.9,52,,14.8,1031.5
2014-04-21,9.3,2.2,20.6,53,,14.8,1019.2
2014-04-22,14.3,8.3,22.8,57,,19.1,1003.6
2014-04-23,11.8,7.8,13.9,74,,24.1,998.0
2014-04-24,9.8,5.6,15.0,36,,33.5,1005.8
2014-04-25,10.3,6.1,13.9,44,,16.9,1013.2
2014-04-26,7.6,5.6,8.3,78,,11.9,1010.0
2014-04-27,6.3,5.0,10.0,82,,10.4,1013.8
2014-04-28,8.5,5.6,12.2,66,,18.4,1018.2
2014-04-29,6.6,5.6,6.7,73,,27.4,1030.3
2014-04-30,5.9,5.0,7.2,80,,22.7,1031.3
2014-05-01,9.7,6.7,15.6,91,,9.0,1010.4
2014-05-02,13.9,10.0,20.6,48,,16.6,1005.8
2014-05-03,14.5,10.0,19.4,50,,13.7,1009.0
2014-05-04,13.9,10.0,16.7,52,,25.9,1002.6
2014-05-05,13.4,10.0,18.9,50,,22.0,1006.9
2014-05-06,13.2,8.3,17.8,46,,16.2,1011.8
2014-05-07,13.0,8.3,20.6,39,,15.5,1020.2
2014-05-08,13.1,8.9,16.7,52,,10.4,1021.1
2014-05-09,12.1,10.0,15.0,85,,6.8,1022.3
2014-05-10,18.7,13.9,26.7,75,,18.7,1011.2
2014-05-11,20.9,16.7,26.7,37,,19.1,1012.3
2014-05-12,21.9,11.1,29.4,35,,17.6,1017.0
2014-05-13,12.4,7.8,11.1,71,,16.9,1025.5
2014-05-14,10.4,7.8,17.2,76,,14.8,1026.4
2014-05-15,17.6,13.9,25.0,78,,14.0,1024.6
2014-05-16,18.4,15.0,22.8,84,,22.3,1019.3
2014-05-17,18.8,14.4,23.9,65,,20.5,1013.6
2014-05-18,14.9,11.1,17.2,53,,14.8,1017.9
2014-05-19,14.9,11.1,20.0,45,,21.2,1017.5
2014-05-20,14.7,11.7,20.6,59,,15.1,1015.3
2014-05-21,14.9,11.1,18.3,72,,11.9,1015.0
2014-05-22,12.8,10.6,15.0,88,,12.2,1012.9
2014-05-23,12.6,11.1,13.9,86,,13.7,1013.5
2014-05-24,12.7,11.1,16.1,76,,13.0,1016.4
2014-05-25,13.3,11.1,18.9,80,,11.2,1017.7
2014-05-26,18.6,12.8,26.1,63,,19.4,1012.1
2014-05-27,17.7,10.0,23.3,75,,18.4,1011.9
2014-05-28,9.7,6.7,10.0,87,,24.1,1017.9
2014-05-29,10.3,6.1,14.4,70,,12.2,1023.0
2014-05-30,13.4,8.9,18.9,71,,13.0,1018.0
2014-05-31,12.8,11.1,15.6,74,,15.5,1022.0
2014-06-01,14.7,10.6,18.9,56,,13.0,1025.8
2014-06-02,19.9,13.3,28.3,47,,14.4,1020.1
2014-06-03,18.6,13.9,22.2,67,,16.9,1014.8
2014-06-04,14.6,12.8,15.6,84,,10.1,1010.9
2014-06-05,14.6,13.9,15.6,93,,11.5,1006.3
2014-06-06,18.6,13.9,24.4,64,,17.6,1007.8
2014-06-07,21.3,16.1,26.7,58,,13.3,1012.2
2014-06-08,23.1,19.4,27.2,53,,12.6,1012.7
2014-06-09,22.6,18.9,27.2,55,,17.6,1013.9
2014-06-10,20.1,15.0,26.1,83,,14.0,1015.3
2014-06-11,16.1,14.4,17.2,78,,15.5,1021.3
2014-06-12,16.1,15.0,18.9,80,,18.4,1020.3
2014-06-13,16.4,15.0,17.8,91,,15.5,1013.1
2014-06-14,17.8,14.4,25.0,81,,12.2,1010.2
2014-06-15,20.6,14.4,26.7,53,,19.8,1014.6
2014-06-16,20.3,16.7,22.8,50,,16.2,1018.8
2014-06-17,22.6,16.7,28.9,67,,18.0,1015.5
2014-06-18,25.3,20.0,30.6,58,,23.0,1009.2
2014-06-19,25.1,19.4,28.9,46,,17.3,1013.4
2014-06-20,21.5,16.1,25.0,37,,18.7,1013.4
2014-06-21,18.6,13.9,23.9,49,,11.2,1013.6
2014-06-22,18.8,15.0,21.7,51,,12.6,1015.1
2014-06-23,19.1,15.0,25.0,62,,14.0,1019.9
2014-06-24,21.4,15.6,28.9,60,,20.2,1019.6
2014-06-25,24.3,18.9,31.7,63,,23.8,1013.5
2014-06-26,21.8,15.6,27.2,85,,15.5,1011.3
2014-06-27,18.7,15.0,22.2,54,,12.2,1019.7
2014-06-28,21.7,15.0,26.7,50,,10.8,1024.2
2014-06-29,23.2,16.7,30.0,54,,14.4,1022.2
2014-06-30,24.4,17.8,31.7,55,,21.6,1016.0
2014-07-01,26.0,20.6,31.7,64,,22.3,1011.2
2014-07-02,27.2,22.8,32.8,69,,24.1,1011.5
2014-07-03,26.9,20.6,33.3,72,,16.2,1013.4
2014-07-04,22.3,17.8,24.4,87,,13.0,1013.6
2014-07-05,20.2,15.0,26.7,55,,27.4,1012.5
2014-07-06,24.4,18.9,29.4,42,,24.5,1013.7
2014-07-07,24.9,20.6,31.1,63,,23.4,1008.7
2014-07-08,27.1,22.8,33.3,64,,24.1,1007.2
2014-07-09,26.2,22.8,31.1,62,,22.3,1009.2
2014-07-10,24.9,18.9,27.8,52,,12.6,1017.6
2014-07-11,20.9,17.2,22.8,68,,10.8,1022.4
2014-07-12,21.3,16.7,26.7,67,,13.3,1022.0
2014-07-13,24.1,20.0,29.4,63,,24.8,1016.4
2014-07-14,24.5,21.7,30.0,80,,15.8,1011.8
2014-07-15,24.4,21.7,29.4,87,,17.3,1009.1
2014-07-16,22.9,20.6,24.4,91,,12.6,1008.6
2014-07-17,22.5,19.4,27.2,60,,13.0,1013.5
2014-07-18,22.2,18.3,24.4,59,,12.6,1021.4
2014-07-19,19.6,17.2,22.2,82,,8.3,1024.1
2014-07-20,18.9,16.1,22.2,78,,11.2,1022.2
2014-07-21,18.8,16.1,22.8,84,,9.4,1021.8
2014-07-22,22.2,17.2,30.6,73,,15.5,1018.7
2014-07-23,26.8,21.7,33.3,68,,20.9,1011.0
2014-07-24,22.8,17.2,24.4,79,,12.2,1009.6
2014-07-25,21.4,16.7,28.3,55,,12.6,1013.8
2014-07-26,23.6,17.8,29.4,59,,19.1,1013.5
2014-07-27,21.9,18.9,26.7,85,,15.1,1008.4
2014-07-28,23.2,18.3,28.9,80,,16.9,1000.8
2014-07-29,21.7,17.8,26.1,64,,14.8,1008.0
2014-07-30,21.1,17.2,25.6,60,,10.4,1015.3
2014-07-31,21.9,16.7,27.2,62,,16.2,1018.7
2014-08-01,22.3,18.3,27.8,74,,14.4,1022.4
2014-08-02,20.1,16.7,22.2,85,,8.3,1022.5
2014-08-03,18.1,16.7,21.1,85,,8.3,1019.5
2014-08-04,21.0,16.7,26.7,78,,12.6,1016.5
2014-08-05,24.3,21.1,27.8,74,,12.2,1014.8
2014-08-06,23.8,21.1,28.3,62,,13.0,1009.9
2014-08-07,22.3,17.8,26.1,58,,13.7,1011.6
2014-08-08,21.7,16.1,29.4,52,,15.5,1014.9
2014-08-09,22.5,18.3,25.6,58,,12.6,1017.6
2014-08-10,23.2,18.9,26.7,59,,12.2,1019.4
2014-08-11,22.9,18.3,28.9,61,,14.4,1020.1
2014-08-12,22.3,17.8,27.8,72,,14.0,1019.1
2014-08-13,19.3,17.8,20.6,92,,23.0,1009.7
2014-08-14,20.2,16.7,25.0,60,,18.4,1007.7
2014-08-15,19.7,15.6,23.9,60,,13.0,1011.5
2014-08-16,20.4,16.1,25.6,54,,18.4,1013.6
2014-08-17,21.9,17.8,27.2,64,,14.0,1009.7
2014-08-18,21.1,16.7,26.1,53,,15.5,1009.6
2014-08-19,19.1,15.0,23.3,62,,12.2,1012.8
2014-08-20,19.3,15.0,23.3,73,,8.3,1016.2
2014-08-21,18.7,15.6,22.2,86,,10.1,1018.5
2014-08-22,19.6,17.2,22.2,85,,16.6,1018.8
2014-08-23,19.1,16.1,22.2,76,,14.4,1019.8
2014-08-24,20.1,17.2,23.9,59,,9.7,1020.1
2014-08-25,22.7,19.4,27.2,64,,10.8,1020.0
2014-08-26,23.3,17.8,29.4,70,,16.9,1019.5
2014-08-27,25.3,19.4,32.8,62,,20.2,1013.4
2014-08-28,24.5,17.8,27.8,53,,20.2,1010.3
2014-08-29,18.9,15.0,21.7,64,,16.6,1020.9
2014-08-30,19.2,14.4,26.1,68,,16.6,1023.9
2014-08-31,23.7,19.4,29.4,76,,21.6,1016.9
2014-09-01,24.9,22.2,29.4,78,,12.6,1013.9
2014-09-02,26.4,21.7,33.9,76,,14.0,1010.7
2014-09-03,25.3,22.2,29.4,58,,18.7,1012.4
2014-09-04,23.7,18.9,28.3,55,,13.7,1020.2
2014-09-05,25.5,19.4,32.8,65,,19.1,1018.8
2014-09-06,27.1,20.6,33.3,72,,23.4,1011.4
2014-09-07,20.8,17.2,24.4,70,,12.2,1017.4
2014-09-08,18.5,15.0,21.7,68,,16.2,1027.1
2014-09-09,18.1,16.1,20.6,72,,15.5,1026.2
2014-09-10,17.7,15.6,21.1,86,,12.6,1020.2
2014-09-11,20.2,16.7,26.7,78,,21.2,1012.3
2014-09-12,18.7,13.3,20.0,64,,14.0,1017.9
2014-09-13,15.4,11.7,19.4,77,,17.3,1022.8
2014-09-14,15.2,11.1,18.9,67,,15.5,1021.9
2014-09-15,13.5,8.9,19.4,66,,10.8,1022.1
2014-09-16,15.1,12.8,18.3,75,,7.6,1016.4
2014-09-17,16.4,12.2,20.6,66,,10.8,1015.2
2014-09-18,17.4,12.8,23.9,56,,11.5,1015.1
2014-09-19,12.4,7.8,13.3,53,,16.9,1027.5
2014-09-20,14.3,8.3,22.8,64,,18.4,1024.9
2014-09-21,20.4,17.2,27.8,82,,12.2,1010.2
2014-09-22,20.5,11.7,23.3,60,,24.5,1007.0
2014-09-23,15.1,10.0,22.2,50,,11.2,1024.2
2014-09-24,16.1,12.2,18.9,72,,15.5,1035.0
2014-09-25,14.7,11.7,16.7,75,,11.2,1030.2
2014-09-26,16.0,12.2,20.6,69,,7.9,1022.6
2014-09-27,20.3,15.6,27.2,62,,8.6,1020.9
2014-09-28,21.7,15.6,30.6,68,,7.9,1018.5
2014-09-29,20.6,13.9,23.3,77,,15.5,1015.0
2014-09-30,13.8,13.3,13.9,94,,15.1,1016.6
2014-10-01,13.8,13.3,13.9,96,,25.9,1017.9
2014-10-02,12.7,10.6,13.3,92,,22.3,1020.8
2014-10-03,11.0,8.9,12.8,90,,12.2,1017.9
2014-10-04,12.9,11.7,17.2,100,,12.2,1006.4
2014-10-05,13.7,9.4,16.1,65,,18.7,1006.6
2014-10-06,12.4,6.1,19.4,62,,12.2,1018.5
2014-10-07,16.9,12.8,22.8,77,,20.9,1018.3
2014-10-08,19.4,14.4,22.8,66,,23.0,1009.0
2014-10-09,15.1,10.0,18.9,45,,19.1,1013.1
2014-10-10,14.1,10.6,17.2,47,,15.5,1017.8
2014-10-11,10.9,8.3,12.2,74,,7.9,1019.5
2014-10-12,10.5,6.7,15.0,67,,14.8,1023.6
2014-10-13,11.9,7.2,17.2,71,,12.2,1026.7
2014-10-14,19.0,13.9,25.6,78,,17.3,1023.1
2014-10-15,20.2,16.1,27.2,82,,14.8,1018.7
2014-10-16,19.2,15.6,21.1,95,,16.6,1010.4
2014-10-17,17.5,13.9,21.7,80,,18.4,1004.0
2014-10-18,16.6,12.8,21.7,81,,18.4,1001.5
2014-10-19,11.9,6.1,13.3,57,,23.0,1008.0
2014-10-20,8.3,3.9,14.4,50,,17.3,1016.0
2014-10-21,12.5,9.4,16.7,86,,11.9,1014.5
2014-10-22,11.8,10.0,13.3,93,,40.0,1013.7
2014-10-23,10.7,8.9,12.2,97,,39.6,1004.2
2014-10-24,9.6,7.8,11.1,89,,18.0,1005.5
2014-10-25,11.8,7.8,17.8,62,,15.5,1004.7
2014-10-26,13.1,8.3,15.0,59,,21.6,999.5
2014-10-27,11.8,7.8,17.2,56,,18.0,1010.9
2014-10-28,11.4,7.2,15.6,79,,6.1,1016.3
2014-10-29,15.6,11.1,23.3,79,,10.8,1010.7
2014-10-30,11.8,7.8,15.0,61,,13.3,1013.3
2014-10-31,9.3,7.2,12.2,65,,16.9,1016.2
2014-11-01,7.8,3.9,9.4,80,,27.4,1011.1
2014-11-02,3.8,1.1,5.6,70,,33.5,1005.8
2014-11-03,6.1,2.2,11.7,34,,23.4,1013.9
2014-11-04,10.1,7.2,13.9,55,,9.7,1018.6
2014-11-05,14.2,8.3,18.9,55,,14.8,1016.6
2014-11-06,9.9,7.8,10.6,82,,8.3,1012.1
2014-11-07,8.4,3.9,9.4,72,,23.0,1000.3
2014-11-08,5.0,1.7,8.9,52,,16.6,1012.5
2014-11-09,8.2,4.4,13.3,57,,12.6,1013.4
2014-11-10,8.7,2.8,14.4,64,,8.3,1020.4
2014-11-11,10.1,5.6,17.2,84,,8.6,1019.3
2014-11-12,11.4,7.8,15.6,87,,7.9,1013.1
2014-11-13,7.5,3.3,10.0,56,,12.2,1016.4
2014-11-14,4.2,0.6,6.7,66,,18.0,1014.4
2014-11-15,1.5,-1.0,4.4,49,,15.1,1023.7
2014-11-16,2.1,-1.6,5.6,57,,13.0,1025.8
2014-11-17,5.3,2.8,8.9,93,,9.4,1008.7
2014-11-18,4.1,-2.7,6.7,54,,25.2,1004.8
2014-11-19,-1.6,-4.3,2.8,41,,22.7,1018.3
2014-11-20,2.6,-0.5,8.9,46,,22.3,1012.1
2014-11-21,0.1,-2.7,2.2,42,,24.5,1020.7
2014-11-22,0.2,-4.3,6.7,41,,25.9,1025.0
2014-11-23,8.6,5.6,15.0,52,,15.1,1019.5
2014-11-24,11.8,5.6,18.3,89,,23.4,1008.3
2014-11-25,15.1,8.9,16.7,59,,18.7,1011.4
2014-11-26,7.0,0.6,10.0,73,,23.8,1016.7
2014-11-27,2.0,-0.5,3.3,82,,16.6,1012.5
2014-11-28,-0.4,-2.7,1.7,73,,17.3,1018.4
2014-11-29,-1.9,-4.9,1.1,57,,11.5,1026.2
2014-11-30,5.6,0.0,13.9,69,,19.8,1020.3
2014-12-01,12.3,3.9,17.8,62,,21.6,1019.6
2014-12-02,3.2,0.6,5.6,64,,24.1,1036.4
2014-12-03,6.5,2.8,10.6,90,,19.8,1018.0
2014-12-04,4.6,-1.0,6.1,52,,18.7,1026.4
2014-12-05,0.5,-3.2,5.6,64,,16.9,1036.1
2014-12-06,5.1,3.3,7.2,93,,13.0,1024.0
2014-12-07,2.1,-6.0,3.3,59,,24.1,1032.0
2014-12-08,-5.6,-7.7,-1.6,70,,21.2,1039.1
2014-12-09,3.6,-1.6,9.4,95,,31.7,1016.0
2014-12-10,6.2,3.3,8.9,94,,20.5,998.8
2014-12-11,2.4,0.0,3.9,86,,20.9,1002.8
2014-12-12,1.0,-0.5,3.9,73,,17.3,1010.7
2014-12-13,1.9,0.0,5.6,68,,18.7,1009.7
2014-12-14,2.8,0.6,7.2,67,,15.8,1010.0
2014-12-15,2.2,0.0,5.6,76,,9.0,1017.0
2014-12-16,3.4,1.7,6.7,86,,6.8,1019.2
2014-12-17,7.0,5.0,9.4,87,,18.4,1007.5
2014-12-18,4.8,2.2,6.7,68,,22.0,1008.3
2014-12-19,2.1,-1.6,2.8,62,,17.6,1014.8
2014-12-20,-0.9,-2.7,2.2,73,,15.5,1024.5
2014-12-21,0.7,-1.0,2.2,79,,14.8,1026.6
2014-12-22,2.6,0.6,6.7,81,,12.2,1027.7
2014-12-23,6.4,5.6,8.3,94,,20.5,1023.5
2014-12-24,6.4,5.0,7.8,99,,10.4,1013.8
2014-12-25,10.1,6.7,15.0,74,,22.7,1003.7
2014-12-26,6.9,2.8,10.0,57,,16.9,1019.3
2014-12-27,6.9,3.3,11.1,60,,14.8,1020.8
2014-12-28,7.9,4.4,11.1,65,,21.6,1011.5
2014-12-29,4.1,-1.0,5.0,51,,14.0,1019.5
2014-12-30,-2.4,-5.5,-1.0,40,,15.8,1026.4
2014-12-31,-4.3,-6.6,-1.0,44,,15.1,1024.5
2015-01-01,-3.3,-5.5,0.6,43,,23.0,1016.1
2015-01-02,1.3,-0.5,5.0,45,,20.5,1019.8
2015-01-03,-2.1,-5.5,2.8,63,,16.6,1034.7
2015-01-04,3.5,1.7,11.1,96,,13.3,1010.0
2015-01-05,4.2,-8.2,10.0,43,,35.6,1014.2
2015-01-06,-8.2,-9.3,-7.7,60,,14.0,1023.7
2015-01-07,-7.3,-15.5,-3.2,56,,25.2,1012.4
2015-01-08,-13.4,-18.2,-7.1,44,,23.0,1024.3
2015-01-09,-4.8,-7.1,-1.0,60,,23.0,1016.2
2015-01-10,-5.6,-8.2,-4.3,47,,18.7,1026.9
2015-01-11,-6.1,-9.3,0.6,46,,15.5,1035.3
2015-01-12,1.7,0.6,3.3,71,,15.1,1024.5
2015-01-13,-2.7,-9.3,1.7,48,,16.9,1032.9
2015-01-14,-7.6,-9.9,-3.8,61,,14.0,1030.4
2015-01-15,-3.3,-3.8,-0.5,85,,15.5,1016.5
2015-01-16,-2.1,-9.3,3.3,53,,25.2,1009.3
2015-01-17,-8.8,-12.7,-5.5,41,,17.6,1026.1
2015-01-18,-0.2,-6.6,10.6,82,,15.8,1015.8
2015-01-19,5.7,0.0,7.8,69,,24.5,1003.9
2015-01-20,0.8,-2.7,3.9,46,,21.6,1009.9
2015-01-21,-2.7,-5.5,1.1,55,,10.8,1020.5
2015-01-22,0.0,-1.6,2.8,66,,11.2,1022.3
2015-01-23,-0.7,-4.3,2.8,53,,16.6,1021.3
2015-01-24,0.2,-0.5,1.1,87,,16.6,999.7
2015-01-25,0.8,-7.1,3.3,58,,23.0,1003.2
2015-01-26,-6.6,-11.6,-1.6,69,,26.3,1018.0
2015-01-27,-7.6,-9.9,-7.1,85,,35.6,1002.0
2015-01-28,-8.6,-10.5,-4.3,60,,20.5,1014.0
2015-01-29,-5.9,-12.1,0.0,57,,6.8,1023.7
2015-01-30,-0.7,-7.1,1.1,81,,19.1,1009.7
2015-01-31,-7.6,-11.6,-6.0,48,,35.3,1010.9
2015-02-01,-7.1,-11.0,-1.0,45,,19.1,1019.9
2015-02-02,-6.7,-12.1,-0.5,81,,29.2,1006.9
2015-02-03,-10.5,-14.3,-5.5,57,,20.9,1019.5
2015-02-04,-4.9,-9.9,3.3,64,,15.1,1021.6
2015-02-05,-0.7,-13.8,2.2,68,,23.8,1013.8
2015-02-06,-11.3,-14.9,-6.0,53,,18.4,1019.3
2015-02-07,-5.2,-8.8,-1.6,68,,17.3,1017.7
2015-02-08,-3.6,-10.5,-1.6,89,,21.6,1017.3
2015-02-09,-8.3,-9.9,-3.8,87,,24.1,1019.8
2015-02-10,-6.7,-9.9,-1.0,76,,18.0,1019.2
2015-02-11,-5.8,-9.9,-3.8,70,,18.7,1018.1
2015-02-12,-6.2,-8.8,-1.0,76,,8.6,1008.6
2015-02-13,-8.8,-13.8,-5.5,46,,24.8,1013.8
2015-02-14,-10.4,-16.0,-1.0,67,,15.5,1010.7
2015-02-15,-7.1,-18.8,-6.6,72,,33.5,1000.0
2015-02-16,-14.2,-19.3,-7.1,42,,31.7,1013.1
2015-02-17,-9.7,-12.1,-4.9,60,,12.6,1013.9
2015-02-18,-4.8,-8.2,-1.6,66,,8.6,1010.8
2015-02-19,-3.7,-12.1,-1.0,68,,22.7,1002.9
2015-02-20,-11.4,-14.9,-6.6,44,,29.9,1016.3
2015-02-21,-8.5,-15.5,1.1,67,,18.0,1029.1
2015-02-22,0.8,-2.1,3.9,85,,8.3,1020.5
2015-02-23,-3.0,-15.5,0.6,44,,23.4,1021.6
2015-02-24,-12.9,-16.6,-7.1,51,,15.1,1022.5
2015-02-25,-5.0,-9.9,1.7,57,,17.3,1009.0
2015-02-26,-6.0,-8.2,-5.5,59,,14.8,1017.3
2015-02-27,-6.5,-9.3,-2.7,37,,13.3,1026.9
2015-02-28,-6.2,-11.0,-0.5,40,,14.0,1038.8
2015-03-01,-5.0,-11.0,-1.0,66,,9.7,1033.5
2015-03-02,-0.9,-3.2,2.8,63,,23.0,1016.6
2015-03-03,-3.3,-6.6,0.6,50,,16.2,1024.4
2015-03-04,2.3,0.6,6.1,76,,18.4,1007.6
2015-03-05,0.8,-7.7,3.9,47,,19.1,1017.7
2015-03-06,-7.9,-12.7,-4.3,44,,16.9,1029.9
2015-03-07,-3.7,-8.2,3.3,51,,17.3,1019.7
2015-03-08,0.3,-4.3,5.6,60,,13.7,1016.5
2015-03-09,2.6,-3.2,8.9,48,,16.2,1019.4
2015-03-10,3.8,-0.5,8.9,61,,10.8,1023.8
2015-03-11,7.7,2.8,13.9,66,,18.7,1011.0
2015-03-12,3.9,-3.8,6.1,39,,27.4,1024.4
2015-03-13,-1.3,-4.3,4.4,38,,16.9,1034.1
2015-03-14,1.1,-0.5,3.9,87,,13.0,1018.1
2015-03-15,2.2,-2.7,5.0,85,,22.3,1003.9
2015-03-16,0.7,-3.2,7.2,45,,14.0,1011.4
2015-03-17,3.9,-2.1,10.6,67,,23.0,1001.5
2015-03-18,-2.5,-5.5,-1.0,31,,34.9,1011.3
2015-03-19,-3.8,-7.1,1.1,29,,25.2,1022.2
2015-03-20,-2.5,-4.9,0.0,52,,5.8,1027.0
2015-03-21,-1.1,-2.1,5.0,90,,10.4,1015.1
2015-03-22,0.2,-6.0,3.9,36,,28.8,1013.0
2015-03-23,-4.4,-7.7,0.6,33,,24.5,1019.9
2015-03-24,-2.6,-6.6,1.7,56,,12.2,1026.1
2015-03-25,1.7,-2.1,9.4,56,,14.4,1027.2
2015-03-26,6.8,3.3,13.3,92,,14.0,1011.1
2015-03-27,5.5,2.8,6.7,90,,8.6,1005.9
2015-03-28,2.1,-1.0,4.4,87,,20.2,1008.9
2015-03-29,0.3,-3.2,5.6,41,,15.1,1020.1
2015-03-30,2.3,-1.0,7.2,64,,20.9,1011.0
2015-03-31,5.8,2.8,10.0,48,,19.8,1006.7
2015-04-01,3.9,-1.0,8.3,29,,16.2,1014.9
2015-04-02,6.0,-1.0,16.1,36,,20.5,1019.3
2015-04-03,12.0,7.2,15.0,73,,19.4,1008.4
2015-04-04,8.6,2.2,11.1,66,,26.3,1004.4
2015-04-05,4.1,0.0,9.4,48,,24.1,1019.9
2015-04-06,4.1,2.2,5.6,70,,14.0,1026.1
2015-04-07,4.1,2.2,5.6,88,,13.0,1025.9
2015-04-08,2.8,1.1,5.6,81,,27.0,1030.5
2015-04-09,1.9,0.6,2.8,94,,26.6,1028.5
2015-04-10,4.4,2.2,12.8,98,,13.0,1013.7
2015-04-11,11.6,5.6,13.9,51,,27.4,1010.4
2015-04-12,10.5,3.9,20.0,41,,14.4,1022.8
2015-04-13,13.6,5.0,20.6,44,,19.8,1024.9
2015-04-14,14.8,11.1,18.3,52,,17.6,1018.7
2015-04-15,14.8,10.0,19.4,27,,18.7,1020.6
2015-04-16,10.3,5.0,15.6,35,,16.2,1029.3
2015-04-17,12.0,8.3,18.3,70,,21.2,1016.0
2015-04-18,12.2,6.1,15.6,71,,14.0,1013.4
2015-04-19,7.9,5.0,10.0,64,,18.4,1023.4
2015-04-20,6.2,5.0,10.6,90,,22.3,1018.0
2015-04-21,13.1,7.8,18.3,75,,15.5,1002.8
2015-04-22,13.1,6.1,19.4,58,,23.8,1005.5
2015-04-23,8.4,3.3,10.6,51,,25.6,1002.7
2015-04-24,6.1,2.8,10.0,47,,24.8,1006.5
2015-04-25,7.3,2.2,13.3,46,,16.9,1007.0
2015-04-26,8.6,6.1,13.3,56,,10.4,1004.4
2015-04-27,10.8,7.2,13.9,56,,18.4,1001.7
2015-04-28,9.5,5.6,17.8,59,,23.0,1005.2
2015-04-29,10.9,8.9,12.2,62,,14.0,1005.3
2015-04-30,9.9,6.7,12.8,70,,14.4,1011.1
2015-05-01,7.4,3.9,9.4,79,,12.6,1015.8
2015-05-02,6.1,3.9,10.0,85,,11.2,1015.9
2015-05-03,11.8,7.2,19.4,64,,13.7,1017.8
2015-05-04,17.3,9.4,28.9,49,,21.2,1020.3
2015-05-05,19.1,12.2,21.1,63,,15.5,1021.0
2015-05-06,16.1,11.1,22.8,48,,15.1,1023.8
2015-05-07,18.3,11.7,26.1,36,,16.9,1020.6
2015-05-08,15.6,7.8,21.7,62,,18.7,1022.1
2015-05-09,10.8,7.8,21.7,84,,12.2,1026.0
2015-05-10,21.9,15.0,31.7,68,,21.6,1019.8
2015-05-11,19.8,10.0,26.7,80,,15.5,1019.3
2015-05-12,14.1,8.9,30.6,78,,14.8,1009.5
2015-05-13,17.7,11.7,20.6,43,,23.0,1014.1
2015-05-14,14.2,9.4,20.6,42,,15.1,1025.4
2015-05-15,14.9,8.9,19.4,49,,10.4,1024.5
2015-05-16,16.3,12.8,21.7,64,,12.6,1021.6
2015-05-17,16.2,11.1,19.4,87,,12.6,1020.0
2015-05-18,11.7,9.4,14.4,85,,16.6,1023.7
2015-05-19,13.4,11.1,18.3,91,,15.8,1012.9
2015-05-20,16.2,10.6,18.9,53,,22.3,1008.1
2015-05-21,13.7,7.2,19.4,47,,15.5,1012.9
2015-05-22,16.5,11.1,24.4,39,,20.9,1010.7
2015-05-23,13.1,6.7,18.3,30,,21.2,1024.4
2015-05-24,18.6,10.6,28.3,37,,25.2,1023.3
2015-05-25,21.0,14.4,27.2,55,,17.3,1022.7
2015-05-26,22.8,17.8,30.6,58,,26.3,1020.1
2015-05-27,23.5,18.3,29.4,69,,25.9,1020.0
2015-05-28,23.1,17.8,30.0,68,,21.2,1019.6
2015-05-29,19.6,12.8,22.2,77,,13.0,1024.8
2015-05-30,20.7,14.4,31.1,68,,23.4,1020.2
2015-05-31,19.6,8.9,25.0,85,,22.3,1019.3
2015-06-01,9.0,8.3,9.4,97,,22.0,1024.3
2015-06-02,8.5,7.8,9.4,93,,18.0,1022.3
2015-06-03,9.9,8.3,13.3,82,,11.2,1023.9
2015-06-04,11.3,9.4,14.4,74,,10.1,1025.9
2015-06-05,12.2,10.0,15.0,80,,12.2,1019.3
2015-06-06,14.3,11.1,19.4,78,,11.2,1013.8
2015-06-07,15.2,11.7,19.4,50,,17.3,1021.1
2015-06-08,17.3,11.7,24.4,65,,26.6,1014.4
2015-06-09,20.6,17.8,25.6,80,,21.2,1005.8
2015-06-10,21.9,16.7,27.8,57,,17.6,1009.0
2015-06-11,23.9,17.8,31.1,56,,22.0,1009.6
2015-06-12,23.2,18.3,26.1,55,,14.4,1013.2
2015-06-13,22.6,17.8,29.4,65,,13.7,1011.4
2015-06-14,21.1,16.7,23.3,54,,15.5,1017.7
2015-06-15,14.4,12.2,17.2,88,,14.8,1019.0
2015-06-16,15.2,13.3,21.7,92,,7.6,1012.1
2015-06-17,18.8,15.0,20.6,60,,15.8,1018.6
2015-06-18,18.1,13.9,24.4,58,,16.6,1017.6
2015-06-19,20.5,17.2,30.0,67,,15.5,1012.4
2015-06-20,18.2,14.4,23.9,61,,14.8,1019.0
2015-06-21,19.1,15.6,24.4,95,,9.7,1008.0
2015-06-22,18.7,16.1,25.0,88,,9.4,1011.5
2015-06-23,22.2,15.6,31.1,78,,18.4,1009.7
2015-06-24,24.4,19.4,28.9,50,,18.0,1012.0
2015-06-25,22.9,17.8,27.2,54,,11.5,1015.1
2015-06-26,20.0,15.0,22.2,64,,13.7,1016.1
2015-06-27,17.0,13.9,20.0,74,,11.5,1020.6
2015-06-28,14.8,11.1,15.0,94,,28.8,1009.6
2015-06-29,15.3,11.7,23.9,81,,11.2,1010.4
2015-06-30,19.9,15.6,23.9,77,,11.2,1014.8
2015-07-01,20.8,16.7,27.8,80,,18.0,1009.0
2015-07-02,22.4,17.8,26.7,59,,14.8,1010.9
2015-07-03,21.6,17.2,24.4,55,,13.7,1013.5
2015-07-04,19.2,16.7,22.2,75,,7.2,1015.3
2015-07-05,21.4,16.1,28.3,63,,13.0,1017.4
2015-07-06,23.8,20.0,26.7,67,,11.5,1020.3
2015-07-07,23.3,18.3,28.9,81,,16.9,1017.4
2015-07-08,26.2,20.6,31.1,69,,18.0,1012.6
2015-07-09,20.3,17.2,20.6,72,,13.0,1015.1
2015-07-10,19.4,15.6,25.0,79,,12.2,1012.4
2015-07-11,24.1,20.0,28.3,52,,13.7,1016.0
2015-07-12,26.7,22.2,31.7,52,,14.4,1014.4
2015-07-13,23.7,19.4,25.0,78,,10.4,1012.9
2015-07-14,21.7,18.3,27.8,83,,13.0,1006.8
2015-07-15,23.2,19.4,27.8,86,,11.9,1004.6
2015-07-16,18.5,15.0,20.0,62,,18.0,1016.2
2015-07-17,19.4,15.6,23.9,72,,14.8,1018.4
2015-07-18,21.2,17.8,25.6,80,,17.6,1014.4
2015-07-19,25.5,21.7,32.2,76,,15.1,1008.8
2015-07-20,28.3,21.1,33.3,60,,14.8,1004.4
2015-07-21,25.4,21.1,27.2,65,,10.4,1002.7
2015-07-22,24.6,20.6,28.9,51,,18.7,1004.4
2015-07-23,23.2,19.4,27.8,52,,11.9,1010.5
2015-07-24,22.3,18.9,27.2,60,,14.0,1012.5
2015-07-25,18.8,16.7,20.6,81,,14.0,1016.5
2015-07-26,20.0,17.2,26.1,82,,13.3,1016.1
2015-07-27,23.9,20.0,30.0,77,,13.0,1015.7
2015-07-28,24.0,21.1,30.0,80,,13.0,1014.6
2015-07-29,26.6,21.7,33.3,62,,11.9,1013.1
2015-07-30,28.6,23.3,32.8,68,,23.0,1010.1
2015-07-31,26.4,22.8,31.7,54,,18.0,1008.2
2015-08-01,25.9,20.0,32.2,51,,16.9,1007.4
2015-08-02,25.6,20.0,31.1,45,,18.4,1011.2
2015-08-03,25.7,20.0,32.2,64,,20.5,1009.6
2015-08-04,24.6,18.9,31.7,77,,15.1,1009.9
2015-08-05,24.1,18.3,29.4,55,,16.9,1010.7
2015-08-06,23.1,18.3,27.8,49,,14.8,1012.2
2015-08-07,21.3,17.8,22.8,67,,12.6,1014.1
2015-08-08,19.6,16.1,24.4,71,,10.1,1015.4
2015-08-09,18.8,16.7,22.8,80,,14.0,1016.8
2015-08-10,21.3,17.2,28.3,66,,16.6,1016.7
2015-08-11,20.1,17.8,22.2,92,,15.5,1011.4
2015-08-12,23.7,20.0,29.4,67,,14.4,1007.9
2015-08-13,23.0,18.9,27.8,64,,13.0,1014.9
2015-08-14,23.9,17.2,30.0,54,,14.8,1019.4
2015-08-15,24.4,20.0,32.8,64,,12.2,1018.4
2015-08-16,24.1,19.4,32.2,73,,10.8,1018.2
2015-08-17,26.6,21.7,32.8,64,,12.6,1017.1
2015-08-18,25.8,21.7,30.6,76,,13.0,1016.1
2015-08-19,25.6,21.7,31.1,73,,14.0,1017.7
2015-08-20,22.9,20.0,25.6,89,,17.3,1018.7
2015-08-21,22.1,19.4,28.3,92,,9.4,1016.5
2015-08-22,21.8,19.4,22.8,89,,11.2,1018.4
2015-08-23,20.2,19.4,21.7,97,,13.0,1016.3
2015-08-24,21.4,20.0,23.9,92,,9.7,1013.0
2015-08-25,21.9,19.4,27.2,88,,13.7,1011.8
2015-08-26,24.5,20.6,29.4,69,,12.6,1011.8
2015-08-27,23.3,18.3,27.8,52,,16.2,1015.1
2015-08-28,21.2,17.8,23.9,64,,12.2,1019.9
2015-08-29,22.5,17.2,27.8,55,,11.9,1020.6
2015-08-30,25.0,20.6,31.1,59,,14.4,1017.2
2015-08-31,26.7,21.7,32.2,58,,18.0,1013.7
2015-09-01,24.2,20.6,26.1,67,,15.1,1016.5
2015-09-02,25.0,18.9,32.8,63,,14.8,1014.0
2015-09-03,24.7,21.1,27.8,72,,9.0,1011.0
2015-09-04,20.5,16.7,22.2,78,,17.3,1020.3
2015-09-05,18.4,14.4,22.8,68,,11.5,1024.7
2015-09-06,21.2,16.1,27.8,67,,15.5,1021.5
2015-09-07,25.1,18.9,33.9,52,,19.1,1016.1
2015-09-08,27.3,22.2,35.6,65,,11.9,1013.8
2015-09-09,26.6,22.2,33.9,67,,20.5,1011.5
2015-09-10,23.1,17.8,25.0,82,,17.6,1010.9
2015-09-11,18.6,17.2,22.8,85,,15.8,1007.3
2015-09-12,18.7,15.6,21.7,85,,10.4,1010.3
2015-09-13,17.9,17.2,18.9,93,,15.5,1007.5
2015-09-14,18.2,13.9,22.2,68,,24.5,1011.6
2015-09-15,21.4,16.7,28.9,54,,17.3,1022.1
2015-09-16,22.7,18.3,27.2,64,,11.2,1024.5
2015-09-17,24.2,17.8,31.7,59,,11.9,1019.5
2015-09-18,23.8,18.3,29.4,62,,12.2,1016.1
2015-09-19,21.1,16.7,26.1,78,,15.5,1014.1
2015-09-20,21.7,13.9,23.9,62,,18.7,1014.4
2015-09-21,15.8,11.7,18.9,61,,17.3,1023.7
2015-09-22,17.3,13.3,20.0,70,,15.1,1026.3
2015-09-23,16.1,12.2,20.0,68,,9.0,1024.2
2015-09-24,18.1,14.4,23.3,63,,13.7,1026.0
2015-09-25,16.3,12.8,18.9,69,,14.0,1029.5
2015-09-26,14.3,10.0,17.2,65,,15.5,1032.1
2015-09-27,13.5,8.9,17.8,73,,11.2,1030.9
2015-09-28,18.4,13.3,25.6,78,,10.8,1023.9
2015-09-29,22.1,18.3,28.9,86,,14.8,1018.1
2015-09-30,21.5,13.9,25.6,91,,20.9,1009.3
2015-10-01,14.3,12.2,15.0,74,,27.7,1019.6
2015-10-02,11.4,10.0,12.2,73,,32.8,1025.4
2015-10-03,11.1,9.4,12.2,72,,36.0,1029.7
2015-10-04,12.0,10.6,13.3,66,,29.2,1029.2
2015-10-05,12.1,8.9,16.1,75,,14.8,1022.6
2015-10-06,12.9,8.9,17.8,70,,9.0,1015.9
2015-10-07,15.6,11.1,22.2,62,,11.5,1013.9
2015-10-08,14.6,10.6,16.7,64,,14.0,1019.3
2015-10-09,15.6,11.1,22.2,80,,23.8,1012.4
2015-10-10,13.7,8.9,16.1,59,,15.8,1016.4
2015-10-11,13.6,8.9,20.0,63,,22.3,1012.7
2015-10-12,16.5,10.6,24.4,69,,12.2,1009.0
2015-10-13,16.3,12.8,22.2,88,,12.2,1001.8
2015-10-14,17.2,10.6,20.0,60,,20.2,1003.9
2015-10-15,12.4,8.3,16.7,55,,14.0,1012.6
2015-10-16,12.7,10.0,16.1,59,,19.1,1012.4
2015-10-17,10.5,4.4,13.3,54,,19.1,1015.8
2015-10-18,4.8,0.6,8.3,46,,18.4,1022.9
2015-10-19,3.5,-0.5,8.9,46,,17.3,1027.5
2015-10-20,11.9,7.2,18.9,48,,18.7,1020.3
2015-10-21,14.2,11.7,16.1,73,,10.1,1025.1
2015-10-22,15.7,11.1,22.8,72,,17.6,1019.6
2015-10-23,12.1,4.4,15.0,50,,21.6,1021.7
2015-10-24,6.2,3.3,9.4,68,,9.4,1028.5
2015-10-25,12.0,8.9,17.2,76,,18.7,1018.5
2015-10-26,9.4,6.1,11.1,57,,13.7,1028.4
2015-10-27,7.6,3.3,12.2,62,,9.4,1034.6
2015-10-28,9.7,5.6,18.3,82,,27.4,1026.9
2015-10-29,19.2,13.9,23.9,68,,27.4,1000.5
2015-10-30,13.3,5.6,16.1,42,,20.9,1009.3
2015-10-31,7.4,3.3,11.1,57,,11.2,1020.6
2015-11-01,11.6,8.9,16.7,74,,17.3,1013.1
2015-11-02,13.8,10.6,17.8,59,,11.5,1016.4
2015-11-03,14.1,8.3,22.8,56,,12.2,1020.2
2015-11-04,13.9,9.4,15.6,69,,10.8,1027.1
2015-11-05,16.0,10.0,24.4,76,,19.1,1022.6
2015-11-06,19.3,16.7,22.8,81,,23.4,1012.4
2015-11-07,16.8,10.0,20.6,46,,21.2,1013.3
2015-11-08,10.6,6.7,13.3,46,,18.4,1024.0
2015-11-09,10.3,5.0,15.6,51,,14.4,1028.5
2015-11-10,9.6,6.7,11.7,70,,12.2,1021.4
2015-11-11,9.1,7.8,10.0,91,,25.9,1010.8
2015-11-12,8.6,7.8,13.9,90,,11.9,1008.9
2015-11-13,12.4,7.8,15.0,60,,28.8,999.0
2015-11-14,7.1,2.8,8.3,51,,25.9,1011.6
2015-11-15,5.9,2.8,12.2,54,,15.5,1019.9
2015-11-16,11.4,3.9,16.1,46,,17.3,1021.6
2015-11-17,4.7,0.6,7.2,59,,10.8,1034.0
2015-11-18,4.4,-0.5,8.9,73,,10.1,1034.6
2015-11-19,8.4,6.1,12.8,83,,14.4,1026.2
2015-11-20,13.3,6.7,16.1,67,,20.5,1016.9
2015-11-21,6.6,3.3,8.9,56,,12.2,1022.9
2015-11-22,5.9,2.2,9.4,82,,11.5,1013.0
2015-11-23,4.2,-1.0,5.6,50,,21.6,1013.4
2015-11-24,1.7,-1.6,6.7,43,,13.0,1026.4
2015-11-25,3.7,-1.0,6.7,62,,9.7,1041.2
2015-11-26,7.9,3.3,15.0,78,,15.5,1042.4
2015-11-27,12.1,8.9,17.8,80,,23.0,1029.1
2015-11-28,11.3,5.0,15.6,80,,15.5,1021.0
2015-11-29,3.6,0.0,6.7,59,,15.5,1024.5
2015-11-30,0.8,-2.1,3.3,64,,14.0,1031.3
2015-12-01,3.2,0.0,7.2,78,,9.7,1025.4
2015-12-02,6.1,3.9,10.6,96,,6.1,1010.5
2015-12-03,9.0,5.0,11.1,72,,22.7,1006.4
2015-12-04,5.9,3.3,8.9,58,,17.3,1026.9
2015-12-05,6.9,3.9,11.7,67,,10.8,1035.8
2015-12-06,6.8,2.2,15.0,64,,13.0,1029.1
2015-12-07,7.4,2.8,13.3,62,,11.9,1019.1
2015-12-08,5.6,2.8,6.7,73,,16.9,1019.8
2015-12-09,4.7,2.8,7.8,71,,12.2,1020.9
2015-12-10,8.9,6.1,14.4,85,,7.9,1015.5
2015-12-11,9.6,6.1,14.4,88,,12.6,1012.8
2015-12-12,11.9,9.4,16.1,58,,11.5,1018.0
2015-12-13,10.4,7.8,11.7,69,,10.8,1022.2
2015-12-14,8.4,7.8,14.4,89,,6.8,1012.4
2015-12-15,12.7,8.9,16.1,74,,22.7,996.8
2015-12-16,6.8,3.3,8.9,67,,14.0,1019.2
2015-12-17,6.6,3.9,11.1,88,,13.0,1014.6
2015-12-18,9.4,3.9,11.1,82,,16.9,1003.4
2015-12-19,3.6,0.6,4.4,44,,24.8,1011.9
2015-12-20,2.1,-0.5,5.0,48,,16.6,1027.5
2015-12-21,5.3,0.0,11.7,61,,25.9,1022.2
2015-12-22,11.3,8.9,15.6,85,,14.4,1015.6
2015-12-23,10.9,7.2,13.3,92,,11.9,1021.8
2015-12-24,12.6,8.9,20.6,92,,13.0,1013.5
2015-12-25,14.1,9.4,16.7,76,,9.0,1020.6
2015-12-26,9.7,5.0,12.8,60,,10.8,1031.2
2015-12-27,7.9,3.3,10.0,89,,10.1,1014.3
2015-12-28,1.9,-1.6,3.3,52,,21.6,1030.3
2015-12-29,0.7,-4.3,4.4,88,,29.2,1024.3
2015-12-30,-3.1,-3.8,2.8,91,,10.1,1026.1
2015-12-31,3.2,0.6,8.3,80,,14.0,1015.9
2016-01-01,3.9,0.6,5.0,58,,20.5,1013.5
2016-01-02,1.7,-0.5,4.4,52,,21.6,1013.3
2016-01-03,2.2,-0.5,6.7,56,,18.7,1008.7
2016-01-04,-1.1,-9.9,2.2,60,,19.8,1016.5
2016-01-05,-8.9,-13.2,-3.2,42,,16.2,1033.0
2016-01-06,-1.2,-6.0,7.2,30,,16.2,1031.1
2016-01-07,0.6,-3.2,6.1,46,,10.4,1025.9
2016-01-08,1.4,-1.0,5.6,76,,17.6,1024.6
2016-01-09,4.2,3.3,5.0,86,,9.7,1024.1
2016-01-10,7.2,3.3,14.4,95,,24.1,1005.8
2016-01-11,4.3,-3.8,10.6,44,,31.0,1007.5
2016-01-12,-1.9,-6.0,2.8,57,,15.5,1012.3
2016-01-13,-1.5,-6.0,0.6,47,,31.7,1006.5
2016-01-14,-4.3,-6.0,-1.0,54,,16.9,1012.6
2016-01-15,-0.4,-3.2,5.6,70,,10.4,1013.8
2016-01-16,3.7,1.1,6.1,91,,15.1,999.1
2016-01-17,1.8,-1.6,3.3,66,,15.1,1007.8
2016-01-18,-2.7,-7.1,-1.6,61,,27.0,1003.0
2016-01-19,-6.6,-8.8,-3.8,46,,35.3,1007.2
2016-01-20,-4.7,-7.1,0.6,46,,30.2,1015.6
2016-01-21,-2.8,-6.0,0.6,44,,22.3,1017.2
2016-01-22,-4.3,-7.1,0.0,45,,18.4,1021.8
2016-01-23,-1.9,-6.6,0.0,73,,32.8,1013.6
2016-01-24,-4.1,-7.7,2.2,44,,18.0,1011.3
2016-01-25,-0.6,-3.2,1.7,58,,11.5,1023.2
2016-01-26,2.6,-2.1,10.6,71,,23.0,1015.6
2016-01-27,6.1,-0.5,7.2,52,,19.4,1014.1
2016-01-28,1.1,-3.2,5.6,60,,13.0,1013.7
2016-01-29,2.1,0.6,5.0,76,,11.9,999.0
2016-01-30,2.2,-1.0,6.1,57,,22.0,1012.5
2016-01-31,6.1,3.3,13.9,54,,19.1,1011.3
2016-02-01,9.7,3.9,18.3,58,,22.3,1008.1
2016-02-02,6.6,2.2,10.0,51,,11.2,1024.2
2016-02-03,5.3,1.7,13.9,82,,23.4,1021.1
2016-02-04,12.5,6.1,13.3,69,,16.9,1013.9
2016-02-05,2.8,-3.8,6.1,82,,21.6,1017.6
2016-02-06,-1.8,-4.3,1.7,69,,16.9,1026.1
2016-02-07,0.9,-1.6,6.7,67,,15.8,1020.7
2016-02-08,-1.7,-7.7,3.3,78,,34.2,1010.2
2016-02-09,-5.2,-6.6,-1.6,74,,10.1,1004.9
2016-02-10,-2.0,-6.6,2.2,79,,10.8,1002.3
2016-02-11,-2.4,-11.6,-0.5,55,,27.0,1007.6
2016-02-12,-9.7,-13.2,-4.3,46,,18.7,1018.7
2016-02-13,-6.7,-19.9,-4.3,46,,26.3,1012.8
2016-02-14,-17.7,-22.7,-11.0,38,,27.7,1027.8
2016-02-15,-11.6,-15.5,1.7,54,,10.1,1033.1
2016-02-16,4.3,-0.5,12.2,94,,23.0,1010.4
2016-02-17,5.3,1.1,7.8,60,,17.3,1011.6
2016-02-18,0.4,-4.3,1.7,46,,19.4,1026.6
2016-02-19,-2.4,-6.6,2.8,53,,14.4,1031.4
2016-02-20,6.1,0.6,15.6,66,,22.3,1012.4
2016-02-21,9.8,5.6,12.2,51,,20.2,1010.4
2016-02-22,4.3,-1.0,6.1,56,,13.3,1019.9
2016-02-23,0.3,-3.2,3.9,61,,18.4,1029.9
2016-02-24,3.8,3.3,13.9,98,,19.4,1016.2
2016-02-25,12.1,5.0,16.7,82,,35.6,990.5
2016-02-26,3.5,-3.2,5.0,41,,30.6,1003.9
2016-02-27,-1.9,-6.0,3.9,38,,19.8,1015.3
2016-02-28,5.8,2.2,14.4,47,,23.4,1009.6
2016-02-29,10.1,6.1,17.8,54,,26.3,1002.8
2016-03-01,5.3,1.1,9.4,43,,19.8,1016.8
2016-03-02,6.1,-3.8,11.7,65,,31.0,1003.5
2016-03-03,-2.6,-6.0,1.1,36,,15.5,1021.4
2016-03-04,-1.9,-3.2,-0.5,69,,18.7,1021.2
2016-03-05,-2.1,-4.9,1.1,52,,16.6,1020.8
2016-03-06,1.0,-1.0,5.6,45,,11.2,1024.6
2016-03-07,3.6,-1.0,10.6,57,,18.4,1019.8
2016-03-08,6.4,2.2,8.9,69,,13.7,1020.6
2016-03-09,11.9,4.4,25.0,58,,21.6,1016.5
2016-03-10,16.7,8.3,18.9,67,,15.5,1012.5
2016-03-11,8.9,5.0,10.0,85,,11.2,1017.4
2016-03-12,7.3,2.2,15.6,52,,18.0,1021.1
2016-03-13,12.4,7.2,17.2,38,,15.1,1016.0
2016-03-14,6.0,3.9,7.2,73,,27.4,1024.4
2016-03-15,5.9,5.0,7.2,97,,27.4,1012.2
2016-03-16,6.3,5.0,8.9,89,,13.3,1010.2
2016-03-17,9.5,6.1,17.8,72,,16.9,1007.8
2016-03-18,8.6,1.7,11.1,55,,22.7,1006.0
2016-03-19,2.8,-1.6,7.2,33,,18.4,1017.5
2016-03-20,0.2,-3.2,1.7,52,,16.9,1021.3
2016-03-21,0.8,-2.1,6.7,68,,16.2,1008.6
2016-03-22,4.3,0.6,9.4,42,,24.1,1015.7
2016-03-23,9.3,5.6,17.2,60,,18.7,1014.3
2016-03-24,4.6,2.2,6.1,73,,26.3,1021.7
2016-03-25,3.8,2.8,7.8,96,,10.4,1010.6
2016-03-26,4.7,1.1,6.1,72,,16.6,1025.7
2016-03-27,2.7,1.1,5.6,74,,12.2,1028.8
2016-03-28,4.6,3.3,8.3,90,,18.0,1007.7
2016-03-29,7.5,3.3,10.6,50,,33.1,1005.6
2016-03-30,6.7,1.1,15.0,37,,19.4,1023.0
2016-03-31,12.8,6.1,21.7,54,,36.7,1013.4
2016-04-01,17.3,15.0,20.6,80,,28.8,1002.0
2016-04-02,11.6,5.6,15.0,71,,14.4,999.1
2016-04-03,3.3,-1.6,6.1,62,,25.6,999.8
2016-04-04,-2.2,-4.3,-1.0,70,,18.0,1016.5
2016-04-05,-1.8,-5.5,2.8,46,,20.2,1023.2
2016-04-06,0.7,-3.8,5.6,44,,16.2,1025.3
2016-04-07,9.4,5.6,14.4,84,,26.6,1006.1
2016-04-08,9.6,2.8,11.7,65,,24.1,999.3
2016-04-09,3.9,0.0,7.8,56,,15.8,1008.0
2016-04-10,3.9,-0.5,9.4,34,,19.1,1021.3
2016-04-11,8.9,5.6,15.6,55,,27.0,1021.9
2016-04-12,12.8,6.1,15.6,69,,25.6,1016.4
2016-04-13,7.0,3.3,10.0,54,,16.6,1027.3
2016-04-14,6.1,3.3,9.4,57,,16.9,1028.2
2016-04-15,7.0,3.3,12.2,43,,18.4,1030.1
2016-04-16,8.2,5.0,12.2,49,,21.6,1031.5
2016-04-17,7.8,3.9,12.2,55,,12.2,1028.9
2016-04-18,10.8,5.6,19.4,54,,13.7,1022.5
2016-04-19,8.3,6.7,12.2,69,,13.7,1016.4
2016-04-20,9.4,6.7,10.6,42,,19.8,1022.0
2016-04-21,12.9,6.1,25.0,40,,15.5,1017.5
2016-04-22,18.6,14.4,25.6,52,,12.6,1011.6
2016-04-23,15.3,8.9,17.8,73,,13.3,1009.5
2016-04-24,9.1,5.6,10.0,44,,15.5,1016.2
2016-04-25,9.1,6.7,13.9,64,,7.2,1015.9
2016-04-26,7.3,2.8,10.6,73,,21.6,1010.8
2016-04-27,7.3,2.8,16.7,58,,15.8,1011.1
2016-04-28,9.2,5.0,12.2,37,,16.9,1016.5
2016-04-29,8.4,6.1,10.6,62,,19.8,1020.9
2016-04-30,9.2,5.0,12.8,55,,17.3,1022.9
2016-05-01,9.0,6.1,11.7,61,,11.9,1023.4
2016-05-02,8.1,6.1,10.6,94,,13.0,1015.2
2016-05-03,8.2,7.2,9.4,88,,7.9,1012.6
2016-05-04,8.0,6.1,10.0,86,,20.9,1011.1
2016-05-05,7.1,6.7,8.3,90,,26.3,1007.5
2016-05-06,8.9,7.8,11.7,83,,18.4,1009.9
2016-05-07,8.5,7.8,10.6,95,,13.0,1010.4
2016-05-08,11.1,7.8,17.2,72,,19.1,1003.9
2016-05-09,13.0,7.8,18.9,38,,24.1,1013.5
2016-05-10,13.9,8.3,21.7,35,,15.1,1019.9
2016-05-11,16.2,12.2,20.0,45,,11.9,1019.6
2016-05-12,16.1,12.2,18.9,42,,14.8,1019.5
2016-05-13,15.9,11.1,23.3,75,,14.8,1011.4
2016-05-14,19.0,15.0,25.0,61,,18.4,1004.4
2016-05-15,14.2,7.2,16.1,50,,31.3,1002.7
2016-05-16,9.6,5.6,15.0,39,,30.6,1011.6
2016-05-17,15.2,10.0,21.1,40,,19.8,1018.3
2016-05-18,13.7,9.4,15.0,56,,15.1,1020.1
2016-05-19,12.4,10.0,15.6,68,,10.8,1019.6
2016-05-20,15.4,10.6,21.7,59,,14.4,1021.6
2016-05-21,17.8,11.7,24.4,50,,13.7,1018.7
2016-05-22,14.1,11.1,16.7,77,,10.8,1011.1
2016-05-23,15.7,10.6,22.8,68,,9.4,1012.7
2016-05-24,13.2,11.1,15.0,89,,16.6,1013.4
2016-05-25,17.1,11.7,31.1,66,,12.2,1015.0
2016-05-26,22.5,14.4,26.1,62,,13.0,1017.8
2016-05-27,16.6,14.4,22.8,81,,11.2,1018.4
2016-05-28,24.4,19.4,33.3,61,,13.3,1017.4
2016-05-29,18.2,11.7,25.0,84,,13.7,1021.7
2016-05-30,14.6,11.1,24.4,93,,11.5,1015.2
2016-05-31,24.2,20.0,30.6,55,,18.4,1012.0
2016-06-01,20.4,13.9,22.8,66,,15.5,1020.0
2016-06-02,14.4,13.3,16.7,88,,15.1,1022.6
2016-06-03,15.7,13.9,21.1,86,,13.0,1017.8
2016-06-04,18.4,16.1,21.1,85,,10.4,1014.9
2016-06-05,17.8,15.6,20.0,93,,13.7,1010.2
2016-06-06,22.2,18.3,28.9,63,,16.9,1002.3
2016-06-07,23.6,17.2,30.0,64,,14.8,998.7
2016-06-08,19.2,13.9,23.3,56,,25.2,998.3
2016-06-09,16.2,12.2,20.6,49,,28.4,1004.2
2016-06-10,16.7,12.8,22.2,50,,18.0,1012.3
2016-06-11,15.9,12.2,20.0,78,,11.2,1012.2
2016-06-12,20.2,12.8,26.7,59,,27.7,1001.4
2016-06-13,16.7,12.2,22.8,52,,27.0,1004.6
2016-06-14,19.2,12.8,26.1,46,,19.8,1009.0
2016-06-15,23.2,18.9,29.4,38,,16.2,1010.7
2016-06-16,21.9,16.1,25.0,57,,11.2,1008.7
2016-06-17,19.0,15.0,23.3,58,,13.3,1014.0
2016-06-18,19.0,15.6,22.2,65,,15.8,1023.0
2016-06-19,19.8,13.9,27.8,62,,18.7,1025.8
2016-06-20,21.6,15.6,28.3,63,,20.5,1018.8
2016-06-21,23.0,17.8,30.6,54,,20.9,1007.3
2016-06-22,22.3,17.8,25.6,39,,15.5,1009.2
2016-06-23,20.8,15.6,25.0,54,,14.4,1011.5
2016-06-24,19.6,16.1,22.2,59,,13.7,1017.5
2016-06-25,18.8,15.0,22.8,64,,10.1,1022.5
2016-06-26,20.9,15.0,28.9,57,,15.5,1021.9
2016-06-27,23.1,17.8,30.0,53,,24.5,1017.6
2016-06-28,22.7,20.0,26.1,74,,16.9,1014.9
2016-06-29,23.5,19.4,30.6,76,,13.7,1011.0
2016-06-30,23.0,20.0,27.2,59,,15.8,1014.1
2016-07-01,24.2,20.0,30.0,63,,18.4,1014.6
2016-07-02,22.7,18.3,26.7,55,,20.5,1011.2
2016-07-03,23.0,17.8,28.9,42,,17.6,1016.1
2016-07-04,25.1,18.9,31.1,43,,19.1,1015.2
2016-07-05,21.3,17.8,24.4,84,,8.3,1008.9
2016-07-06,25.8,21.7,34.4,54,,14.4,1009.0
2016-07-07,21.3,16.1,26.1,83,,13.0,1009.5
2016-07-08,17.3,16.1,19.4,85,,16.9,1011.4
2016-07-09,16.4,15.0,18.3,85,,15.5,1012.8
2016-07-10,16.4,15.0,17.8,90,,10.1,1011.7
2016-07-11,18.1,15.0,22.2,76,,11.2,1016.9
2016-07-12,24.0,18.3,31.1,52,,14.4,1017.8
2016-07-13,25.5,18.3,33.3,60,,19.4,1016.5
2016-07-14,24.7,20.6,30.6,75,,23.0,1012.2
2016-07-15,27.4,22.2,35.6,65,,13.7,1009.7
2016-07-16,28.8,23.9,34.4,46,,13.7,1015.0
2016-07-17,24.6,20.0,26.1,75,,11.5,1018.5
2016-07-18,25.6,19.4,35.0,65,,19.1,1015.7
2016-07-19,25.5,20.0,28.9,52,,17.3,1016.0
2016-07-20,23.3,18.3,28.9,40,,16.6,1020.8
2016-07-21,26.2,19.4,32.8,43,,15.5,1018.2
2016-07-22,28.7,22.8,36.7,55,,27.7,1009.7
2016-07-23,28.1,22.2,34.4,58,,17.3,1007.3
2016-07-24,24.9,20.0,32.8,58,,12.6,1013.0
2016-07-25,24.2,19.4,33.3,70,,14.0,1011.6
2016-07-26,28.9,24.4,34.4,49,,20.2,1008.6
2016-07-27,27.1,22.8,30.6,56,,15.5,1012.2
2016-07-28,27.6,22.8,33.3,56,,11.5,1011.3
2016-07-29,24.8,22.2,26.1,83,,13.7,1011.1
2016-07-30,23.8,21.7,26.7,71,,15.5,1015.8
2016-07-31,21.8,20.0,23.3,92,,14.4,1018.8
2016-08-01,21.4,20.6,23.9,88,,14.0,1019.2
2016-08-02,21.1,18.3,23.3,83,,11.2,1020.0
2016-08-03,21.0,16.7,26.1,73,,13.3,1021.4
2016-08-04,23.2,17.8,27.8,60,,18.4,1019.9
2016-08-05,24.1,17.8,31.7,63,,19.4,1014.5
2016-08-06,25.2,21.1,31.7,68,,19.4,1005.9
2016-08-07,26.8,22.2,31.7,45,,15.5,1008.9
2016-08-08,24.6,20.6,27.8,48,,14.8,1015.9
2016-08-09,23.9,21.1,28.9,52,,17.6,1021.6
2016-08-10,23.6,20.0,26.7,82,,18.4,1020.9
2016-08-11,28.6,23.9,35.6,72,,15.8,1015.9
2016-08-12,29.9,25.6,36.7,67,,21.2,1010.2
2016-08-13,23.2,20.0,27.8,87,,16.6,1013.1
2016-08-14,26.7,20.6,35.6,70,,18.4,1011.9
2016-08-15,28.2,22.8,32.2,59,,14.8,1018.8
2016-08-16,23.6,20.6,27.2,77,,15.5,1020.8
2016-08-17,27.1,22.2,29.4,62,,24.1,1012.4
2016-08-18,25.2,20.6,32.2,57,,12.2,1014.1
2016-08-19,25.4,19.4,27.2,68,,15.5,1013.3
2016-08-20,23.1,18.9,30.0,67,,14.8,1014.7
2016-08-21,21.7,18.3,25.6,81,,17.3,1013.1
2016-08-22,22.9,18.3,26.7,65,,22.3,1011.7
2016-08-23,21.4,16.1,27.8,47,,15.1,1023.3
2016-08-24,23.6,18.3,31.1,59,,14.8,1022.6
2016-08-25,25.3,20.0,31.1,65,,22.7,1017.4
2016-08-26,26.6,22.8,32.8,68,,15.5,1014.2
2016-08-27,25.6,20.6,28.3,58,,14.8,1021.0
2016-08-28,22.5,18.9,25.6,72,,17.3,1023.6
2016-08-29,25.0,20.6,32.2,56,,21.6,1018.1
2016-08-30,21.9,17.8,25.0,63,,14.8,1019.4
2016-08-31,23.5,20.0,27.8,71,,19.1,1013.6
2016-09-01,23.6,20.0,24.4,81,,13.0,1010.4
2016-09-02,20.7,17.8,23.9,70,,16.2,1017.1
2016-09-03,18.6,15.6,21.1,75,,10.8,1022.8
2016-09-04,18.6,15.6,22.2,74,,19.8,1024.8
2016-09-05,18.4,15.6,23.3,75,,30.2,1021.5
2016-09-06,18.4,17.2,22.2,96,,22.7,1017.7
2016-09-07,20.4,18.3,24.4,94,,13.7,1017.1
2016-09-08,20.9,18.9,24.4,94,,11.9,1012.1
2016-09-09,26.2,22.8,33.9,68,,14.4,1010.2
2016-09-10,23.9,21.1,25.6,78,,14.0,1016.5
2016-09-11,24.2,17.2,28.3,66,,23.0,1013.2
2016-09-12,19.1,15.0,22.2,57,,14.4,1022.5
2016-09-13,21.3,15.6,28.3,59,,18.4,1020.7
2016-09-14,23.2,16.7,32.2,64,,22.7,1016.3
2016-09-15,17.2,13.9,18.9,65,,16.2,1024.2
2016-09-16,16.8,12.2,21.1,68,,16.9,1026.2
2016-09-17,18.5,12.8,25.6,70,,19.1,1022.8
2016-09-18,22.8,18.9,27.8,79,,20.9,1016.9
2016-09-19,22.2,19.4,23.3,95,,10.1,1017.6
2016-09-20,21.2,19.4,23.9,91,,9.7,1018.9
2016-09-21,23.7,20.6,28.3,54,,13.3,1020.1
2016-09-22,21.7,16.1,26.1,61,,11.5,1020.6
2016-09-23,20.9,13.3,27.8,60,,15.1,1016.1
2016-09-24,15.4,12.2,19.4,60,,16.2,1018.9
2016-09-25,14.3,9.4,18.9,45,,19.8,1019.8
2016-09-26,13.6,8.9,17.8,58,,15.1,1021.1
2016-09-27,17.3,15.0,22.2,82,,8.6,1013.5
2016-09-28,15.0,13.3,16.1,88,,28.4,1022.8
2016-09-29,13.9,12.2,15.6,76,,29.2,1031.0
2016-09-30,14.6,13.3,16.7,80,,28.4,1030.5
2016-10-01,13.8,12.2,15.0,99,,24.1,1024.9
2016-10-02,12.8,11.7,13.9,95,,12.2,1019.6
2016-10-03,15.3,12.8,20.0,86,,13.0,1017.0
2016-10-04,15.2,10.0,17.2,79,,20.2,1026.7
2016-10-05,12.2,8.9,15.6,79,,12.2,1027.7
2016-10-06,13.6,9.4,19.4,75,,7.9,1025.9
2016-10-07,15.6,11.7,20.0,78,,7.6,1025.0
2016-10-08,15.3,11.1,20.0,88,,8.6,1019.8
2016-10-09,15.1,8.9,18.3,97,,20.9,1016.0
2016-10-10,10.4,7.2,15.0,59,,25.2,1020.2
2016-10-11,10.5,6.7,15.0,56,,11.9,1030.4
2016-10-12,12.6,8.9,16.7,75,,12.2,1027.4
2016-10-13,15.6,10.6,22.2,78,,15.5,1018.2
2016-10-14,12.2,7.8,15.6,55,,15.5,1025.1
2016-10-15,9.7,5.6,13.3,68,,13.0,1029.5
2016-10-16,13.4,7.8,21.7,74,,20.9,1019.3
2016-10-17,18.8,16.7,23.9,76,,10.8,1012.0
2016-10-18,16.4,13.9,20.6,92,,13.3,1012.1
2016-10-19,21.9,16.7,27.2,64,,18.7,1013.1
2016-10-20,15.8,13.3,16.7,78,,20.2,1022.4
2016-10-21,16.8,15.0,23.9,97,,13.0,1007.8
2016-10-22,16.1,6.7,18.3,90,,20.9,991.1
2016-10-23,9.8,6.7,14.4,50,,31.7,1002.1
2016-10-24,12.3,7.8,16.1,50,,25.2,1009.6
2016-10-25,7.6,3.9,9.4,48,,23.0,1019.3
2016-10-26,5.4,2.8,9.4,54,,19.8,1027.0
2016-10-27,4.7,1.1,9.4,74,,15.5,1029.7
2016-10-28,8.9,6.7,12.8,92,,30.2,1013.6
2016-10-29,8.3,5.6,13.9,76,,15.8,1015.7
2016-10-30,14.4,7.8,18.3,74,,14.8,1010.8
2016-10-31,8.2,3.3,11.1,65,,19.8,1019.5
2016-11-01,5.8,1.1,10.6,77,,11.5,1028.0
2016-11-02,12.6,7.2,21.1,78,,9.4,1021.9
2016-11-03,13.5,10.6,17.8,91,,12.2,1012.9
2016-11-04,11.3,3.9,13.9,60,,16.9,1017.3
2016-11-05,7.2,1.7,13.9,64,,13.0,1020.3
2016-11-06,9.1,6.1,11.1,72,,18.0,1021.8
2016-11-07,5.8,2.2,8.3,70,,14.8,1029.3
2016-11-08,7.9,3.3,15.0,66,,7.6,1018.7
2016-11-09,11.3,6.7,16.7,64,,11.5,1009.8
2016-11-10,8.2,3.9,11.7,51,,18.0,1011.0
2016-11-11,10.1,3.3,15.6,48,,29.9,1004.5
2016-11-12,4.8,1.1,8.9,43,,21.6,1020.3
2016-11-13,9.3,5.0,15.6,41,,16.9,1015.1
2016-11-14,11.6,3.9,18.9,33,,15.5,1014.6
2016-11-15,10.6,7.8,14.4,75,,18.0,1012.8
2016-11-16,11.6,10.6,12.8,93,,18.4,1005.4
2016-11-17,10.8,7.2,13.9,76,,18.7,1013.1
2016-11-18,10.1,6.1,17.2,71,,14.8,1017.6
2016-11-19,8.9,6.1,10.6,91,,10.8,1012.1
2016-11-20,6.9,0.0,9.4,81,,28.8,993.4
2016-11-21,1.2,-1.0,3.3,61,,29.2,998.0
2016-11-22,2.1,0.0,6.1,51,,27.4,1010.8
2016-11-23,2.9,0.6,7.2,55,,21.6,1021.7
2016-11-24,2.9,0.6,6.7,78,,7.6,1026.6
2016-11-25,5.8,3.9,8.9,96,,7.6,1023.7
2016-11-26,5.6,3.3,8.3,92,,11.2,1018.1
2016-11-27,4.9,2.2,7.8,66,,21.6,1015.7
2016-11-28,3.9,0.6,7.8,58,,13.0,1020.2
2016-11-29,5.8,0.6,14.4,88,,15.5,1018.0
2016-11-30,9.1,5.6,11.1,98,,16.2,1013.6
2016-12-01,10.1,6.1,13.9,74,,25.2,1000.5
2016-12-02,7.2,3.3,10.6,59,,23.0,1007.2
2016-12-03,5.4,1.7,6.7,58,,25.2,1011.8
2016-12-04,2.7,-0.5,5.6,53,,16.2,1021.3
2016-12-05,1.3,-0.5,4.4,82,,12.6,1016.6
2016-12-06,3.8,1.1,6.7,71,,12.2,1018.1
2016-12-07,4.4,2.2,5.6,88,,12.2,1015.0
2016-12-08,3.9,1.1,6.1,73,,17.6,1011.8
2016-12-09,1.2,-3.8,2.8,45,,25.9,1014.9
2016-12-10,-3.6,-6.0,-1.6,46,,19.1,1026.0
2016-12-11,-3.3,-6.6,1.7,54,,11.9,1031.4
2016-12-12,2.5,-1.6,6.7,91,,18.0,1012.4
2016-12-13,3.4,1.7,6.1,57,,16.9,1017.3
2016-12-14,3.1,-2.7,5.6,53,,18.0,1012.7
2016-12-15,-2.7,-9.9,0.0,39,,35.3,1007.6
2016-12-16,-10.8,-15.5,-6.0,36,,22.7,1026.4
2016-12-17,-3.4,-6.0,2.2,90,,11.5,1018.7
2016-12-18,6.9,0.6,13.9,82,,28.1,1011.9
2016-12-19,-2.6,-7.1,0.6,36,,18.4,1037.7
2016-12-20,-4.6,-7.7,1.1,55,,13.3,1031.4
2016-12-21,1.8,-1.6,7.2,52,,18.4,1019.1
2016-12-22,1.8,-0.5,3.9,73,,12.6,1016.8
2016-12-23,3.7,1.7,7.8,60,,17.6,1025.2
2016-12-24,4.4,1.7,7.2,78,,18.7,1020.6
2016-12-25,4.2,-2.7,7.2,55,,19.1,1030.0
2016-12-26,-0.9,-4.3,8.9,63,,16.6,1036.3
2016-12-27,10.5,3.9,14.4,70,,32.0,1008.1
2016-12-28,4.0,0.0,5.6,53,,17.3,1016.1
2016-12-29,1.6,-1.6,6.1,82,,18.4,1009.0
2016-12-30,2.4,-1.0,5.0,63,,28.4,998.9
2016-12-31,-0.3,-3.2,5.6,61,,22.7,1016.0
2017-01-01,4.4,0.6,6.7,65,,22.7,1019.2
2017-01-02,1.7,-2.1,5.0,74,,7.2,1032.7
2017-01-03,5.2,4.4,6.7,94,,29.2,1016.4
2017-01-04,5.9,0.6,8.9,86,,20.2,995.8
2017-01-05,-0.1,-2.7,1.1,48,,23.8,1009.7
2017-01-06,-1.8,-4.3,-0.5,63,,13.0,1017.5
2017-01-07,-5.2,-8.2,-4.3,73,,23.0,1023.1
2017-01-08,-7.8,-10.5,-5.5,57,,21.6,1022.5
2017-01-09,-9.2,-11.6,-6.6,55,,18.0,1037.4
2017-01-10,-5.1,-8.8,3.9,75,,15.1,1035.3
2017-01-11,7.4,3.9,12.8,76,,24.1,1023.3
2017-01-12,10.1,5.0,16.1,88,,23.4,1016.3
2017-01-13,9.2,-3.8,14.4,51,,26.3,1025.8
2017-01-14,-3.4,-7.7,-0.5,42,,15.5,1035.0
2017-01-15,-0.3,-2.7,2.8,54,,14.8,1025.9
2017-01-16,-0.4,-4.9,5.6,49,,15.5,1027.7
2017-01-17,2.9,0.0,5.6,65,,18.4,1022.5
2017-01-18,3.2,0.0,4.4,98,,22.3,1016.3
2017-01-19,2.6,-0.5,7.8,80,,13.0,1015.7
2017-01-20,3.4,1.1,4.4,78,,8.6,1015.5
2017-01-21,6.0,2.8,12.8,82,,11.5,1009.4
2017-01-22,6.6,3.9,8.9,93,,17.6,1010.2
2017-01-23,3.3,1.7,4.4,87,,40.7,1014.6
2017-01-24,3.8,1.7,5.6,96,,39.2,996.9
2017-01-25,3.6,2.2,6.7,74,,25.2,997.7
2017-01-26,5.7,2.8,10.6,75,,21.6,994.0
2017-01-27,4.8,2.2,6.7,52,,28.4,996.7
2017-01-28,2.9,0.0,4.4,50,,24.5,1000.3
2017-01-29,2.2,-1.0,6.1,52,,18.4,1004.7
2017-01-30,0.5,-4.3,2.2,44,,15.8,1007.6
2017-01-31,-3.9,-6.6,-2.1,65,,11.9,1013.1
2017-02-01,0.1,-2.7,6.1,71,,16.2,1011.6
2017-02-02,2.1,-1.6,4.4,47,,21.6,1016.2
2017-02-03,-1.3,-3.8,0.6,43,,18.7,1019.6
2017-02-04,-2.9,-6.0,0.6,44,,21.2,1022.7
2017-02-05,0.1,-3.2,6.7,48,,21.6,1014.1
2017-02-06,2.2,0.0,3.9,37,,22.7,1015.8
2017-02-07,1.4,0.6,3.3,84,,26.6,1016.0
2017-02-08,2.6,-3.8,11.1,80,,14.8,1003.4
2017-02-09,0.2,-11.6,3.9,79,,33.8,1002.8
2017-02-10,-8.6,-11.6,-3.8,45,,20.9,1018.3
2017-02-11,-6.2,-9.3,-1.0,89,,14.4,1017.9
2017-02-12,-3.7,-7.1,1.7,92,,23.4,1015.5
2017-02-13,-0.9,-4.3,1.1,76,,32.0,1000.8
2017-02-14,-2.7,-5.5,1.1,64,,15.5,1010.5
2017-02-15,0.2,-2.7,4.4,91,,11.2,998.3
2017-02-16,0.8,-2.7,1.7,76,,26.3,995.6
2017-02-17,-0.9,-4.9,5.0,48,,22.3,1005.1
2017-02-18,2.4,-3.2,9.4,53,,22.0,1005.5
2017-02-19,9.3,3.9,15.0,54,,17.3,1005.7
2017-02-20,6.8,0.6,8.9,46,,18.0,1020.6
2017-02-21,1.9,-1.0,4.4,59,,14.8,1026.1
2017-02-22,5.9,3.3,13.3,74,,13.0,1014.9
2017-02-23,9.6,3.9,20.0,76,,19.8,1010.0
2017-02-24,13.8,7.8,22.8,80,,19.1,1012.3
2017-02-25,13.9,9.4,20.6,90,,17.6,1006.0
2017-02-26,6.9,0.0,9.4,49,,28.1,1009.7
2017-02-27,4.2,-1.0,12.8,45,,27.0,1025.8
2017-02-28,6.7,3.9,10.6,77,,12.2,1026.5
2017-03-01,11.6,8.9,17.2,90,,23.4,1003.5
2017-03-02,10.0,-0.5,14.4,49,,35.3,999.9
2017-03-03,-0.4,-6.6,2.2,36,,23.4,1019.8
2017-03-04,-6.9,-12.1,-6.0,36,,31.3,1029.2
2017-03-05,-7.8,-12.7,0.0,27,,28.4,1031.4
2017-03-06,-3.8,-8.8,2.8,36,,13.0,1032.3
2017-03-07,2.5,-1.0,8.9,79,,15.5,1026.6
2017-03-08,10.4,6.1,13.9,63,,23.0,1011.3
2017-03-09,8.0,3.3,10.6,38,,28.8,1011.1
2017-03-10,1.2,-4.9,3.3,73,,13.3,1010.5
2017-03-11,-7.3,-12.1,-4.9,45,,31.3,1016.1
2017-03-12,-8.5,-12.7,-2.7,37,,26.6,1022.1
2017-03-13,-5.7,-9.9,1.1,44,,16.9,1029.1
2017-03-14,-0.8,-2.7,3.3,88,,38.2,1006.1
2017-03-15,-3.3,-7.1,-2.1,61,,31.3,995.5
2017-03-16,-3.3,-5.5,1.7,47,,25.9,1008.5
2017-03-17,0.4,-2.7,5.6,38,,15.5,1019.5
2017-03-18,0.1,-4.3,2.2,61,,18.7,1025.9
2017-03-19,1.2,-0.5,3.3,75,,25.9,1022.7
2017-03-20,4.6,0.0,11.7,39,,18.4,1016.0
2017-03-21,7.1,4.4,11.7,38,,14.4,1010.5
2017-03-22,3.1,-7.7,6.1,40,,33.5,1014.2
2017-03-23,-3.8,-7.7,3.3,28,,21.6,1030.6
2017-03-24,1.7,-2.7,8.3,55,,16.9,1026.9
2017-03-25,5.3,1.1,8.3,81,,11.2,1023.5
2017-03-26,2.0,-1.0,5.0,73,,18.4,1032.5
2017-03-27,3.9,2.2,6.7,94,,13.7,1021.1
2017-03-28,3.3,2.2,4.4,96,,10.8,1016.2
2017-03-29,4.7,2.8,8.3,76,,21.6,1016.8
2017-03-30,4.2,1.1,8.9,54,,16.9,1021.6
2017-03-31,2.9,0.6,4.4,86,,20.2,1020.6
2017-04-01,1.8,0.6,3.3,95,,31.7,1011.7
2017-04-02,4.8,0.6,13.9,65,,15.1,1016.3
2017-04-03,8.2,3.3,12.8,52,,14.4,1017.7
2017-04-04,5.3,3.3,6.1,92,,26.6,1010.1
2017-04-05,4.2,2.8,5.0,92,,13.3,1013.4
2017-04-06,3.8,2.8,11.7,96,,23.0,1008.2
2017-04-07,9.1,5.0,12.2,73,,27.0,991.8
2017-04-08,6.2,3.3,9.4,52,,25.9,1003.8
2017-04-09,10.3,4.4,18.9,40,,15.5,1017.3
2017-04-10,15.0,6.7,24.4,43,,19.8,1019.8
2017-04-11,17.7,11.1,28.9,54,,18.0,1017.9
2017-04-12,12.8,8.9,15.6,77,,12.6,1020.0
2017-04-13,11.7,7.2,15.0,48,,18.0,1024.8
2017-04-14,10.7,6.7,15.6,45,,15.1,1028.1
2017-04-15,12.4,5.6,21.1,52,,25.6,1024.6
2017-04-16,20.7,13.9,30.0,54,,28.4,1009.0
2017-04-17,20.9,9.4,23.9,50,,23.0,1010.8
2017-04-18,9.7,3.9,10.6,67,,21.6,1028.9
2017-04-19,7.0,3.9,13.3,67,,20.2,1031.6
2017-04-20,8.8,6.7,12.8,89,,16.2,1021.0
2017-04-21,7.1,6.7,7.2,99,,23.0,1018.3
2017-04-22,6.6,6.1,7.2,96,,14.4,1014.4
2017-04-23,8.6,5.0,14.4,71,,19.1,1017.4
2017-04-24,11.8,7.2,17.8,62,,13.7,1020.8
2017-04-25,9.3,7.2,10.0,92,,25.6,1023.3
2017-04-26,10.1,7.2,13.3,100,,16.2,1012.0
2017-04-27,11.5,10.0,15.0,95,,10.8,1012.7
2017-04-28,17.2,10.6,27.8,76,,12.2,1013.9
2017-04-29,22.6,15.0,28.9,56,,21.2,1013.3
2017-04-30,12.8,7.2,17.8,58,,18.7,1023.9
2017-05-01,8.3,7.2,8.9,89,,14.8,1016.6
2017-05-02,9.7,6.7,18.9,92,,13.0,1002.8
2017-05-03,13.6,9.4,17.8,50,,23.8,1010.0
2017-05-04,10.7,7.8,13.3,52,,19.1,1023.6
2017-05-05,9.4,8.3,10.6,86,,18.4,1015.3
2017-05-06,13.4,9.4,18.3,91,,17.3,1000.6
2017-05-07,14.2,10.0,17.8,68,,25.2,1002.1
2017-05-08,10.1,6.7,12.8,56,,21.6,1008.0
2017-05-09,8.1,5.6,11.1,66,,11.9,1015.1
2017-05-10,10.0,8.3,12.8,64,,14.8,1015.5
2017-05-11,10.3,8.9,12.2,75,,16.6,1016.5
2017-05-12,9.7,8.3,11.7,85,,13.3,1018.1
2017-05-13,9.3,7.2,11.7,85,,19.1,1015.5
2017-05-14,8.8,7.8,10.6,92,,28.8,1002.3
2017-05-15,10.8,8.3,16.1,74,,23.0,1000.5
2017-05-16,18.3,12.8,27.2,47,,19.8,1010.9
2017-05-17,24.0,15.6,33.3,44,,17.3,1012.0
2017-05-18,28.7,21.7,35.0,44,,23.8,1009.5
2017-05-19,26.8,14.4,32.2,54,,25.6,1010.0
2017-05-20,14.6,11.1,15.0,54,,17.6,1024.1
2017-05-21,13.4,8.9,16.1,57,,16.9,1027.4
2017-05-22,12.2,10.0,13.3,75,,13.0,1021.0
2017-05-23,13.9,11.7,20.0,80,,10.4,1012.2
2017-05-24,14.8,12.2,17.8,83,,9.4,1009.4
2017-05-25,11.9,10.0,12.8,95,,24.1,1009.0
2017-05-26,11.5,9.4,15.6,92,,16.6,1001.1
2017-05-27,13.4,11.7,16.1,80,,14.8,1010.8
2017-05-28,14.5,12.2,19.4,81,,13.0,1014.5
2017-05-29,11.5,9.4,12.2,93,,16.9,1017.5
2017-05-30,10.7,9.4,15.0,92,,11.5,1021.7
2017-05-31,15.1,12.2,20.0,89,,12.6,1016.8
2017-06-01,19.2,13.3,26.1,64,,15.8,1011.4
2017-06-02,18.4,10.6,22.2,44,,22.0,1012.4
2017-06-03,16.3,11.1,20.6,57,,16.9,1012.2
2017-06-04,16.6,12.2,21.1,68,,15.8,1013.9
2017-06-05,13.1,11.1,13.9,98,,25.6,1011.1
2017-06-06,9.9,8.3,11.1,97,,27.0,1010.5
2017-06-07,12.5,10.0,16.7,79,,13.0,1014.5
2017-06-08,15.9,10.6,21.7,71,,12.2,1015.3
2017-06-09,17.5,12.8,26.1,65,,16.2,1005.5
2017-06-10,22.9,16.1,29.4,49,,18.4,1012.9
2017-06-11,25.9,18.9,33.3,54,,23.0,1013.9
2017-06-12,28.9,21.7,35.0,48,,17.6,1012.5
2017-06-13,29.3,22.2,35.0,53,,16.9,1009.8
2017-06-14,21.7,15.0,22.8,60,,16.9,1015.0
2017-06-15,17.9,13.9,23.9,57,,18.7,1018.4
2017-06-16,17.6,13.9,21.7,79,,16.6,1017.9
2017-06-17,16.3,14.4,20.6,95,,7.9,1014.5
2017-06-18,22.4,20.0,28.9,86,,21.2,1011.6
2017-06-19,24.0,21.1,29.4,85,,25.6,1010.0
2017-06-20,24.3,20.0,30.0,68,,22.3,1010.1
2017-06-21,24.5,19.4,28.9,49,,20.5,1010.9
2017-06-22,23.4,18.3,28.9,48,,13.3,1013.1
2017-06-23,24.7,18.3,32.2,72,,19.4,1006.7
2017-06-24,24.6,21.7,31.1,73,,20.9,1002.6
2017-06-25,24.8,18.3,29.4,47,,16.9,1012.3
2017-06-26,21.6,16.7,26.7,53,,18.4,1014.2
2017-06-27,19.8,14.4,25.0,68,,15.5,1014.8
2017-06-28,19.3,14.4,26.1,56,,17.6,1016.3
2017-06-29,21.6,17.2,26.1,60,,20.2,1018.5
2017-06-30,23.2,20.0,28.9,74,,21.6,1014.1
2017-07-01,24.5,20.6,31.1,80,,22.3,1013.3
2017-07-02,26.1,21.7,32.2,62,,18.4,1011.9
2017-07-03,26.7,21.7,30.6,51,,20.9,1012.8
2017-07-04,24.4,19.4,27.8,52,,10.1,1017.0
2017-07-05,21.8,16.7,26.1,58,,13.7,1022.3
2017-07-06,21.8,16.1,28.3,63,,15.5,1019.7
2017-07-07,19.3,16.7,21.1,86,,13.3,1010.5
2017-07-08,21.9,17.2,30.6,79,,14.8,1006.1
2017-07-09,23.4,18.9,28.3,55,,19.1,1012.4
2017-07-10,24.9,18.3,30.6,50,,20.2,1016.0
2017-07-11,22.6,19.4,28.3,82,,13.0,1013.7
2017-07-12,24.4,20.6,27.8,83,,12.2,1014.2
2017-07-13,18.7,14.4,21.1,92,,16.9,1017.1
2017-07-14,16.4,15.6,19.4,85,,11.9,1019.1
2017-07-15,18.7,16.7,22.8,86,,10.8,1012.9
2017-07-16,23.2,20.6,27.2,71,,15.5,1013.0
2017-07-17,24.3,20.0,28.3,73,,13.7,1017.4
2017-07-18,23.3,20.0,27.8,87,,12.6,1018.5
2017-07-19,26.3,22.2,33.9,68,,14.4,1015.1
2017-07-20,28.7,21.7,33.3,56,,12.2,1012.2
2017-07-21,27.3,22.8,32.8,50,,16.6,1009.5
2017-07-22,25.8,22.8,28.3,59,,12.2,1009.8
2017-07-23,21.7,17.8,25.0,66,,18.7,1011.0
2017-07-24,16.6,13.9,18.3,89,,22.0,1013.3
2017-07-25,15.4,13.3,18.3,85,,13.3,1019.2
2017-07-26,19.2,15.0,25.0,71,,13.3,1022.0
2017-07-27,19.7,17.2,23.9,81,,19.8,1014.8
2017-07-28,22.3,18.9,27.8,76,,12.6,1010.1
2017-07-29,19.8,15.6,21.7,65,,22.3,1011.6
2017-07-30,19.1,15.6,22.8,58,,16.2,1014.7
2017-07-31,21.1,16.1,26.7,64,,13.7,1016.7
2017-08-01,23.6,19.4,26.7,71,,12.2,1016.3
2017-08-02,23.2,20.0,27.2,84,,13.7,1017.6
2017-08-03,23.1,18.9,28.9,78,,16.2,1019.2
2017-08-04,23.9,20.0,29.4,75,,16.2,1017.6
2017-08-05,22.5,19.4,25.0,87,,15.8,1012.4
2017-08-06,21.5,17.2,26.1,54,,22.7,1014.5
2017-08-07,21.7,17.8,25.6,61,,15.5,1017.5
2017-08-08,19.6,16.7,23.9,82,,13.3,1013.7
2017-08-09,22.8,18.3,29.4,55,,13.7,1020.2
2017-08-10,23.2,18.9,27.8,65,,13.7,1022.9
2017-08-11,21.7,17.2,25.0,77,,15.5,1020.3
2017-08-12,20.2,17.2,24.4,78,,14.4,1014.2
2017-08-13,24.6,21.1,30.0,61,,16.2,1011.9
2017-08-14,22.2,17.2,25.6,69,,9.4,1016.3
2017-08-15,22.6,18.9,26.7,77,,14.4,1013.0
2017-08-16,23.7,18.9,29.4,62,,16.9,1012.9
2017-08-17,22.7,17.2,28.3,43,,12.6,1016.4
2017-08-18,22.3,18.3,27.2,82,,17.3,1012.4
2017-08-19,21.1,18.3,23.3,95,,10.1,1009.0
2017-08-20,24.1,22.2,29.4,57,,17.3,1013.8
2017-08-21,25.1,20.6,30.6,56,,15.5,1019.5
2017-08-22,25.9,21.1,32.8,74,,20.5,1012.7
2017-08-23,25.4,20.6,28.9,61,,19.8,1007.3
2017-08-24,22.5,17.8,27.2,54,,12.6,1012.2
2017-08-25,19.9,17.2,24.4,57,,12.6,1017.8
2017-08-26,19.3,15.6,23.3,54,,12.2,1023.5
2017-08-27,18.1,14.4,21.7,71,,12.2,1025.2
2017-08-28,18.1,13.9,22.2,77,,10.8,1026.5
2017-08-29,17.1,14.4,20.0,83,,11.9,1024.1
2017-08-30,18.1,15.0,22.2,75,,14.8,1013.9
2017-08-31,20.0,15.6,26.1,55,,19.4,1010.5
2017-09-01,16.8,11.7,20.6,44,,23.8,1016.5
2017-09-02,15.8,11.7,20.0,51,,15.8,1022.6
2017-09-03,15.4,13.9,17.8,88,,20.9,1014.8
2017-09-04,19.0,14.4,27.2,69,,22.3,1010.3
2017-09-05,23.2,18.3,31.1,74,,27.4,1008.4
2017-09-06,21.3,16.7,26.1,90,,13.3,1011.4
2017-09-07,18.9,15.6,24.4,74,,17.3,1009.6
2017-09-08,18.6,15.0,23.3,59,,16.6,1016.7
2017-09-09,16.8,12.8,20.0,69,,13.3,1022.3
2017-09-10,16.8,13.3,20.6,70,,14.0,1025.8
2017-09-11,19.0,12.8,26.7,52,,15.8,1022.5
2017-09-12,22.3,16.1,30.0,50,,13.7,1014.2
2017-09-13,21.7,17.8,25.6,62,,13.7,1011.0
2017-09-14,23.5,19.4,28.9,73,,18.0,1011.1
2017-09-15,21.9,18.9,25.0,90,,11.2,1016.8
2017-09-16,19.6,16.7,22.8,96,,6.8,1020.8
2017-09-17,18.2,16.1,22.8,96,,7.2,1021.0
2017-09-18,18.5,17.2,20.0,97,,10.8,1021.5
2017-09-19,17.8,17.2,18.9,98,,22.0,1018.5
2017-09-20,18.8,17.2,22.2,95,,32.4,1012.0
2017-09-21,21.1,17.2,22.2,67,,37.1,1014.9
2017-09-22,15.9,13.9,17.2,88,,35.6,1016.0
2017-09-23,18.0,15.6,24.4,88,,14.4,1016.3
2017-09-24,19.9,16.1,26.1,80,,5.0,1017.1
2017-09-25,21.4,17.8,25.6,84,,7.6,1017.9
2017-09-26,20.8,17.2,26.7,90,,7.9,1016.3
2017-09-27,23.5,18.3,30.0,83,,13.7,1011.8
2017-09-28,23.8,13.9,25.6,62,,21.2,1007.0
2017-09-29,15.2,11.1,20.0,56,,15.1,1015.2
2017-09-30,13.3,10.0,15.0,82,,16.9,1021.8
2017-10-01,12.6,8.3,18.9,62,,13.3,1026.1
2017-10-02,14.8,10.6,18.9,65,,13.7,1028.7
2017-10-03,14.7,10.6,18.3,73,,14.4,1035.8
2017-10-04,16.8,11.7,25.0,66,,25.6,1025.6
2017-10-05,21.3,17.8,26.7,65,,17.3,1016.6
2017-10-06,20.4,15.6,25.6,60,,10.1,1018.4
2017-10-07,19.0,15.6,24.4,80,,14.4,1019.7
2017-10-08,21.8,20.0,23.9,88,,22.3,1013.8
2017-10-09,21.8,19.4,23.9,96,,17.6,1013.8
2017-10-10,23.2,18.3,26.1,67,,17.3,1014.6
2017-10-11,18.2,13.9,20.0,71,,16.6,1021.5
2017-10-12,13.6,8.9,14.4,62,,22.0,1029.7
2017-10-13,12.6,8.3,16.7,74,,16.9,1031.2
2017-10-14,15.5,13.9,17.8,91,,5.0,1024.3
2017-10-15,18.1,15.0,23.9,87,,21.6,1014.0
2017-10-16,17.0,6.7,21.1,62,,22.0,1012.5
2017-10-17,8.9,4.4,14.4,56,,16.6,1023.8
2017-10-18,14.0,8.3,22.2,53,,15.1,1023.7
2017-10-19,16.3,11.1,23.3,66,,21.2,1020.3
2017-10-20,17.3,14.4,21.7,46,,19.8,1016.7
2017-10-21,17.8,10.6,25.6,44,,10.8,1024.2
2017-10-22,15.9,12.2,18.9,76,,7.6,1028.8
2017-10-23,13.3,12.2,17.8,97,,6.5,1026.3
2017-10-24,19.1,16.7,23.9,86,,29.9,1014.9
2017-10-25,19.5,14.4,21.1,95,,13.7,1006.8
2017-10-26,15.0,9.4,16.7,92,,20.5,1002.4
2017-10-27,11.5,8.3,16.7,58,,17.6,1015.0
2017-10-28,13.3,7.8,19.4,76,,14.0,1017.3
2017-10-29,14.7,13.3,16.1,93,,27.0,1009.6
2017-10-30,15.2,10.6,18.3,73,,36.7,993.2
2017-10-31,11.4,7.8,14.4,47,,20.9,1014.3
2017-11-01,9.1,5.0,11.7,66,,10.4,1027.1
2017-11-02,14.8,11.1,21.7,84,,14.8,1025.2
2017-11-03,17.9,10.6,23.9,75,,23.8,1016.9
2017-11-04,10.3,6.1,11.1,56,,16.9,1026.6
2017-11-05,11.3,10.0,15.6,80,,16.6,1025.3
2017-11-06,16.2,10.0,17.8,91,,21.6,1012.8
2017-11-07,8.6,2.8,10.0,67,,16.6,1022.2
2017-11-08,4.7,2.8,7.2,70,,18.7,1024.8
2017-11-09,4.9,1.1,8.9,70,,11.9,1021.5
2017-11-10,4.9,-4.3,9.4,48,,29.5,1018.4
2017-11-11,-2.1,-4.9,2.8,38,,15.5,1031.8
2017-11-12,1.7,-1.6,6.7,60,,6.1,1032.1
2017-11-13,4.3,2.8,6.1,88,,14.8,1027.9
2017-11-14,3.9,2.8,6.7,74,,15.8,1026.5
2017-11-15,4.0,1.1,6.7,68,,13.0,1024.8
2017-11-16,6.4,3.3,10.0,85,,16.2,1011.1
2017-11-17,5.4,1.1,6.7,54,,25.9,1011.1
2017-11-18,3.2,-1.0,11.1,61,,10.8,1010.1
2017-11-19,10.9,3.3,15.6,74,,29.5,993.8
2017-11-20,3.6,1.7,5.6,49,,25.9,1011.4
2017-11-21,7.3,1.7,15.0,56,,23.0,1017.5
2017-11-22,9.3,3.3,11.1,86,,18.0,1012.6
2017-11-23,3.2,0.0,6.1,48,,14.8,1015.4
2017-11-24,3.9,-0.5,10.0,58,,14.8,1015.0
2017-11-25,7.9,3.3,14.4,66,,17.3,1007.1
2017-11-26,8.8,2.8,10.6,49,,24.8,1008.1
2017-11-27,4.1,-2.7,8.3,53,,20.9,1015.1
2017-11-28,-0.6,-5.5,8.3,58,,14.8,1028.5
2017-11-29,9.8,3.3,16.1,63,,26.6,1018.2
2017-11-30,3.8,-1.0,7.2,64,,12.6,1024.1
2017-12-01,7.9,3.3,10.6,69,,16.6,1019.7
2017-12-02,3.9,1.1,6.1,68,,8.3,1025.2
2017-12-03,4.1,1.1,6.7,64,,7.9,1024.2
2017-12-04,3.8,0.6,6.1,76,,11.5,1030.6
2017-12-05,5.2,3.3,15.0,87,,25.6,1023.5
2017-12-06,10.6,2.2,14.4,65,,22.7,1010.5
2017-12-07,3.9,0.6,8.3,49,,18.4,1013.0
2017-12-08,2.6,-0.5,3.9,50,,15.5,1016.0
2017-12-09,1.5,-0.5,2.8,74,,12.2,1011.1
2017-12-10,0.7,-0.5,3.3,74,,19.8,1008.5
2017-12-11,1.2,0.0,3.9,60,,15.1,1015.0
2017-12-12,3.8,0.6,7.8,81,,18.4,1003.1
2017-12-13,-2.0,-5.5,2.2,59,,33.8,993.2
2017-12-14,-4.2,-7.1,-1.0,48,,23.8,1005.9
2017-12-15,-5.7,-8.2,-2.7,58,,11.9,1015.6
2017-12-16,-2.7,-5.5,1.1,61,,22.0,1013.5
2017-12-17,-3.7,-6.6,-0.5,43,,15.5,1024.1
2017-12-18,-2.7,-5.5,3.3,62,,5.8,1018.6
2017-12-19,4.5,1.1,10.6,74,,18.4,1007.1
2017-12-20,6.3,-0.5,8.3,44,,25.2,1008.2
2017-12-21,-0.7,-3.2,0.6,44,,16.2,1020.9
2017-12-22,-2.8,-4.9,3.3,69,,14.4,1026.7
2017-12-23,-1.1,-3.8,6.1,95,,12.6,1014.0
2017-12-24,2.1,0.0,3.9,75,,18.0,1020.0
2017-12-25,0.7,-4.9,3.3,71,,30.6,1008.2
2017-12-26,-3.6,-7.1,-2.7,44,,24.5,1024.9
2017-12-27,-8.0,-11.0,-6.6,46,,21.6,1030.0
2017-12-28,-12.1,-14.9,-11.0,46,,27.7,1028.0
2017-12-29,-14.2,-16.6,-9.9,56,,18.7,1023.5
2017-12-30,-11.7,-14.3,-7.7,67,,13.7,1017.1
2017-12-31,-11.3,-15.5,-10.5,59,,24.8,1019.2
2018-01-01,-14.7,-17.7,-10.5,48,,26.3,1023.6
2018-01-02,-12.3,-15.5,-7.1,53,,20.5,1024.6
2018-01-03,-6.2,-8.8,-1.6,55,,15.1,1023.7
2018-01-04,-3.6,-5.5,-1.0,79,,36.4,994.7
2018-01-05,-7.8,-14.3,-4.3,54,,40.0,997.6
2018-01-06,-13.1,-17.1,-11.0,44,,35.3,1014.6
2018-01-07,-15.1,-18.8,-8.2,44,,25.9,1029.2
2018-01-08,-4.3,-8.2,1.7,56,,27.0,1018.9
2018-01-09,1.8,-0.5,6.1,60,,22.3,1017.3
2018-01-10,-0.4,-3.8,2.2,62,,11.9,1030.3
2018-01-11,4.1,0.6,10.6,87,,18.0,1026.9
2018-01-12,9.8,3.9,15.6,97,,23.8,1014.0
2018-01-13,10.2,-7.1,16.1,75,,32.4,1007.0
2018-01-14,-7.1,-9.9,-4.9,48,,18.7,1034.5
2018-01-15,-8.9,-11.0,-6.0,63,,22.0,1038.3
2018-01-16,-4.2,-6.6,0.6,74,,8.3,1032.4
2018-01-17,0.2,-0.5,1.1,92,,10.4,1023.4
2018-01-18,-2.1,-6.0,0.0,67,,18.0,1014.0
2018-01-19,-2.4,-4.9,1.1,65,,15.5,1014.0
2018-01-20,2.9,-1.6,8.3,54,,23.0,1008.4
2018-01-21,5.8,1.1,9.4,63,,9.7,1019.2
2018-01-22,2.4,1.1,3.9,93,,7.9,1023.8
2018-01-23,3.5,0.0,12.8,96,,14.8,1008.1
2018-01-24,3.6,-4.3,5.6,61,,23.4,1009.2
2018-01-25,-3.6,-6.0,-1.0,40,,25.9,1024.4
2018-01-26,-4.0,-7.1,1.1,39,,18.4,1036.5
2018-01-27,2.5,-3.8,11.7,64,,26.3,1028.6
2018-01-28,9.4,6.1,11.1,67,,16.6,1022.7
2018-01-29,3.6,-2.1,6.1,70,,25.6,1023.8
2018-01-30,-2.9,-6.6,-0.5,62,,24.5,1013.7
2018-01-31,-4.3,-7.7,-1.0,48,,21.2,1019.3
2018-02-01,1.5,-1.0,7.8,66,,21.6,1013.8
2018-02-02,0.2,-11.0,3.3,63,,28.1,1011.8
2018-02-03,-8.3,-12.1,-2.1,47,,20.9,1027.0
2018-02-04,0.2,-3.2,6.1,80,,17.3,1020.6
2018-02-05,4.3,-4.3,6.1,65,,21.6,1009.8
2018-02-06,-2.8,-5.5,1.1,55,,13.3,1028.3
2018-02-07,-1.2,-4.9,6.1,80,,11.9,1024.2
2018-02-08,-1.2,-5.5,1.1,62,,21.6,1023.5
2018-02-09,-2.9,-5.5,0.0,55,,18.4,1032.4
2018-02-10,3.8,-1.0,11.1,87,,13.7,1023.8
2018-02-11,6.2,3.3,9.4,98,,11.5,1016.2
2018-02-12,5.0,0.6,8.9,61,,16.9,1023.0
2018-02-13,-1.3,-3.8,0.6,52,,16.2,1040.8
2018-02-14,1.7,-2.1,8.3,71,,18.0,1024.1
2018-02-15,5.6,1.7,9.4,92,,13.7,1009.8
2018-02-16,9.3,1.1,12.2,78,,17.6,1003.5
2018-02-17,0.6,-2.7,1.7,55,,18.7,1025.6
2018-02-18,2.0,0.0,6.7,70,,16.6,1022.1
2018-02-19,3.3,-3.2,10.0,75,,20.2,1031.0
2018-02-20,12.9,5.6,21.1,83,,17.3,1023.8
2018-02-21,13.2,5.0,22.2,78,,23.0,1022.8
2018-02-22,7.9,0.0,12.8,62,,15.5,1036.4
2018-02-23,1.7,-0.5,4.4,83,,14.8,1033.7
2018-02-24,7.2,2.8,12.8,70,,16.6,1019.6
2018-02-25,4.3,2.8,5.0,88,,23.0,1020.9
2018-02-26,6.1,3.3,10.6,66,,16.9,1017.7
2018-02-27,6.5,2.2,11.7,42,,15.1,1024.1
2018-02-28,8.5,3.9,15.6,50,,19.4,1015.3
2018-03-01,8.6,4.4,15.6,74,,15.8,1010.1
2018-03-02,4.5,1.7,6.1,89,,61.2,998.1
2018-03-03,4.2,2.8,6.1,64,,41.0,1012.6
2018-03-04,4.0,2.2,5.0,64,,24.1,1016.8
2018-03-05,2.7,0.0,6.7,70,,28.4,1015.6
2018-03-06,1.6,0.6,2.8,62,,14.0,1017.5
2018-03-07,2.4,0.6,3.9,88,,36.7,1010.4
2018-03-08,0.9,-0.5,3.3,87,,25.2,1000.5
2018-03-09,0.9,-1.6,2.8,67,,20.5,1003.4
2018-03-10,2.1,0.6,4.4,59,,28.8,1007.7
2018-03-11,2.7,-0.5,6.7,53,,19.8,1014.7
2018-03-12,2.7,-1.6,5.6,70,,22.3,1016.7
2018-03-13,0.7,-2.1,3.3,92,,40.3,1000.3
2018-03-14,0.7,-1.6,5.0,72,,29.2,995.5
2018-03-15,2.4,0.0,6.1,60,,28.4,994.9
2018-03-16,1.4,-2.1,3.3,49,,28.4,1000.8
2018-03-17,-0.5,-7.1,5.6,42,,29.5,1005.3
2018-03-18,-4.9,-8.8,0.6,29,,22.7,1010.8
2018-03-19,-2.4,-6.0,3.3,29,,23.0,1012.4
2018-03-20,-0.4,-4.3,3.9,45,,14.0,1013.8
2018-03-21,1.1,0.0,3.9,69,,31.7,1008.6
2018-03-22,2.2,0.0,5.6,88,,21.6,1006.2
2018-03-23,3.2,1.7,5.6,58,,15.5,1013.3
2018-03-24,4.3,1.1,7.8,51,,14.4,1016.8
2018-03-25,2.1,0.0,3.9,74,,23.0,1030.0
2018-03-26,1.4,-1.6,4.4,62,,19.1,1039.4
2018-03-27,1.9,-2.1,5.6,60,,13.7,1032.7
2018-03-28,5.2,2.2,12.2,56,,9.4,1017.0
2018-03-29,6.1,2.8,10.0,80,,8.6,1016.6
2018-03-30,10.9,6.1,17.8,87,,19.1,1006.8
2018-03-31,8.2,3.9,13.9,41,,23.0,1019.4
2018-04-01,8.8,2.8,15.0,44,,28.8,1014.2
2018-04-02,2.8,-0.5,4.4,62,,9.4,1019.9
2018-04-03,3.3,0.0,8.9,78,,16.2,1020.7
2018-04-04,6.9,3.9,14.4,89,,20.9,1001.4
2018-04-05,3.6,-1.0,6.1,34,,34.9,1011.7
2018-04-06,1.3,-1.6,6.1,65,,17.6,1014.9
2018-04-07,5.0,1.7,8.3,58,,19.4,1008.8
2018-04-08,2.6,0.0,5.6,45,,21.6,1010.6
2018-04-09,2.6,-1.0,7.8,40,,18.7,1019.0
2018-04-10,3.5,1.7,5.0,70,,5.8,1021.5
2018-04-11,3.0,-1.0,7.2,80,,17.6,1020.5
2018-04-12,6.2,2.2,12.8,68,,18.7,1016.4
2018-04-13,12.7,6.7,20.6,67,,15.1,1010.7
2018-04-14,8.2,3.3,11.1,73,,21.2,1018.5
2018-04-15,2.3,0.6,3.9,74,,36.0,1031.1
2018-04-16,4.2,2.2,11.7,96,,31.7,1014.9
2018-04-17,8.3,4.4,10.0,66,,24.8,999.4
2018-04-18,6.4,2.2,11.7,51,,23.4,1004.3
2018-04-19,5.6,2.2,6.7,73,,13.3,1006.8
2018-04-20,6.4,2.2,11.7,54,,25.9,1016.2
2018-04-21,8.5,3.9,15.0,41,,18.4,1024.4
2018-04-22,10.3,5.6,16.7,35,,14.4,1027.0
2018-04-23,10.2,6.1,14.4,34,,16.9,1031.0
2018-04-24,12.1,5.6,20.6,45,,19.8,1027.6
2018-04-25,10.2,8.3,13.3,88,,14.8,1015.7
2018-04-26,14.1,10.0,20.0,75,,18.7,1003.7
2018-04-27,11.1,7.8,13.9,80,,12.2,1010.7
2018-04-28,11.8,7.8,21.1,80,,12.6,1008.8
2018-04-29,12.8,6.1,15.6,71,,16.6,1010.2
2018-04-30,7.3,4.4,8.9,77,,10.8,1012.6
2018-05-01,10.8,6.7,19.4,68,,13.0,1015.5
2018-05-02,21.9,14.4,31.7,29,,22.0,1013.3
2018-05-03,23.3,16.1,32.2,54,,15.5,1012.3
2018-05-04,20.8,13.9,27.8,74,,19.4,1009.6
2018-05-05,20.5,14.4,23.9,38,,23.4,1013.3
2018-05-06,16.9,10.0,19.4,66,,11.9,1015.6
2018-05-07,11.9,8.9,16.1,83,,14.4,1017.8
2018-05-08,10.1,7.2,15.6,86,,13.0,1024.1
2018-05-09,12.6,7.8,17.2,84,,14.4,1021.6
2018-05-10,11.3,9.4,21.7,85,,15.8,1013.3
2018-05-11,17.3,11.1,21.1,53,,15.5,1013.1
2018-05-12,10.8,9.4,11.7,79,,12.2,1021.4
2018-05-13,10.1,8.9,12.2,91,,14.0,1021.1
2018-05-14,13.2,9.4,20.6,79,,14.0,1014.6
2018-05-15,18.9,14.4,29.4,80,,16.9,1010.0
2018-05-16,13.4,10.0,16.7,79,,15.1,1020.0
2018-05-17,14.5,10.6,21.7,84,,8.3,1016.2
2018-05-18,14.2,8.3,18.3,60,,23.0,1027.2
2018-05-19,9.9,7.8,12.8,85,,13.0,1026.9
2018-05-20,18.6,12.2,27.2,80,,18.7,1012.7
2018-05-21,19.4,13.9,26.7,54,0,13.7,1019.2
2018-05-22,16.5,12.2,19.4,73,,10.8,1019.4
2018-05-23,17.3,12.2,28.9,68,,15.5,1011.6
2018-05-24,16.0,11.7,20.0,77,,19.1,1018.0
2018-05-25,20.9,12.2,31.1,47,,24.1,1011.2
2018-05-26,25.4,16.1,31.7,57,,18.7,1008.2
2018-05-27,13.7,10.0,16.1,84,,25.9,1020.9
2018-05-28,11.2,10.0,15.0,95,,12.6,1018.5
2018-05-29,19.2,14.4,29.4,74,,15.1,1014.7
2018-05-30,18.1,15.6,20.6,76,,13.7,1020.7
2018-05-31,19.1,13.3,28.3,70,,16.2,1017.5
2018-06-01,21.3,17.8,26.1,84,,13.0,1009.7
2018-06-02,22.8,13.9,27.2,82,,13.7,1007.7
2018-06-03,14.6,10.0,15.6,72,,21.2,1018.1
2018-06-04,11.0,9.4,11.7,91,,23.4,1010.7
2018-06-05,11.9,9.4,16.1,91,,11.9,1004.8
2018-06-06,13.6,11.7,16.7,82,,15.1,1010.7
2018-06-07,15.9,12.2,22.2,74,,18.4,1018.7
2018-06-08,18.3,12.8,27.2,66,,10.8,1019.2
2018-06-09,22.2,16.7,26.7,43,,12.6,1018.1
2018-06-10,19.8,15.6,22.2,46,,16.2,1017.3
2018-06-11,16.4,13.3,17.8,61,,16.9,1018.9
2018-06-12,18.5,12.2,26.7,48,,28.8,1019.5
2018-06-13,19.7,15.0,25.0,69,,25.6,1011.5
2018-06-14,22.6,13.9,26.1,57,,23.8,1004.5
2018-06-15,15.2,12.2,17.8,81,,13.0,1012.7
2018-06-16,21.1,13.3,29.4,51,,12.2,1014.1
2018-06-17,20.7,16.7,27.2,60,,12.2,1017.5
2018-06-18,23.9,18.9,31.7,65,,26.3,1011.4
2018-06-19,25.0,20.0,28.9,54,,20.5,1006.6
2018-06-20,22.8,17.2,29.4,46,,13.0,1010.2
2018-06-21,22.8,17.8,26.7,62,,12.2,1008.5
2018-06-22,19.0,15.6,21.1,61,,16.6,1016.6
2018-06-23,17.2,15.6,18.3,78,,15.1,1014.1
2018-06-24,18.5,15.0,25.0,80,,9.4,1009.2
2018-06-25,20.1,16.1,23.3,78,,14.8,1013.5
2018-06-26,19.3,15.6,26.1,53,,19.8,1022.3
2018-06-27,21.6,17.2,26.7,62,,20.5,1018.2
2018-06-28,21.4,18.3,24.4,90,,13.3,1010.5
2018-06-29,25.6,22.2,32.2,64,,12.6,1011.5
2018-06-30,27.5,23.9,33.3,57,,12.2,1015.4
2018-07-01,28.0,21.1,33.3,64,,13.0,1015.7
2018-07-02,22.8,20.6,28.9,78,,13.7,1018.8
2018-07-03,29.1,22.8,36.7,67,,15.1,1020.2
2018-07-04,28.9,22.8,30.6,56,,10.1,1025.0
2018-07-05,28.7,23.3,34.4,67,,18.7,1022.9
2018-07-06,27.2,18.3,30.0,68,,26.6,1014.9
2018-07-07,20.9,16.1,23.9,45,,15.8,1025.3
2018-07-08,21.5,16.1,27.2,55,,14.8,1026.4
2018-07-09,25.0,18.3,32.8,51,,18.4,1020.0
2018-07-10,27.3,20.0,35.6,48,,15.5,1011.7
2018-07-11,23.5,18.9,23.9,65,,17.6,1014.6
2018-07-12,21.1,18.3,23.3,58,,15.1,1021.5
2018-07-13,21.3,17.8,25.6,68,,18.7,1023.4
2018-07-14,20.4,17.2,24.4,68,,14.0,1020.3
2018-07-15,22.1,19.4,26.1,83,,10.4,1015.0
2018-07-16,21.3,19.4,25.0,88,,10.8,1014.8
2018-07-17,24.9,20.6,32.8,82,,18.4,1010.1
2018-07-18,24.3,20.6,28.3,57,,16.6,1010.6
2018-07-19,22.3,18.3,25.0,48,,15.5,1018.0
2018-07-20,22.3,18.9,26.1,65,,15.5,1021.1
2018-07-21,20.7,17.2,23.3,71,,14.0,1021.1
2018-07-22,21.5,19.4,25.6,87,,17.3,1019.0
2018-07-23,25.8,23.9,30.0,80,,20.2,1023.0
2018-07-24,26.7,22.8,31.1,74,,16.9,1024.4
2018-07-25,26.3,23.9,30.6,79,,20.9,1018.3
2018-07-26,25.3,22.8,30.0,81,,19.4,1011.0
2018-07-27,26.0,21.7,32.2,73,,13.7,1014.6
2018-07-28,26.3,22.2,30.6,73,,15.1,1014.9
2018-07-29,26.0,23.3,28.9,56,,14.0,1016.3
2018-07-30,24.6,21.1,27.8,59,,13.7,1019.9
2018-07-31,23.9,20.6,27.8,69,,13.0,1019.5
2018-08-01,23.7,20.0,28.9,77,,15.8,1018.7
2018-08-02,28.9,24.4,35.0,65,,21.2,1017.2
2018-08-03,28.1,25.0,32.8,71,,16.9,1020.0
2018-08-04,25.5,22.8,29.4,82,,14.8,1018.9
2018-08-05,25.4,21.1,30.6,73,,10.1,1018.9
2018-08-06,28.9,22.8,35.6,57,,13.0,1016.6
2018-08-07,30.2,25.0,35.0,64,,18.7,1013.2
2018-08-08,26.6,23.3,29.4,80,,11.2,1011.4
2018-08-09,26.6,23.3,32.2,72,,14.8,1007.1
2018-08-10,26.3,22.2,31.1,60,,11.5,1010.7
2018-08-11,21.8,19.4,22.8,86,,11.5,1015.9
2018-08-12,21.2,19.4,23.9,94,,13.7,1018.4
2018-08-13,20.9,20.0,23.3,93,,15.5,1017.5
2018-08-14,22.5,20.6,26.7,91,,9.7,1011.9
2018-08-15,24.8,21.1,31.1,74,,10.4,1010.2
2018-08-16,28.9,23.9,32.8,60,,14.8,1014.7
2018-08-17,24.1,21.1,26.7,77,,13.0,1017.0
2018-08-18,25.7,19.4,31.1,80,,18.7,1009.8
2018-08-19,21.0,19.4,22.8,76,,24.5,1016.4
2018-08-20,21.0,19.4,23.3,79,,18.0,1021.0
2018-08-21,20.1,18.3,22.2,82,,14.0,1019.2
2018-08-22,22.1,18.9,28.9,80,,14.4,1006.6
2018-08-23,22.7,18.9,26.7,53,,16.9,1011.7
2018-08-24,22.8,16.7,29.4,60,,12.6,1021.1
2018-08-25,23.3,18.9,27.8,67,,14.4,1024.6
2018-08-26,22.6,16.7,28.9,67,,15.8,1019.5
2018-08-27,26.8,22.8,32.2,62,,14.8,1016.2
2018-08-28,29.5,23.9,36.1,63,,17.6,1014.5
2018-08-29,31.8,27.2,36.7,57,,18.4,1013.0
2018-08-30,28.3,21.7,33.3,72,,18.0,1015.6
2018-08-31,21.4,17.2,22.8,65,,17.6,1026.3
2018-09-01,20.1,17.2,23.3,69,,11.9,1027.2
2018-09-02,22.2,17.8,28.9,68,,14.4,1024.0
2018-09-03,27.5,22.8,35.6,68,,16.9,1021.8
2018-09-04,28.2,22.8,30.6,68,,15.5,1022.2
2018-09-05,25.9,21.7,33.3,72,,15.8,1022.6
2018-09-06,27.4,23.3,36.1,73,,16.2,1018.8
2018-09-07,21.9,18.9,23.9,70,,13.7,1021.5
2018-09-08,19.6,15.0,21.7,62,,15.5,1020.5
2018-09-09,16.3,13.9,18.3,56,,22.0,1025.2
2018-09-10,17.7,16.7,20.0,68,,28.8,1026.5
2018-09-11,19.7,18.3,23.9,90,,9.7,1020.8
2018-09-12,20.3,18.9,21.1,90,,12.2,1024.6
2018-09-13,19.8,18.3,21.7,84,,7.9,1025.8
2018-09-14,20.4,18.3,23.9,85,,8.6,1024.6
2018-09-15,19.4,17.2,22.8,88,,8.3,1022.8
2018-09-16,21.7,17.2,27.2,78,,11.2,1022.1
2018-09-17,23.6,19.4,29.4,74,,16.9,1018.8
2018-09-18,22.7,20.6,25.0,90,,9.4,1008.9
2018-09-19,18.9,16.7,21.7,84,,18.7,1013.6
2018-09-20,17.1,15.6,18.9,77,,18.0,1023.5
2018-09-21,18.4,16.1,22.8,69,,19.8,1022.0
2018-09-22,20.8,13.9,22.8,59,,20.5,1016.9
2018-09-23,15.2,11.7,18.3,60,,9.4,1024.2
2018-09-24,14.2,12.2,15.6,67,,24.8,1033.6
2018-09-25,15.7,13.9,21.7,78,,24.1,1030.1
2018-09-26,23.6,20.0,28.9,83,,20.5,1014.7
2018-09-27,19.9,16.1,21.7,71,,17.3,1018.8
2018-09-28,15.7,14.4,16.7,79,,14.4,1018.6
2018-09-29,17.2,12.8,23.3,68,,12.2,1020.5
2018-09-30,16.9,12.2,21.1,54,,11.5,1025.8
2018-10-01,16.4,13.9,20.0,80,,14.4,1026.4
2018-10-02,14.7,13.9,17.8,92,,12.6,1022.2
2018-10-03,15.1,12.2,17.8,87,,8.6,1017.1
2018-10-04,18.1,15.0,22.8,81,,17.6,1015.4
2018-10-05,16.6,11.7,20.6,68,,17.3,1020.8
2018-10-06,13.5,10.6,17.2,69,,12.2,1023.2
2018-10-07,19.2,15.6,26.7,82,,16.9,1022.0
2018-10-08,14.6,12.8,15.6,85,,15.1,1031.1
2018-10-09,19.4,14.4,26.7,81,,19.8,1025.0
2018-10-10,24.0,20.0,30.0,74,,19.8,1016.8
2018-10-11,18.6,14.4,22.2,90,,12.6,1007.5
2018-10-12,14.9,10.6,17.2,73,,18.0,1000.8
2018-10-13,10.9,7.8,12.2,68,,15.1,1010.1
2018-10-14,10.7,7.2,15.0,62,,16.2,1021.1
2018-10-15,12.5,7.2,21.1,78,,19.8,1016.9
2018-10-16,14.1,8.3,15.6,48,,22.7,1014.1
2018-10-17,11.2,6.7,17.2,56,,22.7,1011.7
2018-10-18,7.2,3.9,9.4,40,,24.8,1021.1
2018-10-19,8.7,2.8,17.2,50,,22.3,1019.8
2018-10-20,15.1,9.4,18.9,60,,21.2,1004.2
2018-10-21,9.6,2.8,11.7,53,,23.8,1008.2
2018-10-22,5.9,1.1,12.2,48,,14.4,1021.1
2018-10-23,9.4,5.0,13.3,75,,13.7,1017.6
2018-10-24,8.0,5.0,9.4,75,,18.0,1013.6
2018-10-25,6.7,2.8,10.6,55,,21.6,1015.8
2018-10-26,4.7,1.1,8.9,49,,13.3,1019.1
2018-10-27,8.6,6.1,11.1,80,,39.6,1013.4
2018-10-28,9.2,6.1,12.2,81,,14.0,1006.5
2018-10-29,11.1,6.7,15.6,75,0,15.5,1007.2
2018-10-30,8.3,3.9,10.0,58,0,20.2,1014.3
2018-10-31,7.2,2.8,14.4,66,0,15.1,1017.4
2018-11-01,14.4,11.7,17.8,82,0,10.8,1011.6
2018-11-02,16.2,11.7,21.1,88,0,20.5,1007.1
2018-11-03,15.3,8.3,20.0,75,,29.2,1006.4
2018-11-04,9.2,5.6,13.3,50,,15.8,1030.5
2018-11-05,9.2,7.8,11.1,75,,22.0,1030.7
2018-11-06,10.3,8.9,15.6,91,,14.4,1013.1
2018-11-07,14.8,11.7,17.8,58,,20.5,1011.2
2018-11-08,10.9,6.7,13.9,46,,17.3,1022.0
2018-11-09,7.9,3.3,10.0,66,,23.8,1024.9
2018-11-10,8.7,2.8,10.0,65,,27.4,1009.5
2018-11-11,4.3,1.7,7.8,40,,21.2,1023.8
2018-11-12,4.8,0.6,10.0,53,,11.2,1029.3
2018-11-13,9.0,5.6,12.2,82,,22.3,1014.7
2018-11-14,3.1,-3.8,5.6,35,,27.4,1025.7
2018-11-15,-2.5,-4.9,3.3,54,,15.8,1033.1
2018-11-16,3.6,1.7,7.8,83,,33.5,1004.8
2018-11-17,5.6,2.8,10.0,59,,20.5,1016.7
2018-11-18,4.8,3.3,5.0,56,,10.8,1026.4
2018-11-19,3.7,2.2,5.0,83,,9.0,1019.9
2018-11-20,3.9,1.7,5.6,88,,16.2,1012.4
2018-11-21,2.7,-4.3,6.1,57,,25.6,1014.3
2018-11-22,-6.0,-9.9,-4.3,38,,29.9,1026.5
2018-11-23,-5.9,-9.3,0.0,36,,19.8,1031.8
2018-11-24,1.8,-1.6,8.3,54,,16.9,1020.0
2018-11-25,7.2,5.6,9.4,88,,14.4,1010.1
2018-11-26,7.0,5.6,8.3,88,,21.6,1011.2
2018-11-27,7.1,3.3,9.4,78,,27.4,991.5
2018-11-28,4.5,2.2,6.7,63,,24.5,992.8
2018-11-29,5.4,2.8,7.8,57,,25.2,1006.1
2018-11-30,3.6,0.6,6.7,64,,10.8,1016.3
2018-12-01,3.7,1.7,7.2,68,,10.8,1021.8
2018-12-02,6.8,5.0,10.6,90,,13.0,1011.0
2018-12-03,10.2,6.7,14.4,71,,16.9,1000.5
2018-12-04,4.2,-2.7,6.7,46,,25.2,1011.1
2018-12-05,-1.4,-3.8,2.2,47,,11.2,1018.4
2018-12-06,1.8,-1.0,5.6,50,,17.6,1018.6
2018-12-07,2.6,-3.2,4.4,44,,21.6,1023.0
2018-12-08,-3.2,-6.6,-0.5,37,,16.9,1030.2
2018-12-09,-1.7,-4.9,2.8,53,,15.1,1027.2
2018-12-10,0.6,-3.2,3.9,47,,14.4,1019.6
2018-12-11,-1.3,-4.9,3.3,49,,10.8,1018.7
2018-12-12,0.9,-4.3,3.9,44,,19.8,1017.8
2018-12-13,-2.6,-6.0,1.7,56,,9.7,1032.8
2018-12-14,2.5,-1.6,7.8,73,,9.4,1031.1
2018-12-15,9.1,4.4,12.8,75,,14.8,1022.0
2018-12-16,6.4,5.0,7.2,72,,28.8,1017.8
2018-12-17,4.4,2.2,6.1,77,,23.4,1002.5
2018-12-18,0.3,-3.8,3.9,47,,33.5,1009.8
2018-12-19,-0.8,-4.3,5.6,42,,15.8,1018.1
2018-12-20,4.1,0.0,10.0,60,,13.0,1018.9
2018-12-21,10.9,6.1,18.3,91,,23.8,1003.0
2018-12-22,11.0,2.8,13.3,71,,27.7,995.3
2018-12-23,3.1,0.6,6.1,47,,19.4,1016.6
2018-12-24,1.8,0.0,3.9,63,,12.2,1016.4
2018-12-25,2.1,-1.6,3.9,45,,17.3,1021.6
2018-12-26,-0.1,-3.2,4.4,41,,16.9,1028.5
2018-12-27,1.2,-1.0,3.3,49,,14.8,1035.3
2018-12-28,4.9,1.1,13.9,83,,18.4,1020.2
2018-12-29,9.4,0.0,12.2,66,,21.2,1011.3
2018-12-30,0.0,-3.2,1.1,55,,10.1,1023.0
2018-12-31,2.5,-0.5,7.2,68,,16.9,1025.6
2019-01-01,8.4,1.1,15.0,67,,25.6,1006.7
2019-01-02,0.8,-2.1,2.8,43,,15.1,1024.8
2019-01-03,3.1,0.0,7.8,65,,16.9,1013.4
2019-01-04,4.6,1.1,8.9,54,,18.0,1012.1
2019-01-05,5.0,3.3,6.1,84,,14.8,1002.7
2019-01-06,4.2,-3.8,8.3,60,,23.0,1009.8
2019-01-07,-3.3,-7.1,-0.5,32,,18.7,1028.2
2019-01-08,1.2,-1.0,6.1,74,,12.2,1016.5
2019-01-09,4.4,1.7,7.8,72,,25.2,994.8
2019-01-10,2.1,-3.2,2.8,52,,25.9,1000.2
2019-01-11,-2.9,-8.2,-1.0,42,,29.2,1017.5
2019-01-12,-6.4,-9.3,-1.6,35,,23.8,1030.7
2019-01-13,-5.7,-8.8,-1.6,51,,13.3,1030.6
2019-01-14,-3.1,-4.9,-0.5,60,,14.0,1023.1
2019-01-15,-1.2,-4.3,3.9,47,,11.9,1018.2
2019-01-16,-0.1,-3.8,5.0,57,,18.7,1015.8
2019-01-17,-2.7,-7.7,0.6,36,,15.5,1026.9
2019-01-18,0.2,-2.7,6.1,60,,10.8,1020.1
2019-01-19,0.4,-2.1,2.8,61,,19.4,1023.6
2019-01-20,-1.3,-12.1,2.8,83,,28.8,1000.7
2019-01-21,-12.6,-14.9,-12.1,53,,32.4,1008.8
2019-01-22,-9.8,-13.8,-2.1,33,,22.7,1030.5
2019-01-23,-1.4,-6.6,8.9,61,,22.0,1024.2
2019-01-24,11.1,2.8,15.0,84,,38.2,1000.6
2019-01-25,3.9,-1.6,5.6,47,,22.0,1010.7
2019-01-26,-0.9,-3.8,2.2,38,,13.7,1023.1
2019-01-27,1.7,-2.7,8.3,60,,21.2,1018.6
2019-01-28,1.1,-4.3,5.6,41,,16.2,1017.9
2019-01-29,-2.4,-6.6,3.3,66,,20.2,1017.0
2019-01-30,0.7,-12.7,3.9,61,,25.6,1008.6
2019-01-31,-10.9,-14.9,-7.7,33,,27.7,1023.7
2019-02-01,-8.9,-12.1,-4.9,35,,21.2,1027.2
2019-02-02,-5.5,-9.9,1.7,41,,20.5,1020.7
2019-02-03,1.0,-2.7,3.9,64,,10.1,1020.1
2019-02-04,7.1,1.7,17.2,64,,15.1,1016.5
2019-02-05,10.7,4.4,18.3,61,,19.4,1013.2
2019-02-06,4.2,0.6,6.7,64,,16.2,1022.8
2019-02-07,3.3,1.7,5.6,88,,15.5,1020.7
2019-02-08,6.1,-0.5,13.9,71,,21.2,1011.6
2019-02-09,-0.4,-3.8,2.2,29,,31.7,1028.0
2019-02-10,-1.2,-4.3,2.8,35,,19.8,1032.8
2019-02-11,-0.1,-3.2,2.8,32,,16.9,1027.1
2019-02-12,-3.3,-7.1,3.3,61,,22.7,1027.5
2019-02-13,3.3,0.6,6.1,78,,21.6,1001.9
2019-02-14,1.8,-0.5,4.4,50,,22.0,1013.1
2019-02-15,4.4,-0.5,11.1,79,,18.4,1010.2
2019-02-16,6.2,-0.5,9.4,46,,19.4,1008.4
2019-02-17,-0.9,-4.3,1.1,48,,15.5,1018.3
2019-02-18,-1.0,-6.0,0.0,80,,16.6,1013.8
2019-02-19,-4.1,-7.7,1.1,40,,21.6,1030.4
2019-02-20,-3.6,-6.0,-0.5,47,,13.0,1032.9
2019-02-21,1.3,-3.2,8.9,72,,16.6,1013.6
2019-02-22,5.3,2.2,7.8,45,,14.4,1024.4
2019-02-23,1.8,-1.0,3.3,62,,10.4,1030.2
2019-02-24,3.7,1.1,8.3,86,,22.3,1006.0
2019-02-25,4.1,-1.0,5.6,45,,37.1,999.9
2019-02-26,-1.9,-6.6,0.0,28,,32.4,1021.5
2019-02-27,-6.7,-10.5,-3.2,33,,15.5,1026.8
2019-02-28,-4.5,-7.1,-0.5,57,,13.7,1021.2
2019-03-01,-1.4,-4.9,3.3,46,,10.8,1027.1
2019-03-02,0.6,0.0,1.1,77,,16.2,1018.1
2019-03-03,1.8,0.0,5.0,69,,13.7,1017.8
2019-03-04,2.1,-3.8,4.4,73,,21.2,1006.6
2019-03-05,-3.2,-7.1,-0.5,42,,16.9,1014.8
2019-03-06,-4.7,-7.7,-2.7,36,,25.9,1016.3
2019-03-07,-6.0,-9.3,-1.0,39,,22.3,1023.3
2019-03-08,-2.9,-7.7,3.3,42,,17.6,1026.3
2019-03-09,0.9,-3.2,7.8,53,,11.2,1025.9
2019-03-10,1.7,-0.5,4.4,81,,20.5,1022.7
2019-03-11,5.9,2.8,10.0,56,,23.4,1012.7
2019-03-12,4.3,1.1,7.2,43,,22.3,1017.8
2019-03-13,2.1,-1.0,4.4,51,,12.6,1026.5
2019-03-14,5.2,2.2,10.6,66,,11.9,1024.2
2019-03-15,10.9,4.4,17.8,80,,20.9,1009.9
2019-03-16,10.1,2.2,13.3,49,,30.2,1009.0
2019-03-17,3.2,0.0,6.1,33,,22.7,1018.4
2019-03-18,2.2,-2.1,6.7,31,,16.6,1023.5
2019-03-19,3.9,0.0,8.9,37,,12.6,1027.6
2019-03-20,4.6,-0.5,10.6,47,,16.9,1028.0
2019-03-21,5.9,0.6,11.1,64,,17.3,1021.0
2019-03-22,5.1,4.4,6.7,80,,33.8,992.5
2019-03-23,5.0,1.1,8.9,57,,34.9,1000.0
2019-03-24,6.8,1.1,15.6,31,,21.2,1015.4
2019-03-25,8.1,2.2,11.1,38,,16.6,1016.8
2019-03-26,3.0,-0.5,6.7,33,,16.2,1023.6
2019-03-27,2.4,-1.0,5.0,35,,17.3,1032.6
2019-03-28,5.2,0.6,12.2,57,,24.5,1028.4
2019-03-29,9.6,6.7,14.4,68,,18.4,1019.1
2019-03-30,10.8,6.7,19.4,75,,18.7,1018.8
2019-03-31,14.4,5.0,21.1,74,,27.4,1006.7
2019-04-01,5.7,2.8,8.3,37,,25.9,1016.3
2019-04-02,5.5,-1.0,11.7,40,,16.9,1028.4
2019-04-03,8.5,4.4,18.3,59,,29.2,1013.1
2019-04-04,8.0,3.3,11.7,22,,28.4,1024.0
2019-04-05,4.6,1.7,7.8,37,,16.9,1030.8
2019-04-06,8.6,2.8,19.4,67,,11.9,1021.6
2019-04-07,12.7,6.1,20.6,55,,13.3,1022.2
2019-04-08,8.6,2.8,12.2,83,,18.7,1013.7
2019-04-09,3.6,2.2,5.0,88,,15.8,1007.3
2019-04-10,5.4,2.2,8.3,61,,22.0,1009.1
2019-04-11,5.3,1.7,11.1,44,,15.8,1022.2
2019-04-12,8.6,5.0,14.4,64,,13.7,1025.2
2019-04-13,16.5,13.9,23.9,76,,22.7,1016.3
2019-04-14,15.2,9.4,19.4,70,,12.2,1012.2
2019-04-15,13.3,7.2,21.1,76,,25.9,994.5
2019-04-16,10.1,6.1,16.1,36,,29.5,1008.6
2019-04-17,10.8,7.2,15.6,40,,19.4,1020.2
2019-04-18,9.1,6.1,17.2,66,,17.6,1021.6
2019-04-19,19.4,17.2,25.0,69,,36.7,1009.3
2019-04-20,19.8,15.0,23.3,84,,28.8,1011.2
2019-04-21,16.2,12.8,21.1,83,0,13.7,1016.6
2019-04-22,12.6,9.4,14.4,88,,18.7,1017.6
2019-04-23,10.4,8.3,13.3,85,,18.7,1013.2
2019-04-24,12.7,8.3,20.0,72,,15.5,1006.8
2019-04-25,10.4,8.3,12.8,63,,16.9,1013.6
2019-04-26,9.2,7.8,9.4,85,,24.1,1009.2
2019-04-27,10.1,7.2,13.9,62,,28.8,996.5
2019-04-28,9.4,7.2,13.3,56,,16.9,1014.3
2019-04-29,11.0,6.1,17.2,41,,15.1,1025.8
2019-04-30,9.6,6.7,12.2,71,,12.2,1024.7
2019-05-01,10.3,8.3,13.3,55,,10.1,1029.2
2019-05-02,8.9,7.2,10.0,87,,15.5,1022.8
2019-05-03,8.9,7.2,13.9,84,,10.8,1020.2
2019-05-04,11.2,8.9,12.8,87,,9.4,1012.8
2019-05-05,9.8,9.4,10.6,85,,10.4,1012.8
2019-05-06,11.3,8.3,15.6,73,,17.6,1016.0
2019-05-07,14.6,7.2,24.4,60,,17.6,1019.6
2019-05-08,14.4,10.0,16.1,65,,14.8,1022.9
2019-05-09,11.3,8.3,12.8,51,,17.3,1027.9
2019-05-10,12.9,10.6,18.9,66,,18.7,1019.1
2019-05-11,17.7,12.2,21.1,47,,17.6,1014.0
2019-05-12,10.3,6.1,12.8,64,,10.4,1017.2
2019-05-13,9.3,6.7,12.8,72,,25.6,1013.9
2019-05-14,7.4,6.1,8.9,83,,18.7,1010.1
2019-05-15,10.5,7.2,16.7,60,,14.8,1008.5
2019-05-16,14.1,10.0,18.3,67,,10.4,1009.8
2019-05-17,12.9,10.0,18.3,86,,8.6,1008.4
2019-05-18,16.6,11.7,21.1,54,,18.4,1012.9
2019-05-19,15.7,11.7,22.8,68,,23.4,1017.0
2019-05-20,22.6,18.9,31.1,72,,23.0,1007.1
2019-05-21,19.5,14.4,22.2,38,,29.9,1008.3
2019-05-22,16.0,12.2,20.6,43,,22.3,1020.8
2019-05-23,15.9,11.7,22.2,62,,24.1,1018.6
2019-05-24,18.4,11.7,22.8,62,0,24.8,1009.0
2019-05-25,16.2,11.1,21.7,52,,19.8,1020.3
2019-05-26,21.4,11.7,31.7,54,,19.1,1010.7
2019-05-27,20.6,13.9,24.4,64,,15.5,1011.9
2019-05-28,14.2,11.1,17.8,68,,19.8,1013.2
2019-05-29,11.3,10.0,12.8,81,,14.8,1008.2
2019-05-30,13.3,11.1,18.9,79,,12.2,1008.1
2019-05-31,17.1,13.9,23.9,74,,14.8,1006.4
2019-06-01,15.6,12.2,18.9,85,,13.3,1010.7
2019-06-02,13.4,11.7,17.2,88,,13.3,1007.1
2019-06-03,17.7,13.9,23.3,43,,24.8,1008.5
2019-06-04,17.0,12.2,22.2,38,,15.5,1015.7
2019-06-05,21.9,16.1,28.9,52,,19.8,1010.0
2019-06-06,20.9,17.8,25.6,79,,15.8,1006.3
2019-06-07,20.1,17.8,22.8,57,,13.7,1012.8
2019-06-08,20.1,17.2,22.8,54,,16.2,1020.4
2019-06-09,19.7,13.3,26.7,47,,15.8,1026.0
2019-06-10,19.1,14.4,23.3,62,,16.6,1021.1
2019-06-11,21.1,17.2,26.1,70,,19.1,1010.7
2019-06-12,20.2,15.6,23.9,45,,18.7,1020.1
2019-06-13,15.1,11.7,16.7,79,,18.4,1013.8
2019-06-14,17.3,12.2,25.0,63,,23.0,1009.3
2019-06-15,22.0,16.7,28.9,42,,24.5,1015.5
2019-06-16,20.7,17.2,22.2,77,,12.2,1011.2
2019-06-17,20.3,18.9,23.9,70,,13.7,1013.3
2019-06-18,19.4,16.1,21.1,85,,9.0,1014.1
2019-06-19,17.9,15.6,21.7,85,,12.2,1011.1
2019-06-20,18.9,16.1,22.8,89,,10.8,1003.5
2019-06-21,19.9,16.1,24.4,77,,16.6,999.5
2019-06-22,22.3,17.8,28.3,50,,19.8,1007.6
2019-06-23,23.6,18.9,30.6,39,,20.9,1010.1
2019-06-24,23.7,17.2,26.7,53,,16.6,1009.9
2019-06-25,19.5,17.2,22.8,84,,11.2,1012.1
2019-06-26,20.8,16.7,23.9,85,,10.8,1015.6
2019-06-27,18.4,16.1,21.7,85,,10.8,1019.2
2019-06-28,21.5,17.2,29.4,72,,11.2,1019.4
2019-06-29,25.2,20.0,30.6,69,,10.1,1013.5
2019-06-30,22.7,18.3,25.6,70,0,16.9,1006.3
2019-07-01,21.7,17.8,28.9,62,,14.4,1010.1
2019-07-02,26.3,22.8,30.6,52,,15.1,1007.6
2019-07-03,26.7,22.8,30.0,57,,12.6,1010.1
2019-07-04,26.3,22.8,28.9,56,,9.4,1017.6
2019-07-05,27.1,21.7,32.2,58,,15.8,1019.6
2019-07-06,27.8,23.9,35.0,71,,18.4,1011.9
2019-07-07,22.9,19.4,25.0,66,,16.6,1012.9
2019-07-08,21.8,18.9,24.4,56,,12.6,1014.7
2019-07-09,25.4,20.6,31.7,43,,13.7,1015.3
2019-07-10,26.8,22.8,31.1,53,,12.2,1016.0
2019-07-11,24.8,21.7,30.0,71,,16.9,1013.7
2019-07-12,23.2,20.6,27.8,86,,9.4,1006.3
2019-07-13,25.4,22.2,31.7,60,,15.1,1010.4
2019-07-14,28.3,23.3,32.8,52,,16.9,1010.9
2019-07-15,26.2,21.7,30.6,44,,17.6,1015.4
2019-07-16,26.5,21.7,32.2,50,,14.4,1016.3
2019-07-17,28.2,23.3,33.3,67,,16.6,1012.4
2019-07-18,22.8,19.4,25.6,74,,15.8,1014.2
2019-07-19,24.1,18.9,33.9,64,,15.1,1010.4
2019-07-20,31.4,26.7,36.1,63,,15.8,1007.6
2019-07-21,32.3,28.3,36.7,50,,22.3,1006.0
2019-07-22,27.2,19.4,28.9,66,,18.4,1010.3
2019-07-23,19.7,17.2,21.7,78,,18.0,1010.4
2019-07-24,21.4,18.9,25.0,65,,8.3,1013.6
2019-07-25,22.6,20.6,24.4,63,,14.0,1018.6
2019-07-26,23.8,19.4,27.2,67,,12.6,1023.7
2019-07-27,24.1,20.6,27.8,61,,15.8,1024.0
2019-07-28,26.2,20.0,33.9,59,,16.2,1017.5
2019-07-29,28.9,23.9,33.9,60,,15.8,1013.8
2019-07-30,29.2,23.3,35.6,64,,14.0,1014.5
2019-07-31,27.9,21.7,34.4,66,,15.8,1015.5
2019-08-01,26.4,23.3,31.7,53,,12.6,1017.0
2019-08-02,24.9,20.0,27.8,48,,13.0,1019.7
2019-08-03,25.1,19.4,30.6,61,,17.3,1015.6
2019-08-04,24.9,21.7,29.4,68,,12.6,1011.9
2019-08-05,22.5,18.9,25.0,51,,13.0,1014.9
2019-08-06,21.4,17.8,24.4,82,,10.8,1012.6
2019-08-07,24.3,20.6,30.0,75,,17.3,1010.2
2019-08-08,25.3,20.6,31.1,69,,18.4,1005.0
2019-08-09,25.8,20.0,30.6,48,,18.0,1004.9
2019-08-10,24.2,18.9,27.8,45,,20.9,1007.4
2019-08-11,22.2,16.7,27.8,48,,17.6,1013.2
2019-08-12,25.1,18.3,30.6,48,,16.9,1012.2
2019-08-13,25.6,22.8,27.2,67,,19.8,1008.4
2019-08-14,22.1,17.2,24.4,75,,12.6,1010.9
2019-08-15,19.1,17.2,22.8,82,,10.8,1016.8
2019-08-16,19.9,17.2,23.9,83,,11.9,1018.0
2019-08-17,20.8,19.4,24.4,84,,14.4,1017.4
2019-08-18,23.0,20.6,27.2,81,,11.9,1015.6
2019-08-19,27.6,23.3,35.0,65,,18.4,1013.7
2019-08-20,26.1,21.7,28.9,59,,12.6,1016.9
2019-08-21,24.7,20.6,31.1,73,,16.9,1013.7
2019-08-22,26.8,22.2,33.9,64,,15.8,1009.8
2019-08-23,25.5,20.0,27.8,46,,15.5,1013.8
2019-08-24,20.7,16.7,22.8,59,,16.9,1021.3
2019-08-25,18.8,15.0,21.7,69,,19.8,1026.3
2019-08-26,18.0,13.9,22.2,67,,15.1,1023.5
2019-08-27,19.1,14.4,23.9,63,,11.5,1018.6
2019-08-28,20.3,17.2,23.9,74,,12.6,1013.6
2019-08-29,23.6,20.0,30.6,65,,15.5,1009.3
2019-08-30,25.0,18.3,30.6,51,,19.4,1014.4
2019-08-31,24.8,20.0,27.2,41,,14.8,1021.4
2019-09-01,20.3,16.7,22.2,63,,13.7,1027.4
2019-09-02,20.2,16.7,25.6,73,,12.6,1018.8
2019-09-03,21.7,18.9,24.4,70,,13.3,1016.2
2019-09-04,22.7,18.3,30.0,72,,19.4,1013.6
2019-09-05,20.0,16.1,21.1,57,,14.8,1017.7
2019-09-06,17.8,15.0,20.0,70,,19.4,1015.4
2019-09-07,18.1,13.3,23.9,62,,23.0,1006.5
2019-09-08,20.6,16.1,25.6,52,,15.5,1014.7
2019-09-09,18.8,15.6,21.1,62,,12.6,1024.5
2019-09-10,19.3,17.2,22.2,75,,12.2,1027.0
2019-09-11,24.1,20.6,30.6,66,,22.0,1018.4
2019-09-12,20.6,14.4,24.4,74,,16.6,1020.4
2019-09-13,16.3,12.2,20.0,59,,18.0,1031.1
2019-09-14,16.7,11.7,22.2,71,,17.6,1026.1
2019-09-15,22.8,20.0,27.2,59,,15.5,1018.6
2019-09-16,21.1,16.7,23.9,49,,15.8,1017.0
2019-09-17,17.8,15.0,21.1,58,,17.3,1019.8
2019-09-18,16.1,11.7,18.3,55,,19.4,1025.2
2019-09-19,14.3,10.0,18.3,57,,12.2,1026.5
2019-09-20,17.8,11.1,26.1,51,,10.1,1021.1
2019-09-21,22.7,18.3,28.3,53,,11.2,1021.0
2019-09-22,23.6,16.7,31.7,56,,17.3,1018.6
2019-09-23,25.7,21.1,33.3,62,,24.5,1009.0
2019-09-24,23.2,17.2,26.7,61,,19.1,1005.8
2019-09-25,18.6,15.0,24.4,61,,15.1,1010.2
2019-09-26,20.0,15.0,28.9,67,,16.9,1009.1
2019-09-27,18.3,14.4,23.3,59,,14.4,1017.4
2019-09-28,20.2,15.6,27.8,66,,19.8,1018.4
2019-09-29,21.2,14.4,23.9,61,,14.8,1022.5
2019-09-30,14.8,11.1,16.7,61,,16.6,1027.3
2019-10-01,16.8,13.9,22.2,74,,18.7,1016.9
2019-10-02,21.5,12.2,26.1,77,,18.7,1009.6
2019-10-03,12.4,10.6,12.8,59,,18.4,1020.6
2019-10-04,13.3,7.8,16.7,64,,21.2,1016.8
2019-10-05,10.1,5.6,13.9,52,,15.1,1029.4
2019-10-06,13.3,7.2,21.1,64,,19.4,1027.1
2019-10-07,22.8,16.1,27.2,62,,25.9,1020.1
2019-10-08,16.9,13.3,18.3,72,,13.7,1024.0
2019-10-09,14.3,12.8,15.6,69,,28.8,1026.2
2019-10-10,13.3,11.7,15.0,65,,34.2,1024.6
2019-10-11,13.2,11.7,13.9,76,,38.2,1021.2
2019-10-12,13.1,11.7,14.4,80,,18.0,1014.8
2019-10-13,14.9,11.1,21.1,74,,10.1,1016.4
2019-10-14,14.5,11.1,18.3,77,,11.9,1014.8
2019-10-15,14.4,9.4,17.8,54,,13.3,1018.7
2019-10-16,12.2,7.8,17.2,70,,26.3,1013.4
2019-10-17,13.9,11.1,17.8,68,,39.6,983.9
2019-10-18,12.6,8.9,16.7,53,,23.4,1004.6
2019-10-19,11.2,6.7,16.7,51,,12.2,1015.4
2019-10-20,11.5,6.7,15.6,68,,7.6,1018.2
2019-10-21,14.2,10.6,17.2,73,,14.4,1019.2
2019-10-22,12.7,10.0,15.6,81,,17.3,1019.0
2019-10-23,16.2,11.7,21.1,65,,16.2,1010.8
2019-10-24,15.1,9.4,20.6,45,,19.1,1023.2
2019-10-25,14.3,11.7,17.2,62,,9.4,1024.2
2019-10-26,13.1,10.0,16.1,68,,12.2,1023.3
2019-10-27,11.4,10.6,13.3,75,,25.2,1018.1
2019-10-28,11.8,10.0,13.9,83,0,13.7,1021.0
2019-10-29,12.4,11.1,13.9,80,,7.2,1027.3
2019-10-30,14.9,10.6,18.9,86,,5.4,1024.9
2019-10-31,18.2,15.0,22.2,83,,29.2,1012.4
2019-11-01,16.8,6.7,22.2,50,,33.1,1009.6
2019-11-02,7.4,3.9,10.6,51,,11.2,1021.1
2019-11-03,9.3,5.6,13.9,46,,16.2,1017.3
2019-11-04,9.1,5.0,12.8,46,,14.0,1026.6
2019-11-05,11.3,7.2,14.4,80,,12.6,1022.2
2019-11-06,11.1,5.6,13.3,42,,16.9,1024.9
2019-11-07,9.9,4.4,15.0,57,,18.4,1019.4
2019-11-08,3.7,-1.0,5.6,48,,27.0,1017.5
2019-11-09,0.8,-2.1,5.0,43,,15.5,1024.8
2019-11-10,4.9,0.6,12.2,51,,18.0,1017.6
2019-11-11,8.8,6.1,12.2,62,,13.7,1018.0
2019-11-12,5.1,-3.2,6.7,70,,21.2,1009.7
2019-11-13,-2.6,-6.0,0.6,35,,25.9,1023.3
2019-11-14,-0.9,-4.9,5.6,56,,11.2,1029.9
2019-11-15,6.4,2.2,12.2,46,,20.9,1020.6
2019-11-16,2.6,-2.1,6.1,28,,21.6,1030.7
2019-11-17,0.1,-2.7,7.2,57,,21.6,1028.1
2019-11-18,4.2,2.2,5.0,78,,22.7,1010.6
2019-11-19,5.6,5.0,7.2,84,,7.9,1008.0
2019-11-20,5.1,3.9,5.6,82,,16.9,1012.6
2019-11-21,5.6,2.2,10.6,65,,13.7,1018.3
2019-11-22,8.7,3.9,13.3,62,,25.2,1006.6
2019-11-23,4.9,1.7,8.9,40,,15.8,1012.0
2019-11-24,6.1,4.4,8.9,77,,26.3,995.4
2019-11-25,7.8,5.0,12.2,57,,17.6,1005.7
2019-11-26,9.8,4.4,17.2,61,,14.8,1014.7
2019-11-27,8.9,4.4,12.2,80,,10.1,1011.5
2019-11-28,8.4,1.7,11.7,65,,31.3,1005.1
2019-11-29,2.9,-0.5,6.7,52,,28.4,1018.0
2019-11-30,0.5,-3.2,3.9,35,,25.9,1014.2
2019-12-01,-1.9,-5.5,3.9,63,,17.6,1014.4
2019-12-02,3.8,-1.6,5.6,83,,38.9,1002.1
2019-12-03,-0.2,-1.0,2.2,72,,25.2,994.5
2019-12-04,1.2,-1.6,5.0,61,,15.5,998.4
2019-12-05,4.3,0.0,7.2,56,,21.6,1003.5
2019-12-06,0.9,-1.6,3.3,61,,14.8,1016.2
2019-12-07,0.2,-2.7,1.7,52,,19.1,1025.7
2019-12-08,-1.4,-4.9,5.0,55,,15.5,1031.6
2019-12-09,7.5,5.0,16.1,80,,22.3,1017.7
2019-12-10,15.0,5.6,17.2,76,,25.2,1007.7
2019-12-11,3.4,-1.0,5.6,69,,17.6,1022.7
2019-12-12,-0.9,-3.2,0.6,48,,16.2,1037.2
2019-12-13,1.6,-2.1,8.3,74,,11.2,1031.0
2019-12-14,10.5,8.3,15.6,87,,20.2,998.3
2019-12-15,9.7,1.1,12.8,45,,36.7,1001.3
2019-12-16,1.2,0.0,1.7,37,,18.4,1021.9
2019-12-17,-0.3,-2.7,3.3,71,,15.5,1012.3
2019-12-18,1.1,-4.3,3.3,64,,23.0,1006.7
2019-12-19,-5.3,-9.3,-2.7,37,,31.7,1019.0
2019-12-20,-4.9,-8.2,0.6,44,,21.2,1030.5
2019-12-21,-2.5,-5.5,1.7,61,,8.3,1035.1
2019-12-22,2.3,-1.0,7.2,60,,15.8,1023.8
2019-12-23,6.4,1.7,13.9,55,,18.4,1014.5
2019-12-24,7.5,1.7,10.0,42,,15.5,1017.8
2019-12-25,2.6,0.0,5.6,58,,7.6,1023.0
2019-12-26,2.6,1.1,5.0,68,,11.2,1028.3
2019-12-27,4.9,2.2,11.1,70,,18.4,1022.4
2019-12-28,9.1,3.3,10.6,55,,17.6,1019.3
2019-12-29,4.2,2.2,6.7,58,,11.5,1021.9
2019-12-30,3.6,2.2,5.0,82,0,33.5,1016.3
2019-12-31,4.6,2.8,6.7,83,,21.6,1003.2
2020-01-01,4.1,2.2,6.1,56,,24.8,1003.0
2020-01-02,4.2,1.1,9.4,50,,20.2,1010.7
2020-01-03,8.2,6.7,11.1,56,,11.5,1008.2
2020-01-04,8.1,4.4,8.9,78,,8.6,1004.0
2020-01-05,3.9,0.0,5.0,60,,26.6,1004.1
2020-01-06,0.4,-2.7,5.0,58,,10.8,1013.2
2020-01-07,3.2,0.6,5.6,50,,14.8,1015.3
2020-01-08,3.4,-1.6,7.2,56,,22.7,1010.9
2020-01-09,-1.6,-5.5,0.6,34,,21.2,1035.2
2020-01-10,3.2,-1.6,11.7,59,,22.3,1032.6
2020-01-11,13.9,9.4,21.1,67,,29.2,1021.4
2020-01-12,18.7,4.4,23.3,58,,33.5,1014.7
2020-01-13,5.1,2.2,6.1,72,,14.8,1030.7
2020-01-14,3.9,2.8,5.6,76,,9.0,1025.6
2020-01-15,6.9,3.9,11.1,60,,13.7,1018.8
2020-01-16,5.5,-1.0,8.3,60,,24.5,1010.8
2020-01-17,-4.1,-8.8,-1.0,33,,32.4,1030.5
2020-01-18,-7.7,-9.9,0.6,46,,14.0,1028.7
2020-01-19,0.7,-4.3,7.2,62,,21.6,1005.2
2020-01-20,-3.4,-7.1,-1.0,39,,22.3,1020.6
2020-01-21,-4.9,-7.7,-2.1,38,,12.2,1029.1
2020-01-22,-1.9,-6.6,3.9,48,,7.9,1029.8
2020-01-23,2.2,-3.2,10.0,42,,11.9,1027.6
2020-01-24,4.9,1.1,8.9,58,,11.2,1029.0
2020-01-25,5.7,4.4,10.0,78,,22.7,1020.4
2020-01-26,8.4,4.4,10.6,63,,20.2,1004.8
2020-01-27,5.7,3.9,8.9,55,,19.8,1002.4
2020-01-28,5.0,2.2,5.6,50,,20.9,1006.8
2020-01-29,2.6,-1.6,6.1,39,,16.9,1016.1
2020-01-30,-1.7,-5.5,0.6,45,,12.2,1026.2
2020-01-31,1.7,-1.6,8.3,51,,14.4,1025.7
2020-02-01,3.5,1.1,5.0,78,,7.2,1013.1
2020-02-02,4.0,2.2,6.7,57,,11.2,999.6
2020-02-03,5.2,1.7,10.0,53,,15.5,1007.0
2020-02-04,5.6,1.7,8.3,68,,5.0,1009.7
2020-02-05,5.2,0.6,6.1,54,,10.1,1015.2
2020-02-06,2.9,1.1,5.0,79,,19.8,1007.0
2020-02-07,4.2,-1.0,13.3,77,,24.1,987.9
2020-02-08,-0.3,-3.8,2.8,43,,26.6,1017.2
2020-02-09,-2.8,-6.6,3.3,57,,11.9,1033.4
2020-02-10,5.6,3.3,8.3,73,,21.6,1020.9
2020-02-11,6.2,4.4,7.2,83,,10.1,1013.6
2020-02-12,5.1,2.8,7.2,49,,18.4,1017.2
2020-02-13,3.9,1.7,5.0,80,,10.8,1006.6
2020-02-14,0.3,-9.3,4.4,46,,23.0,1022.4
2020-02-15,-7.1,-11.0,-0.5,39,,16.6,1033.7
2020-02-16,1.7,-1.6,7.8,47,,18.0,1020.4
2020-02-17,5.6,-0.5,9.4,43,,14.0,1023.3
2020-02-18,3.0,-0.5,5.6,64,,17.3,1025.5
2020-02-19,5.9,0.0,7.8,45,,24.1,1018.9
2020-02-20,-0.1,-4.3,2.8,34,,19.1,1028.8
2020-02-21,-3.6,-8.2,0.6,35,,16.2,1029.7
2020-02-22,2.4,-1.6,9.4,31,,18.7,1021.0
2020-02-23,6.8,1.1,14.4,37,,14.4,1019.5
2020-02-24,8.8,1.7,17.8,42,,14.4,1016.0
2020-02-25,8.6,6.1,11.7,74,,8.6,1012.8
2020-02-26,7.6,6.7,8.9,79,,15.1,1014.4
2020-02-27,7.2,0.6,12.8,62,,36.4,997.4
2020-02-28,1.3,-2.1,3.3,34,,24.8,1006.7
2020-02-29,-0.8,-5.5,1.7,41,,19.8,1009.2
2020-03-01,-3.9,-7.1,0.6,44,,19.8,1017.4
2020-03-02,1.7,-4.9,11.1,58,,18.7,1015.8
2020-03-03,10.2,7.8,15.0,70,,18.0,1003.9
2020-03-04,8.5,5.0,10.0,50,,31.7,1000.9
2020-03-05,6.4,2.8,10.6,43,,17.3,1015.6
2020-03-06,3.9,0.0,6.7,74,,22.3,1015.2
2020-03-07,2.3,-1.6,7.2,31,,32.4,1018.3
2020-03-08,4.4,-0.5,11.7,28,,16.9,1026.0
2020-03-09,12.6,5.6,22.2,28,,21.6,1022.8
2020-03-10,11.1,4.4,18.9,62,,18.4,1015.7
2020-03-11,10.2,2.8,15.0,60,,14.8,1017.2
2020-03-12,4.3,1.1,6.1,67,,15.5,1022.9
2020-03-13,7.9,4.4,16.7,78,,26.3,1013.5
2020-03-14,7.6,3.3,11.7,41,,25.6,1020.7
2020-03-15,4.7,-1.0,6.1,38,,16.9,1029.8
2020-03-16,0.1,-4.3,1.7,46,,19.4,1036.6
2020-03-17,2.2,-0.5,7.2,82,,14.4,1023.5
2020-03-18,6.0,2.8,10.6,49,,15.1,1029.1
2020-03-19,5.0,3.9,5.6,87,,21.2,1027.7
2020-03-20,8.7,3.3,20.0,84,,25.2,1012.3
2020-03-21,9.2,-0.5,13.9,45,,22.7,1022.6
2020-03-22,-0.5,-3.8,0.6,42,,18.4,1038.4
2020-03-23,0.3,-2.1,5.0,72,,24.5,1032.1
2020-03-24,4.7,1.1,9.4,74,,19.4,1017.2
2020-03-25,4.6,2.8,6.1,71,,22.3,1021.4
2020-03-26,4.1,0.0,7.8,64,,18.4,1014.5
2020-03-27,10.3,6.1,16.1,43,,20.5,1008.9
2020-03-28,7.5,2.2,8.9,53,,10.4,1021.1
2020-03-29,5.6,3.9,6.1,92,,25.9,1019.7
2020-03-30,4.3,2.8,6.1,92,,24.8,1015.3
2020-03-31,2.5,0.6,4.4,77,,19.8,1017.4
2020-04-01,2.4,-0.5,6.1,72,,19.4,1010.0
2020-04-02,5.4,3.9,8.3,76,,28.4,1000.7
2020-04-03,5.9,5.0,7.2,91,,41.0,1002.7
2020-04-04,5.2,3.9,6.7,84,,21.2,1016.0
2020-04-05,6.2,3.9,12.2,77,,13.3,1016.8
2020-04-06,10.2,6.7,16.7,48,,16.6,1013.9
2020-04-07,11.3,7.8,16.7,35,,14.0,1009.9
2020-04-08,7.8,5.6,8.9,76,,11.5,1002.2
2020-04-09,6.8,5.0,8.9,81,,22.7,993.6
2020-04-10,5.9,3.3,8.9,53,,29.2,989.6
2020-04-11,6.4,2.8,11.1,44,,24.5,1007.1
2020-04-12,8.5,1.7,15.6,44,,17.3,1021.2
2020-04-13,12.6,10.6,15.6,87,0,36.0,1009.5
2020-04-14,11.8,7.2,14.4,42,0,16.6,1013.4
2020-04-15,8.4,3.3,11.7,41,,15.5,1012.0
2020-04-16,5.3,1.1,8.3,43,,19.8,1015.7
2020-04-17,4.9,1.1,9.4,38,,23.0,1019.5
2020-04-18,3.5,0.0,5.0,84,,16.6,1010.4
2020-04-19,7.9,2.8,16.1,53,,24.1,1007.6
2020-04-20,8.9,3.3,10.6,56,,15.1,1004.5
2020-04-21,6.2,1.1,12.2,63,,26.6,1001.8
2020-04-22,3.7,1.1,6.7,39,,31.7,1005.4
2020-04-23,5.8,1.1,12.8,29,,20.2,1014.8
2020-04-24,6.4,3.9,7.2,74,,14.8,1010.5
2020-04-25,7.4,2.8,11.7,62,,12.2,1016.5
2020-04-26,7.5,5.0,8.3,73,,24.1,1017.1
2020-04-27,4.9,2.8,5.6,91,,36.7,1010.9
2020-04-28,4.7,3.3,6.7,72,,16.6,1018.3
2020-04-29,6.9,3.3,9.4,71,,15.8,1025.9
2020-04-30,7.4,6.7,10.0,80,,21.2,1024.6
2020-05-01,10.9,8.9,16.7,92,,14.4,1007.7
2020-05-02,13.9,7.8,21.1,48,,20.9,1009.6
2020-05-03,18.0,11.7,25.6,48,,16.2,1006.0
2020-05-04,17.5,8.9,21.1,43,,19.1,1002.5
2020-05-05,10.5,6.7,14.4,43,,20.9,1009.4
2020-05-06,8.3,5.0,10.6,63,,14.8,1012.1
2020-05-07,10.5,5.6,17.8,47,,15.1,1005.2
2020-05-08,10.9,6.1,13.9,51,,19.1,1006.8
2020-05-09,4.9,2.2,6.7,60,,31.7,1002.4
2020-05-10,6.9,1.1,15.6,44,,23.8,1012.8
2020-05-11,11.1,6.7,16.7,69,,19.1,1010.2
2020-05-12,9.1,5.0,13.3,48,,25.2,1011.4
2020-05-13,9.1,2.8,15.6,33,,20.5,1021.0
2020-05-14,13.7,7.2,20.6,29,,18.0,1022.3
2020-05-15,15.7,10.6,23.3,74,,17.6,1012.9
2020-05-16,17.2,9.4,20.0,70,,20.9,1015.9
2020-05-17,12.5,9.4,17.2,68,,13.7,1024.8
2020-05-18,12.5,8.3,14.4,71,,13.3,1022.8
2020-05-19,10.3,8.3,12.8,67,,19.8,1027.2
2020-05-20,10.6,7.2,14.4,58,,13.7,1031.6
2020-05-21,14.3,7.2,25.0,44,,18.0,1026.9
2020-05-22,19.3,12.2,27.8,53,,22.7,1018.3
2020-05-23,16.9,8.3,22.2,67,,24.8,1019.6
2020-05-24,9.8,6.7,12.2,70,,19.1,1026.6
2020-05-25,10.2,8.9,12.8,90,,10.4,1024.9
2020-05-26,13.1,10.0,21.1,89,,10.8,1022.6
2020-05-27,21.1,15.6,28.3,72,,18.7,1022.1
2020-05-28,21.4,17.8,25.6,79,,22.0,1021.6
2020-05-29,22.7,18.9,27.2,81,0,26.3,1015.1
2020-05-30,22.6,18.3,26.7,61,,18.4,1009.4
2020-05-31,18.4,10.0,20.0,41,,23.8,1014.8
2020-06-01,13.1,8.3,17.8,38,,17.6,1020.0
2020-06-02,13.4,9.4,17.8,60,,13.7,1014.7
2020-06-03,18.2,12.8,26.7,68,,11.9,1002.9
2020-06-04,23.2,15.0,31.7,59,,13.7,1008.7
2020-06-05,22.2,17.8,27.2,76,,18.4,1011.1
2020-06-06,23.8,16.7,31.7,78,,16.9,1006.4
2020-06-07,16.4,13.9,18.3,75,,15.8,1010.1
2020-06-08,18.7,12.8,26.1,45,,13.3,1013.5
2020-06-09,19.6,15.6,26.7,51,,9.0,1013.6
2020-06-10,16.8,14.4,18.9,78,,15.5,1018.1
2020-06-11,19.3,16.7,24.4,87,,22.0,1016.4
2020-06-12,22.6,18.3,28.9,62,,14.4,1016.5
2020-06-13,18.7,13.9,20.0,49,,18.0,1021.0
2020-06-14,15.5,11.7,18.9,65,,16.9,1028.6
2020-06-15,14.8,12.8,18.3,72,,12.2,1030.4
2020-06-16,16.7,12.8,21.1,64,,10.4,1028.9
2020-06-17,17.8,13.3,22.8,69,,12.6,1025.2
2020-06-18,22.2,16.7,31.1,67,,15.8,1021.0
2020-06-19,25.2,20.0,30.6,66,,19.1,1018.1
2020-06-20,26.3,20.6,33.3,58,,15.5,1015.7
2020-06-21,25.8,19.4,30.6,68,,13.0,1014.7
2020-06-22,19.7,16.7,21.7,90,,12.6,1014.9
2020-06-23,22.4,17.2,31.1,76,,15.8,1009.4
2020-06-24,24.3,20.0,30.0,74,,15.8,1005.4
2020-06-25,25.1,20.6,30.0,44,,15.1,1012.9
2020-06-26,24.3,19.4,30.0,55,,15.5,1012.5
2020-06-27,23.5,18.3,28.3,60,,9.4,1008.9
2020-06-28,20.9,17.8,27.2,83,,11.2,1006.8
2020-06-29,19.2,17.2,22.8,91,,10.8,1009.3
2020-06-30,17.9,17.2,20.0,93,,11.2,1012.5
2020-07-01,18.9,17.2,22.2,91,,9.0,1011.2
2020-07-02,21.8,17.8,29.4,76,,11.2,1008.2
2020-07-03,22.2,16.7,25.0,80,,19.8,1011.0
2020-07-04,18.1,16.1,21.1,86,,13.0,1013.3
2020-07-05,20.8,17.8,26.1,84,,12.2,1013.5
2020-07-06,19.8,17.2,21.1,87,,14.4,1018.1
2020-07-07,20.1,16.7,26.7,73,,15.5,1020.8
2020-07-08,23.4,19.4,29.4,76,,19.8,1015.7
2020-07-09,25.5,22.2,30.0,77,,14.8,1015.1
2020-07-10,23.2,20.6,25.6,89,,17.6,1015.7
2020-07-11,25.2,20.6,31.7,78,,25.2,1007.0
2020-07-12,26.5,22.2,31.7,66,,23.0,1003.4
2020-07-13,25.3,20.6,29.4,71,,12.6,1007.6
2020-07-14,21.8,18.9,24.4,82,,14.4,1013.1
2020-07-15,18.7,16.7,21.1,82,,14.4,1022.7
2020-07-16,18.1,15.6,20.6,74,,14.4,1027.0
2020-07-17,17.8,15.0,23.3,82,,15.1,1021.0
2020-07-18,24.9,20.0,32.8,67,,10.8,1016.1
2020-07-19,27.9,21.1,35.0,62,,18.7,1012.0
2020-07-20,27.9,23.9,33.9,61,,20.9,1009.0
2020-07-21,28.5,23.3,32.2,43,,16.6,1014.2
2020-07-22,23.9,20.0,26.1,71,,13.0,1017.2
2020-07-23,24.2,20.0,31.7,84,,12.6,1015.0
2020-07-24,23.4,21.1,26.1,74,,12.2,1017.8
2020-07-25,24.2,20.0,28.9,68,,10.4,1017.2
2020-07-26,27.3,22.8,32.8,53,,20.2,1012.6
2020-07-27,29.8,23.9,35.0,50,,18.4,1006.9
2020-07-28,30.3,25.6,35.0,52,,18.7,1006.5
2020-07-29,26.7,22.8,30.6,50,,16.9,1011.5
2020-07-30,25.8,21.1,30.6,66,,12.2,1009.9
2020-07-31,24.1,20.0,25.0,68,,11.2,1009.8
2020-08-01,23.7,20.6,27.2,66,,13.0,1013.1
2020-08-02,24.8,21.1,30.6,74,,18.4,1014.4
2020-08-03,28.3,22.8,33.3,59,,20.5,1013.4
2020-08-04,24.3,21.1,26.1,79,,23.0,1014.2
2020-08-05,26.3,21.1,33.3,58,,19.8,1014.1
2020-08-06,24.9,20.0,28.9,47,,10.8,1018.9
2020-08-07,21.7,18.3,24.4,71,,10.1,1021.3
2020-08-08,21.2,18.9,25.6,68,,11.2,1020.8
2020-08-09,24.6,19.4,32.8,70,,15.5,1018.0
2020-08-10,27.3,22.2,34.4,62,,13.0,1014.9
2020-08-11,28.2,22.8,34.4,66,,17.6,1013.6
2020-08-12,27.2,23.3,33.9,67,,11.9,1015.2
2020-08-13,25.9,20.0,28.9,54,,11.9,1018.6
2020-08-14,22.9,20.0,26.7,68,,13.7,1017.5
2020-08-15,20.2,17.8,21.1,77,,22.7,1017.9
2020-08-16,19.4,17.8,21.7,84,,18.7,1017.1
2020-08-17,18.7,16.7,21.7,80,,18.0,1012.3
2020-08-18,22.6,18.9,30.0,62,,16.6,1009.1
2020-08-19,21.6,17.8,23.3,64,,13.0,1013.0
2020-08-20,20.8,16.1,27.2,52,,13.7,1016.0
2020-08-21,23.8,17.2,31.7,58,,18.4,1012.5
2020-08-22,23.7,21.1,26.1,72,,11.5,1013.0
2020-08-23,22.7,18.9,31.7,79,,13.0,1016.7
2020-08-24,23.8,19.4,30.6,78,,12.6,1014.5
2020-08-25,25.9,20.0,31.7,66,,20.2,1006.7
2020-08-26,20.6,16.1,23.9,41,,21.2,1010.2
2020-08-27,17.9,15.6,18.9,64,,9.7,1008.0
2020-08-28,19.8,16.1,27.8,74,,9.4,1008.1
2020-08-29,21.2,18.3,24.4,89,,15.5,1002.3
2020-08-30,22.0,17.2,25.0,52,0,24.1,1002.9
2020-08-31,18.5,14.4,21.7,61,,13.7,1018.3
2020-09-01,18.9,15.0,22.2,75,,17.6,1022.1
2020-09-02,18.2,16.7,21.7,91,,11.9,1015.2
2020-09-03,21.8,18.9,25.0,89,,9.4,1008.1
2020-09-04,23.4,20.0,29.4,59,,16.6,1009.7
2020-09-05,21.2,16.1,25.6,44,,15.5,1019.6
2020-09-06,20.3,17.2,25.6,62,,10.4,1021.4
2020-09-07,21.1,17.2,27.2,69,,17.3,1020.2
2020-09-08,20.3,16.1,26.1,82,,14.4,1021.1
2020-09-09,20.8,17.2,25.0,81,,9.4,1025.3
2020-09-10,23.1,20.0,27.8,88,,11.5,1023.1
2020-09-11,19.4,13.9,23.3,78,,15.5,1022.1
2020-09-12,15.6,11.7,19.4,67,,15.5,1027.2
2020-09-13,17.1,12.8,23.9,74,,14.0,1020.8
2020-09-14,21.0,12.2,25.0,56,,21.6,1017.4
2020-09-15,13.6,9.4,16.1,59,,13.3,1025.7
2020-09-16,15.9,10.6,22.8,68,,22.7,1022.0
2020-09-17,19.3,14.4,25.6,66,,16.9,1016.3
2020-09-18,16.4,10.6,18.9,62,,21.6,1015.9
2020-09-19,12.0,7.8,15.6,42,,16.9,1025.2
2020-09-20,11.3,6.7,15.6,47,,17.6,1033.0
2020-09-21,11.6,7.2,16.1,51,,16.9,1034.0
2020-09-22,12.3,7.2,18.9,42,,22.0,1016.6
2020-09-23,18.2,12.8,26.7,47,,18.7,1007.3
2020-09-24,20.7,16.1,26.1,57,,13.0,1013.2
2020-09-25,18.4,14.4,22.2,76,0,9.7,1018.5
2020-09-26,17.3,14.4,23.9,82,,12.2,1019.5
2020-09-27,20.3,17.2,25.0,86,,11.5,1016.5
2020-09-28,21.2,17.2,27.2,87,,14.4,1014.2
2020-09-29,20.1,16.7,26.1,82,,13.0,1012.6
2020-09-30,21.6,14.4,23.3,71,,29.5,1003.8
2020-10-01,18.3,14.4,24.4,67,,18.4,1011.6
2020-10-02,16.0,11.7,18.3,75,,11.9,1013.9
2020-10-03,13.1,9.4,17.8,70,,12.6,1020.6
2020-10-04,13.2,9.4,17.2,62,,13.0,1024.3
2020-10-05,13.9,11.1,17.2,83,,13.7,1021.0
2020-10-06,14.6,10.0,21.1,76,,15.5,1019.0
2020-10-07,16.8,12.8,23.9,69,,27.4,1003.9
2020-10-08,13.8,8.9,17.2,45,,24.8,1009.2
2020-10-09,10.7,5.6,15.6,45,,17.3,1020.6
2020-10-10,17.3,12.2,25.6,65,,31.3,1012.2
2020-10-11,15.6,10.6,19.4,61,,19.8,1019.7
2020-10-12,11.3,10.0,12.2,65,,25.9,1026.1
2020-10-13,12.7,10.6,14.4,92,,23.8,1015.0
2020-10-14,14.2,10.6,21.1,66,,14.0,1011.5
2020-10-15,15.0,8.9,22.2,73,,19.8,1016.6
2020-10-16,16.1,10.0,21.7,92,,15.1,1017.6
2020-10-17,10.3,5.6,14.4,68,,20.5,1022.0
2020-10-18,9.7,4.4,14.4,69,,11.2,1032.5
2020-10-19,10.7,6.7,14.4,80,,8.3,1028.6
2020-10-20,13.3,9.4,19.4,89,,9.4,1024.8
2020-10-21,14.3,13.3,18.3,96,,12.2,1024.7
2020-10-22,16.8,12.2,19.4,90,,11.5,1024.1
2020-10-23,13.7,12.8,16.7,92,,11.2,1023.0
2020-10-24,15.5,7.8,21.1,75,,18.4,1013.8
2020-10-25,8.2,6.1,10.0,62,,16.2,1024.0
2020-10-26,10.1,8.9,11.7,77,,15.5,1024.0
2020-10-27,10.8,6.7,12.2,70,,13.3,1020.2
2020-10-28,8.3,6.7,10.6,87,,9.7,1017.8
2020-10-29,8.1,6.1,9.4,88,,15.5,1011.1
2020-10-30,2.6,-1.0,6.7,89,,23.4,1013.2
2020-10-31,0.8,-2.1,5.6,67,,10.8,1031.1
2020-11-01,5.6,2.8,10.0,80,,10.4,1016.7
2020-11-02,5.3,0.6,6.7,56,,31.0,1001.9
2020-11-03,3.2,0.0,6.1,49,,23.4,1014.0
2020-11-04,4.4,0.6,12.2,60,,13.7,1031.2
2020-11-05,13.7,9.4,21.1,73,,24.5,1027.8
2020-11-06,16.3,12.8,22.2,64,,19.8,1022.4
2020-11-07,16.3,9.4,23.3,55,,12.2,1021.7
2020-11-08,15.4,9.4,21.1,67,,6.8,1026.4
2020-11-09,10.8,7.2,16.7,86,,4.0,1025.6
2020-11-10,14.5,8.9,23.9,71,,15.8,1020.3
2020-11-11,17.8,13.3,22.8,84,,23.0,1015.8
2020-11-12,16.3,8.3,18.9,74,,15.8,1014.5
2020-11-13,8.7,4.4,9.4,89,,19.4,1016.0
2020-11-14,6.3,3.3,9.4,65,,16.2,1018.2
2020-11-15,4.8,0.6,14.4,64,,19.8,1019.4
2020-11-16,10.4,5.6,11.7,57,,20.5,1009.6
2020-11-17,6.3,1.7,8.9,51,,18.4,1012.9
2020-11-18,0.4,-4.9,1.7,46,,22.7,1027.3
2020-11-19,-1.4,-5.5,7.8,56,,20.5,1032.2
2020-11-20,10.7,7.2,17.8,48,,27.4,1023.6
2020-11-21,12.7,5.6,16.7,49,,14.8,1025.3
2020-11-22,5.7,1.7,8.3,69,,22.0,1032.0
2020-11-23,9.6,2.2,15.0,82,,22.0,1013.0
2020-11-24,3.7,-1.6,6.7,51,,18.4,1024.1
2020-11-25,2.6,-2.7,10.6,66,0,6.8,1028.2
2020-11-26,9.2,4.4,15.0,93,,9.4,1017.8
2020-11-27,9.3,3.9,12.8,84,,6.8,1015.9
2020-11-28,9.6,5.0,12.2,64,,13.0,1013.7
2020-11-29,6.7,3.3,11.1,56,,13.0,1018.9
2020-11-30,7.8,3.3,17.2,89,,27.0,1011.5
2020-12-01,14.9,5.6,17.2,76,,25.2,1001.1
2020-12-02,5.0,1.7,6.1,57,,21.6,1011.3
2020-12-03,4.9,0.6,10.0,52,,20.2,1018.9
2020-12-04,8.4,4.4,14.4,56,,21.2,1015.7
2020-12-05,5.9,0.6,8.3,93,,29.2,1002.0
2020-12-06,1.2,-1.6,2.8,64,,27.7,1002.1
2020-12-07,-0.9,-2.7,1.7,63,,16.6,1006.7
2020-12-08,-1.6,-3.2,-0.5,66,,21.6,1005.8
2020-12-09,-1.6,-4.3,2.2,67,,12.2,1007.4
2020-12-10,3.2,1.1,7.2,64,,15.5,1014.5
2020-12-11,3.9,-2.1,10.6,74,,13.3,1021.3
2020-12-12,5.6,1.7,8.3,96,,9.4,1020.2
2020-12-13,8.5,4.4,15.0,81,,11.2,1013.1
2020-12-14,3.6,1.1,4.4,76,,12.6,1012.3
2020-12-15,0.7,-4.9,2.2,43,,22.3,1021.0
2020-12-16,-5.3,-8.8,-1.0,55,,21.2,1030.4
2020-12-17,-3.2,-6.0,0.0,88,,36.4,1015.6
2020-12-18,-3.7,-6.0,-1.0,60,,16.6,1023.2
2020-12-19,-4.9,-8.2,-0.5,69,,9.7,1028.0
2020-12-20,-1.6,-3.2,2.2,80,,5.8,1021.8
2020-12-21,0.4,-2.7,2.8,89,,9.0,1009.7
2020-12-22,3.2,0.0,6.7,63,,18.7,1006.7
2020-12-23,1.8,-1.0,3.3,55,,16.2,1025.7
2020-12-24,3.9,-1.0,11.7,87,,20.9,1023.1
2020-12-25,11.6,4.4,15.6,91,,31.7,1004.8
2020-12-26,2.1,-2.1,4.4,55,,27.4,1007.8
2020-12-27,-0.7,-3.8,3.3,58,,14.4,1023.2
2020-12-28,2.7,-2.1,9.4,78,,15.1,1021.8
2020-12-29,2.7,-4.3,5.6,40,,24.8,1024.5
2020-12-30,-2.1,-4.3,5.0,50,,19.1,1026.7
2020-12-31,5.4,0.6,7.2,66,,23.0,1018.0
2021-01-01,1.0,-1.6,2.2,64,,10.1,1030.1
2021-01-02,3.8,0.0,5.6,86,,23.0,1011.0
2021-01-03,0.4,-1.6,2.2,80,,15.1,1019.9
2021-01-04,0.9,-0.5,3.9,80,,18.4,1014.6
2021-01-05,-0.2,-1.0,0.6,84,,17.3,1013.0
2021-01-06,0.5,-1.0,4.4,67,,21.6,1011.8
2021-01-07,1.2,-1.6,5.6,51,,22.0,1015.0
2021-01-08,-0.1,-3.2,5.0,51,,17.3,1013.0
2021-01-09,-1.6,-4.3,2.2,53,,18.4,1010.8
2021-01-10,0.6,-2.7,5.0,50,,15.1,1019.9
2021-01-11,-0.3,-4.3,2.2,56,,9.4,1023.8
2021-01-12,0.8,-2.7,5.6,59,,11.9,1018.3
2021-01-13,1.8,-0.5,4.4,61,,11.2,1015.5
2021-01-14,1.8,-0.5,3.9,82,,8.6,1011.5
2021-01-15,2.2,0.6,5.0,83,,13.3,1017.2
2021-01-16,5.8,2.8,11.1,87,,29.9,998.4
2021-01-17,3.8,1.1,6.1,57,,29.9,996.2
2021-01-18,4.4,-0.5,7.2,56,,23.4,1003.9
2021-01-19,0.6,-2.7,5.0,55,,17.3,1014.4
2021-01-20,1.1,-3.8,3.3,56,,17.6,1012.0
2021-01-21,-3.3,-6.0,0.0,59,,12.6,1008.3
2021-01-22,1.7,-1.0,6.1,60,,15.5,1003.5
2021-01-23,-0.8,-8.2,1.1,49,,26.6,1011.5
2021-01-24,-5.6,-8.8,-0.5,39,,33.5,1013.8
2021-01-25,-3.5,-7.1,2.2,42,,20.9,1016.9
2021-01-26,-2.1,-5.5,1.7,69,,13.3,1017.0
2021-01-27,-0.9,-2.1,2.2,87,,13.7,1015.0
2021-01-28,-0.6,-8.8,0.6,78,,21.6,1015.1
2021-01-29,-9.6,-13.8,-7.7,50,,33.5,1014.3
2021-01-30,-10.4,-13.2,-6.6,51,,21.2,1022.9
2021-01-31,-9.9,-13.8,-4.9,60,,9.4,1026.8
2021-02-01,-2.8,-5.5,1.7,82,,33.5,1018.4
2021-02-02,0.1,-1.0,4.4,93,,30.6,997.9
2021-02-03,-0.6,-2.1,1.1,80,,16.9,996.0
2021-02-04,0.3,-1.6,2.8,73,,14.4,1006.5
2021-02-05,0.2,-3.2,5.0,84,,9.7,1006.8
2021-02-06,2.1,-1.0,5.6,55,,20.2,1013.0
2021-02-07,0.1,-3.2,2.8,77,,14.8,1015.7
2021-02-08,-4.1,-7.1,-1.6,52,,17.3,1024.9
2021-02-09,-4.3,-6.0,-2.7,74,,9.7,1025.7
2021-02-10,-3.8,-6.6,-0.5,63,,15.1,1024.6
2021-02-11,-3.9,-7.1,-1.0,51,,14.0,1024.0
2021-02-12,-7.2,-11.6,-2.7,41,,16.9,1025.8
2021-02-13,-5.2,-8.2,-1.6,51,,15.1,1027.0
2021-02-14,-1.8,-3.2,0.6,68,,9.0,1024.1
2021-02-15,-0.8,-2.7,0.0,83,,14.8,1023.7
2021-02-16,0.8,-1.0,4.4,96,,18.0,1006.1
2021-02-17,-1.8,-4.9,0.0,44,,20.5,1023.6
2021-02-18,-2.9,-4.3,-0.5,60,,13.7,1030.6
2021-02-19,-2.3,-3.8,-1.0,90,,17.6,1021.5
2021-02-20,-2.6,-4.9,-0.5,69,,18.0,1016.2
2021-02-21,-3.4,-7.1,0.6,50,,15.1,1028.7
2021-02-22,-1.6,-7.1,4.4,74,,17.6,1017.8
2021-02-23,3.1,1.1,6.1,72,,20.5,1002.3
2021-02-24,5.4,2.8,10.0,56,,21.6,1010.4
2021-02-25,6.4,0.6,8.3,45,,27.7,1012.9
2021-02-26,0.8,-2.1,4.4,50,,14.8,1029.4
2021-02-27,1.9,-1.0,8.3,88,,15.8,1023.2
2021-02-28,4.2,2.2,6.7,73,,11.2,1023.6
2021-03-01,3.9,-3.2,6.7,81,,22.3,1003.4
2021-03-02,-4.8,-10.5,-2.1,30,,36.4,1011.7
2021-03-03,0.3,-4.9,10.0,38,,19.4,1010.1
2021-03-04,4.1,-2.7,6.1,43,,23.8,1005.6
2021-03-05,-1.5,-4.3,2.2,29,,29.2,1006.4
2021-03-06,-1.9,-5.5,2.2,36,,20.2,1015.3
2021-03-07,-1.4,-5.5,3.3,37,,15.8,1024.5
2021-03-08,0.1,-3.8,3.3,45,,15.1,1027.8
2021-03-09,7.0,2.2,16.1,35,,18.4,1024.7
2021-03-10,5.9,1.1,8.9,57,,13.7,1032.7
2021-03-11,9.9,2.2,23.3,58,,21.6,1022.2
2021-03-12,14.9,8.3,18.3,30,,23.0,1013.6
2021-03-13,6.6,0.0,9.4,26,,27.7,1017.5
2021-03-14,4.8,-4.3,9.4,35,,27.7,1012.7
2021-03-15,-4.6,-8.2,-1.0,28,,30.6,1022.8
2021-03-16,-3.3,-6.6,2.2,33,,15.1,1025.3
2021-03-17,4.2,-0.5,11.7,48,,15.5,1021.0
2021-03-18,6.2,3.3,9.4,74,,17.3,1015.2
2021-03-19,3.8,-0.5,6.7,35,,25.6,1020.3
2021-03-20,6.3,0.0,16.1,26,,11.9,1031.0
2021-03-21,8.9,2.2,14.4,42,,9.7,1033.3
2021-03-22,8.0,1.7,14.4,58,,13.3,1029.7
2021-03-23,8.8,3.3,13.9,72,,10.8,1026.3
2021-03-24,8.7,4.4,11.7,79,,9.0,1023.8
2021-03-25,10.4,7.8,16.7,85,,7.9,1017.8
2021-03-26,14.8,11.7,21.1,77,,27.7,1005.8
2021-03-27,11.6,6.1,15.0,56,,22.3,1017.4
2021-03-28,7.6,5.6,15.0,83,,20.9,1011.9
2021-03-29,10.3,5.6,12.2,42,,30.6,1007.4
2021-03-30,8.2,2.2,15.6,44,,18.4,1027.9
2021-03-31,13.1,6.7,21.1,67,,23.4,1019.6
2021-04-01,10.3,1.7,14.4,76,,24.1,1006.6
2021-04-02,1.7,-1.6,5.0,43,,21.2,1018.3
2021-04-03,3.1,-1.0,10.0,38,,13.0,1023.4
2021-04-04,8.6,0.6,16.7,26,,17.3,1016.6
2021-04-05,11.2,8.3,14.4,30,,26.6,1009.3
2021-04-06,10.9,7.8,16.1,47,,13.0,1011.8
2021-04-07,10.9,7.8,14.4,63,,11.2,1016.0
2021-04-08,11.6,7.2,13.3,69,,14.8,1019.7
2021-04-09,10.3,6.7,15.0,71,,14.8,1020.9
2021-04-10,14.8,8.9,25.6,62,,15.8,1013.1
2021-04-11,11.4,7.2,15.6,80,,22.0,1008.0
2021-04-12,8.3,6.1,10.6,78,,20.9,1011.0
2021-04-13,9.6,6.7,14.4,62,,16.6,1016.4
2021-04-14,9.4,7.8,10.6,68,,15.1,1017.2
2021-04-15,8.9,5.6,12.2,71,,20.9,1010.8
2021-04-16,5.7,1.7,7.2,88,,31.7,999.7
2021-04-17,5.7,3.9,10.6,71,,17.6,1005.6
2021-04-18,10.6,6.7,17.2,56,,13.0,1008.1
2021-04-19,12.3,8.9,17.2,59,,12.2,1009.8
2021-04-20,16.7,10.6,24.4,44,,18.7,1010.6
2021-04-21,15.2,3.3,22.2,64,,24.1,1005.4
2021-04-22,5.3,1.1,8.3,42,,32.4,1003.7
2021-04-23,8.6,3.3,15.6,34,,27.4,1008.9
2021-04-24,15.9,10.0,23.3,29,,19.8,1011.5
2021-04-25,13.0,10.0,13.9,62,,12.2,1007.5
2021-04-26,10.9,8.3,13.9,41,,24.5,1010.2
2021-04-27,11.7,7.2,20.6,30,,17.3,1014.7
2021-04-28,13.1,9.4,15.6,70,,11.2,1012.4
2021-04-29,9.6,8.9,10.0,88,,10.1,1006.5
2021-04-30,12.8,6.1,18.3,64,,28.4,992.2
2021-05-01,11.8,6.7,18.3,50,,23.0,1005.1
2021-05-02,16.8,10.0,25.0,41,,21.6,1005.8
2021-05-03,15.8,10.0,18.3,58,,14.4,1011.8
2021-05-04,10.2,8.9,12.8,80,,17.3,1009.7
2021-05-05,9.6,8.9,10.0,86,,12.6,1007.5
2021-05-06,13.6,10.0,19.4,50,,17.3,1009.5
2021-05-07,12.3,8.9,13.3,55,,16.6,1014.8
2021-05-08,10.1,7.8,12.8,60,,18.4,1011.0
2021-05-09,14.6,9.4,20.6,45,,19.8,1012.6
2021-05-10,13.0,9.4,17.2,69,,13.0,1010.9
2021-05-11,14.9,10.6,18.9,37,,23.8,1013.3
2021-05-12,14.1,8.9,20.6,41,,16.9,1017.3
2021-05-13,15.8,10.6,21.7,41,,11.9,1020.6
2021-05-14,18.2,13.3,25.0,35,,15.8,1020.6
2021-05-15,19.6,16.1,23.3,38,,14.4,1021.7
2021-05-16,19.8,14.4,26.1,38,,13.7,1022.6
2021-05-17,17.8,12.2,23.9,54,,11.2,1024.1
2021-05-18,21.5,15.0,28.9,37,,15.1,1022.4
2021-05-19,21.2,14.4,22.2,42,,16.6,1025.0
2021-05-20,17.1,12.8,20.6,61,,14.0,1031.9
2021-05-21,19.2,13.3,27.8,54,,17.3,1030.6
2021-05-22,22.6,16.7,31.7,54,,12.6,1019.6
2021-05-23,25.9,16.7,32.2,51,,19.8,1011.2
2021-05-24,17.3,12.8,19.4,51,,21.2,1024.2
2021-05-25,17.7,11.7,26.1,50,,25.6,1021.6
2021-05-26,23.6,17.2,33.3,60,,23.4,1013.3
2021-05-27,23.9,16.7,28.3,56,,19.4,1011.3
2021-05-28,14.9,7.2,16.7,52,,18.4,1019.4
2021-05-29,9.4,8.3,10.6,81,,31.7,1019.5
2021-05-30,10.3,10.0,10.6,82,,27.7,1023.7
2021-05-31,12.6,10.6,16.7,78,,14.8,1020.1
2021-06-01,18.6,12.2,25.0,50,,16.6,1022.2
2021-06-02,20.8,14.4,26.1,57,,14.8,1022.4
2021-06-03,19.7,15.6,24.4,73,,16.2,1017.5
2021-06-04,22.5,18.9,27.2,74,,16.6,1011.4
2021-06-05,24.8,17.2,32.8,59,,18.0,1010.3
2021-06-06,29.3,21.1,34.4,44,,16.2,1014.3
2021-06-07,29.6,22.8,35.6,53,,19.8,1016.2
2021-06-08,28.8,23.9,35.0,62,,15.1,1015.4
2021-06-09,27.3,23.3,33.3,68,,11.2,1013.5
2021-06-10,21.9,15.0,24.4,47,,17.6,1017.8
2021-06-11,16.4,13.9,18.9,64,,11.9,1017.3
2021-06-12,17.8,15.6,21.7,78,,9.0,1011.6
2021-06-13,22.4,16.7,29.4,56,,16.6,1011.4
2021-06-14,18.8,15.6,21.1,80,,10.1,1012.2
2021-06-15,19.3,16.7,22.8,85,,8.3,1006.8
2021-06-16,20.4,17.2,25.0,49,,18.4,1007.8
2021-06-17,21.4,15.6,26.7,38,,13.3,1012.8
2021-06-18,23.3,15.6,29.4,41,,14.4,1013.7
2021-06-19,25.5,20.6,32.8,51,,20.5,1006.5
2021-06-20,26.3,21.7,31.7,53,,16.9,1007.5
2021-06-21,25.8,20.6,30.6,71,,21.6,1005.9
2021-06-22,24.4,17.2,30.6,76,,15.5,1004.5
2021-06-23,18.8,15.0,23.9,57,,16.2,1018.8
2021-06-24,18.9,15.0,23.3,65,,15.8,1028.8
2021-06-25,17.8,16.1,21.1,86,,12.6,1026.5
2021-06-26,23.1,18.9,30.0,74,,22.0,1023.2
2021-06-27,27.1,23.3,31.7,68,,26.3,1020.1
2021-06-28,29.4,23.9,36.1,63,,22.7,1019.8
2021-06-29,31.5,26.1,37.2,58,,16.9,1019.2
2021-06-30,31.0,22.2,37.8,62,,15.8,1013.6
2021-07-01,25.4,20.0,29.4,74,,14.4,1010.1
2021-07-02,18.3,15.0,20.6,90,,22.7,1009.6
2021-07-03,15.1,13.9,15.6,91,,20.9,1010.3
2021-07-04,15.9,14.4,20.0,84,,11.9,1012.0
2021-07-05,18.1,13.9,25.6,76,,12.2,1018.1
2021-07-06,24.9,20.6,33.3,74,,23.8,1012.0
2021-07-07,26.9,21.1,33.3,67,,13.7,1012.2
2021-07-08,20.6,17.8,21.7,78,,14.4,1017.6
2021-07-09,19.6,17.2,25.6,87,,16.9,1010.4
2021-07-10,21.9,17.8,23.3,75,,10.8,1015.1
2021-07-11,21.7,16.7,27.8,76,,8.3,1019.2
2021-07-12,20.4,18.3,21.7,88,,13.0,1021.8
2021-07-13,19.4,18.3,21.1,86,,12.6,1025.4
2021-07-14,20.5,18.9,25.6,88,,7.6,1021.2
2021-07-15,23.4,21.7,26.1,83,,10.1,1017.8
2021-07-16,27.4,23.3,35.0,67,,17.6,1014.6
2021-07-17,24.4,21.1,26.1,74,,12.6,1018.2
2021-07-18,21.5,19.4,23.3,87,,13.7,1016.0
2021-07-19,20.3,19.4,22.8,87,,10.8,1013.6
2021-07-20,25.1,20.0,31.1,65,,11.5,1011.0
2021-07-21,25.5,20.0,28.9,62,,15.1,1010.6
2021-07-22,22.3,18.3,25.6,64,,13.0,1015.5
2021-07-23,23.0,20.6,26.7,57,,12.2,1018.2
2021-07-24,22.1,17.8,25.0,62,,13.7,1018.9
2021-07-25,22.1,20.6,24.4,80,,18.0,1013.3
2021-07-26,26.5,21.1,33.9,60,,13.0,1010.5
2021-07-27,26.7,20.6,30.6,60,,13.7,1012.5
2021-07-28,21.1,18.9,23.9,72,,13.7,1015.4
2021-07-29,22.1,18.9,27.2,66,,22.3,1013.7
2021-07-30,23.3,18.3,28.9,60,,20.5,1005.7
2021-07-31,20.7,16.1,26.1,45,,16.9,1012.7
2021-08-01,21.6,16.7,25.6,56,,13.7,1012.9
2021-08-02,23.2,18.9,28.3,55,,14.4,1011.7
2021-08-03,22.6,18.3,25.0,60,,9.0,1019.1
2021-08-04,22.0,18.3,23.9,75,,12.2,1020.7
2021-08-05,19.4,18.3,21.7,88,,13.7,1018.8
2021-08-06,23.9,19.4,31.7,71,,13.0,1019.5
2021-08-07,26.7,21.7,33.3,61,0,16.6,1016.8
2021-08-08,25.7,21.7,28.9,71,,11.5,1018.1
2021-08-09,22.2,20.0,23.9,84,,15.1,1021.9
2021-08-10,21.0,19.4,24.4,85,,10.8,1020.9
2021-08-11,27.2,22.8,33.9,71,,19.1,1015.2
2021-08-12,29.1,24.4,35.6,66,,15.5,1013.2
2021-08-13,28.6,24.4,32.8,67,,11.5,1015.3
2021-08-14,29.3,25.6,33.3,59,,15.5,1015.6
2021-08-15,25.0,21.1,26.7,52,,13.3,1021.2
2021-08-16,22.3,18.3,25.6,64,,11.9,1023.0
2021-08-17,23.9,19.4,29.4,66,,14.8,1022.5
2021-08-18,25.8,22.2,31.7,62,,15.1,1022.4
2021-08-19,25.1,22.8,30.6,81,,16.9,1015.0
2021-08-20,24.8,22.8,26.7,83,,10.1,1010.7
2021-08-21,25.0,22.2,28.3,83,,13.0,1013.9
2021-08-22,22.4,21.1,23.9,90,,28.4,1010.6
2021-08-23,22.6,20.6,24.4,90,,15.1,1011.1
2021-08-24,25.1,21.7,32.8,73,,13.0,1010.7
2021-08-25,29.0,24.4,34.4,60,,9.4,1017.5
2021-08-26,29.3,23.9,35.6,60,,11.2,1017.7
2021-08-27,28.6,23.3,32.2,66,,13.7,1018.2
2021-08-28,22.1,17.8,23.9,64,,19.8,1026.5
2021-08-29,19.8,17.8,22.8,71,,10.8,1022.9
2021-08-30,25.2,21.7,31.1,74,,19.8,1011.3
2021-08-31,26.2,22.8,28.9,58,,16.6,1006.9
2021-09-01,22.5,16.1,23.9,70,,13.7,1010.1
2021-09-02,19.0,16.1,25.0,70,,23.4,1007.2
2021-09-03,19.7,15.0,25.0,56,,16.9,1014.0
2021-09-04,21.7,17.2,27.2,54,,15.8,1013.8
2021-09-05,21.0,17.8,23.3,74,,14.0,1011.5
2021-09-06,23.8,20.6,28.9,64,,16.9,1007.3
2021-09-07,23.1,18.3,27.8,52,,16.2,1012.6
2021-09-08,23.4,17.8,29.4,66,,22.0,1012.0
2021-09-09,23.6,20.0,24.4,82,,11.9,1008.4
2021-09-10,21.8,17.2,26.1,65,,18.4,1008.3
2021-09-11,20.3,15.0,26.1,54,,17.6,1019.0
2021-09-12,22.8,18.3,28.3,67,,24.1,1016.2
2021-09-13,24.7,18.9,27.8,58,,14.4,1014.5
2021-09-14,20.7,17.2,22.8,66,,13.7,1018.2
2021-09-15,24.0,20.0,30.0,73,,18.4,1014.8
2021-09-16,21.9,18.3,23.9,79,0,13.7,1023.4
2021-09-17,19.3,18.3,21.1,85,,13.3,1025.5
2021-09-18,20.1,18.9,23.3,85,,8.6,1017.4
2021-09-19,20.4,16.7,22.2,67,,14.8,1020.0
2021-09-20,18.3,13.9,22.2,70,,10.1,1027.9
2021-09-21,18.3,13.9,22.8,77,,10.1,1028.8
2021-09-22,22.2,18.9,26.7,80,,12.6,1022.1
2021-09-23,22.8,19.4,27.8,79,,13.0,1018.7
2021-09-24,23.2,20.6,26.7,77,,18.4,1016.6
2021-09-25,21.1,18.3,23.9,67,,10.1,1015.8
2021-09-26,20.4,16.1,25.0,64,,17.3,1008.8
2021-09-27,19.6,14.4,24.4,56,,19.8,1011.5
2021-09-28,20.7,14.4,21.7,74,,13.7,1008.8
2021-09-29,15.7,11.1,18.9,61,,14.8,1013.2
2021-09-30,15.0,11.7,17.8,59,,15.8,1017.1
2021-10-01,14.8,10.6,20.6,56,,14.8,1020.8
2021-10-02,17.4,11.1,24.4,60,,15.5,1018.1
2021-10-03,17.6,15.0,20.0,80,,11.5,1015.6
2021-10-04,16.2,12.8,17.2,83,,25.2,1018.6
2021-10-05,14.4,12.2,17.2,82,,14.0,1024.1
2021-10-06,16.4,13.3,20.0,69,,7.9,1027.5
2021-10-07,17.7,13.3,23.3,73,,6.5,1024.5
2021-10-08,18.3,15.0,21.7,71,,16.9,1022.1
2021-10-09,17.1,16.1,18.9,68,,22.3,1026.8
2021-10-10,17.1,16.1,18.9,76,,16.9,1025.2
2021-10-11,18.0,15.6,20.6,83,,13.0,1020.6
2021-10-12,18.1,13.9,23.9,78,,6.8,1019.3
2021-10-13,19.8,15.6,25.6,69,,11.9,1015.6
2021-10-14,19.2,15.6,23.9,76,,11.5,1012.2
2021-10-15,18.1,15.6,20.6,88,,13.0,1013.0
2021-10-16,20.4,16.7,24.4,81,,24.8,1007.5
2021-10-17,16.7,11.1,18.3,67,,20.5,1004.5
2021-10-18,12.6,8.3,16.7,57,,22.7,1006.8
2021-10-19,11.5,7.8,17.2,53,,21.2,1009.8
2021-10-20,15.7,12.2,22.2,64,,16.6,1011.9
2021-10-21,18.9,14.4,23.9,56,,15.5,1013.6
2021-10-22,18.3,12.8,22.2,68,,18.0,1009.6
2021-10-23,13.0,9.4,15.6,56,,15.5,1013.3
2021-10-24,10.2,6.7,14.4,51,,15.8,1019.3
2021-10-25,11.4,10.0,13.3,92,,20.5,1017.8
2021-10-26,13.7,10.0,15.6,96,,37.1,1003.8
2021-10-27,10.3,8.3,11.1,89,,42.8,1002.6
2021-10-28,8.7,6.1,10.0,73,,16.2,1014.5
2021-10-29,7.6,5.0,11.1,76,,19.1,1015.1
2021-10-30,12.4,11.1,15.0,92,,24.1,1008.4
2021-10-31,15.2,11.7,19.4,81,,20.9,998.3
2021-11-01,13.1,8.3,15.6,58,,20.5,1012.9
2021-11-02,10.6,7.2,13.9,48,,14.8,1020.7
2021-11-03,8.9,4.4,11.1,52,,15.8,1021.8
2021-11-04,5.9,2.2,9.4,62,,10.8,1026.7
2021-11-05,6.7,2.8,10.6,52,,12.2,1026.7
2021-11-06,6.2,2.2,10.6,55,,10.8,1028.7
2021-11-07,6.5,1.1,12.2,65,,6.8,1022.5
2021-11-08,9.1,4.4,15.6,59,,10.8,1019.5
2021-11-09,12.1,5.6,21.1,60,,7.9,1016.8
2021-11-10,13.4,8.9,16.7,59,,13.7,1016.9
2021-11-11,9.3,5.0,11.7,55,,14.0,1027.1
2021-11-12,12.6,9.4,17.2,82,,26.3,1017.7
2021-11-13,10.9,5.0,13.9,74,,15.5,1007.6
2021-11-14,6.7,2.8,10.0,63,,16.9,1010.2
2021-11-15,7.0,4.4,9.4,68,,19.8,1006.3
2021-11-16,5.6,2.8,9.4,52,,23.8,1016.1
2021-11-17,4.9,1.1,11.1,61,,13.0,1025.2
2021-11-18,13.8,11.1,21.1,75,,21.6,1014.5
2021-11-19,9.3,2.8,12.8,59,,23.0,1019.2
2021-11-20,3.7,0.6,6.7,50,,13.7,1032.2
2021-11-21,6.7,3.9,12.2,74,,11.9,1024.6
2021-11-22,11.4,2.8,13.9,71,,18.4,1009.5
2021-11-23,2.6,-2.1,4.4,46,,24.5,1012.8
2021-11-24,0.6,-2.7,6.1,39,,22.3,1021.4
2021-11-25,5.7,1.7,12.2,42,,11.9,1014.4
2021-11-26,7.4,1.7,8.3,72,,20.2,999.6
2021-11-27,1.9,-1.0,3.9,58,,27.0,1003.9
2021-11-28,0.6,-1.6,3.3,52,,12.2,1011.1
2021-11-29,2.3,-1.6,5.0,55,,16.9,1010.5
2021-11-30,0.1,-3.2,5.0,52,,17.6,1013.4
2021-12-01,3.8,0.6,7.8,62,,15.8,1017.9
2021-12-02,7.6,2.2,15.6,72,,18.0,1007.4
2021-12-03,6.4,0.6,7.2,49,,25.9,1007.6
2021-12-04,1.6,-2.1,5.6,53,,15.5,1018.5
2021-12-05,5.1,3.3,8.3,49,,14.0,1026.9
2021-12-06,9.4,5.6,16.7,78,,26.3,1011.3
2021-12-07,6.6,1.1,7.2,46,,19.4,1016.8
2021-12-08,1.8,-2.1,2.8,66,,16.2,1017.4
2021-12-09,-0.3,-3.2,3.3,63,,15.1,1019.8
2021-12-10,1.8,-2.1,6.7,64,,8.6,1023.3
2021-12-11,6.2,1.7,17.8,88,,20.5,1008.8
2021-12-12,9.8,3.3,16.7,42,,27.4,1012.9
2021-12-13,5.9,2.8,11.1,40,,25.9,1019.2
2021-12-14,8.0,1.7,10.6,34,,17.3,1029.4
2021-12-15,3.5,0.0,7.2,53,,11.9,1035.9
2021-12-16,10.9,7.2,15.6,76,,23.0,1015.3
2021-12-17,12.9,5.6,15.6,36,,25.9,1012.7
2021-12-18,4.8,0.6,6.1,68,,11.5,1019.5
2021-12-19,2.5,-4.9,6.7,78,,23.8,1015.1
2021-12-20,-3.6,-6.6,0.6,56,,14.8,1025.0
2021-12-21,1.7,-1.0,6.7,56,,14.4,1017.1
2021-12-22,3.9,0.6,6.1,76,,16.2,1002.8
2021-12-23,-0.3,-4.3,0.6,35,,20.9,1017.1
2021-12-24,-3.4,-4.9,-1.0,56,,6.8,1019.9
2021-12-25,-0.4,-2.1,2.2,90,,9.7,1004.4
2021-12-26,2.0,0.6,4.4,79,,20.9,1008.0
2021-12-27,0.6,-1.0,1.7,66,,14.0,1016.2
2021-12-28,2.9,0.6,7.8,74,,11.2,1010.0
2021-12-29,4.6,2.2,5.6,68,,5.4,1013.6
2021-12-30,4.4,3.3,5.6,88,,5.8,1014.6
2021-12-31,5.6,4.4,7.8,93,,4.7,1014.4
2022-01-01,7.7,6.7,11.1,98,,5.4,1009.7
2022-01-02,7.4,0.6,7.8,90,,14.4,1003.8
2022-01-03,-1.4,-6.0,0.6,52,,22.7,1019.3
2022-01-04,-4.9,-8.2,-0.5,43,,15.8,1026.3
2022-01-05,2.8,-2.7,10.6,84,,18.0,1014.1
2022-01-06,4.6,0.0,6.1,63,,17.3,1011.3
2022-01-07,-0.5,-4.9,0.6,76,,21.6,1011.8
2022-01-08,-4.7,-8.2,-2.1,52,,17.3,1029.7
2022-01-09,-0.3,-6.0,6.1,70,,25.9,1020.1
2022-01-10,0.5,-5.5,4.4,44,,27.0,1015.6
2022-01-11,-9.1,-13.2,-5.5,43,,21.2,1028.9
2022-01-12,-5.3,-12.1,5.6,51,,20.9,1022.1
2022-01-13,2.3,-1.6,7.8,68,,6.8,1016.3
2022-01-14,2.8,-9.3,5.0,69,,26.3,1008.8
2022-01-15,-10.6,-15.5,-9.3,35,,27.7,1020.5
2022-01-16,-10.8,-14.9,1.7,47,,13.3,1027.4
2022-01-17,3.7,1.7,9.4,82,,38.5,993.2
2022-01-18,-0.5,-6.0,2.2,45,,29.2,1004.7
2022-01-19,-1.2,-6.6,7.8,55,,22.3,1017.0
2022-01-20,3.0,-7.1,5.0,65,,17.6,1019.0
2022-01-21,-8.0,-12.7,-5.5,46,,17.6,1033.7
2022-01-22,-7.7,-10.5,-3.2,58,,14.4,1027.5
2022-01-23,-3.7,-7.1,1.7,56,,16.2,1011.5
2022-01-24,-2.4,-4.9,-1.0,63,,11.9,1011.9
2022-01-25,0.5,-2.1,5.0,71,,14.4,1013.8
2022-01-26,-4.0,-11.0,-2.1,39,,19.8,1025.3
2022-01-27,-8.6,-12.7,-2.7,42,,13.7,1029.3
2022-01-28,-1.7,-3.8,2.2,57,,11.9,1020.0
2022-01-29,-4.8,-11.0,-1.6,86,,36.7,1002.1
2022-01-30,-9.3,-12.1,-4.9,39,,23.0,1010.3
2022-01-31,-6.2,-9.9,-0.5,46,,8.6,1027.4
2022-02-01,-3.5,-7.7,1.7,67,,14.0,1034.9
2022-02-02,1.7,-0.5,5.6,86,,2.5,1031.4
2022-02-03,4.3,1.7,8.3,97,,11.9,1023.6
2022-02-04,1.2,-5.5,4.4,91,,19.1,1014.9
2022-02-05,-5.4,-9.3,-4.3,63,,22.7,1021.0
2022-02-06,-7.9,-12.1,-2.7,59,,11.2,1036.3
2022-02-07,-1.7,-5.5,5.0,86,,6.8,1027.1
2022-02-08,3.7,1.7,5.6,85,,18.0,1010.4
2022-02-09,2.0,-1.0,6.1,56,,15.8,1015.6
2022-02-10,3.7,-1.0,10.6,71,,15.5,1010.6
2022-02-11,5.3,-0.5,11.1,59,,16.2,1014.6
2022-02-12,9.6,3.9,15.6,52,,23.4,1012.0
2022-02-13,0.9,-3.8,3.9,76,,16.2,1019.7
2022-02-14,-5.8,-9.9,-3.8,55,,23.0,1017.3
2022-02-15,-8.1,-11.6,-2.7,39,,18.0,1034.2
2022-02-16,-2.4,-8.2,8.3,64,,21.6,1037.2
2022-02-17,10.3,6.1,16.1,73,,27.7,1018.1
2022-02-18,10.7,-3.8,16.7,64,,34.9,1002.6
2022-02-19,-1.9,-6.6,3.9,52,,24.8,1014.0
2022-02-20,-4.2,-8.8,0.6,40,,25.2,1026.4
2022-02-21,3.3,-0.5,11.7,53,,16.6,1025.9
2022-02-22,3.8,-1.0,12.8,90,,14.4,1025.6
2022-02-23,14.1,0.0,20.6,68,,28.1,1011.4
2022-02-24,-1.6,-5.5,0.0,39,,15.5,1030.5
2022-02-25,-1.8,-7.7,0.6,81,,23.4,1022.1
2022-02-26,-5.8,-10.5,-0.5,57,,12.2,1026.7
2022-02-27,-1.1,-5.5,5.0,49,,24.5,1013.3
2022-02-28,-3.7,-7.7,-1.6,35,,19.8,1022.0
2022-03-01,-3.2,-8.2,3.3,57,,15.1,1022.0
2022-03-02,4.1,0.6,6.1,60,,17.3,1012.9
2022-03-03,1.9,-6.0,3.9,54,,25.9,1014.9
2022-03-04,-4.2,-8.2,1.7,37,,15.8,1030.7
2022-03-05,0.3,-3.2,5.6,43,,15.1,1031.3
2022-03-06,7.7,2.2,18.3,77,,25.6,1014.4
2022-03-07,13.7,10.0,17.8,66,,19.4,1005.5
2022-03-08,7.0,2.2,10.0,41,,27.4,1012.5
2022-03-09,2.2,0.0,4.4,64,,8.3,1019.2
2022-03-10,3.2,-1.6,10.6,69,,12.6,1019.4
2022-03-11,5.0,-0.5,10.6,66,,13.7,1017.6
2022-03-12,4.8,-4.3,7.8,86,,21.6,994.6
2022-03-13,-2.4,-5.5,2.2,43,,29.5,1013.3
2022-03-14,3.4,-1.6,11.1,42,,18.4,1026.1
2022-03-15,8.5,5.6,15.0,61,,16.9,1022.7
2022-03-16,5.9,3.9,9.4,81,,13.3,1022.6
2022-03-17,6.1,3.3,8.9,92,,7.9,1018.9
2022-03-18,11.9,8.3,20.0,80,,9.7,1013.8
2022-03-19,9.5,6.1,12.8,91,,10.4,1012.7
2022-03-20,11.0,5.6,16.7,72,,16.9,1005.3
2022-03-21,9.9,6.1,15.0,40,,27.0,1011.8
2022-03-22,7.3,2.2,11.1,32,,25.2,1017.2
2022-03-23,3.7,0.6,6.1,48,,14.0,1024.5
2022-03-24,4.8,3.9,6.1,89,,27.0,1018.7
2022-03-25,7.6,3.9,15.6,72,,15.8,1000.9
2022-03-26,10.0,6.1,12.8,60,,15.5,996.7
2022-03-27,6.9,-0.5,10.0,55,,25.6,998.2
2022-03-28,-0.8,-6.6,0.6,43,,27.4,1006.8
2022-03-29,-2.6,-7.1,3.3,38,,28.1,1015.0
2022-03-30,2.8,-1.6,10.0,30,,20.9,1018.9
2022-03-31,10.6,4.4,18.3,68,,26.3,1007.8
2022-04-01,13.9,4.4,15.6,71,,22.7,998.3
2022-04-02,7.2,3.9,12.2,35,,24.5,1012.0
2022-04-03,6.4,1.7,8.9,67,,14.8,1010.6
2022-04-04,7.5,3.3,14.4,51,,20.2,1010.2
2022-04-05,10.1,6.1,15.0,41,,14.8,1016.4
2022-04-06,7.5,5.0,8.3,82,,16.6,1014.7
2022-04-07,6.9,3.9,9.4,79,,22.0,1014.3
2022-04-08,11.4,6.7,17.2,73,,19.8,1002.4
2022-04-09,10.5,6.1,15.6,72,,15.5,1003.1
2022-04-10,8.8,5.0,13.3,57,,22.3,1003.6
2022-04-11,9.8,4.4,17.8,44,,19.1,1014.7
2022-04-12,13.2,9.4,21.1,53,,15.5,1013.8
2022-04-13,15.7,8.3,22.8,45,,14.8,1015.8
2022-04-14,10.1,7.8,10.0,84,,15.1,1011.4
2022-04-15,12.6,7.8,19.4,46,,20.9,1016.2
2022-04-16,15.4,6.1,22.2,45,,26.3,1012.3
2022-04-17,7.8,5.0,10.0,56,,21.2,1015.8
2022-04-18,7.2,3.9,10.0,56,,22.3,1026.4
2022-04-19,9.3,6.1,15.0,74,,34.9,1005.9
2022-04-20,8.6,5.0,13.9,42,,23.0,1021.5
2022-04-21,10.3,5.0,16.7,58,,24.5,1031.1
2022-04-22,13.5,9.4,18.3,45,,22.7,1025.1
2022-04-23,10.9,7.2,14.4,47,,13.0,1026.8
2022-04-24,8.6,6.1,12.2,44,,16.2,1026.1
2022-04-25,9.3,7.8,11.7,58,,16.9,1025.1
2022-04-26,9.6,7.8,12.8,84,,12.6,1019.1
2022-04-27,11.4,5.6,15.0,64,,24.1,1008.4
2022-04-28,7.6,3.9,11.7,40,,29.5,1010.6
2022-04-29,8.4,4.4,13.9,29,,23.8,1014.4
2022-04-30,8.6,5.0,12.2,50,,14.8,1017.9
2022-05-01,11.2,7.2,16.1,50,,15.5,1018.9
2022-05-02,10.6,7.2,13.3,76,,15.1,1020.5
2022-05-03,8.9,7.8,11.7,84,,16.9,1022.3
2022-05-04,9.3,8.3,12.2,90,,10.4,1016.7
2022-05-05,13.8,10.0,21.1,58,,11.9,1016.0
2022-05-06,13.7,10.0,16.1,50,,11.2,1014.7
2022-05-07,10.3,7.8,11.7,66,,33.5,1015.7
2022-05-08,8.9,5.6,12.2,59,,27.0,1022.5
2022-05-09,9.1,5.0,13.3,52,,27.7,1026.8
2022-05-10,11.0,7.2,14.4,47,,24.8,1030.4
2022-05-11,10.4,7.8,15.6,71,,18.7,1027.8
2022-05-12,12.2,10.6,15.6,94,,10.4,1027.3
2022-05-13,14.6,10.6,26.1,86,,14.0,1024.8
2022-05-14,23.1,18.3,30.0,68,,16.9,1017.0
2022-05-15,20.9,17.2,25.6,80,,13.7,1010.8
2022-05-16,19.3,14.4,26.1,80,,18.7,1004.6
2022-05-17,18.6,14.4,23.3,52,,30.6,1003.5
2022-05-18,17.0,12.2,22.8,40,,16.6,1010.6
2022-05-19,14.4,11.7,17.8,68,,10.4,1009.2
2022-05-20,13.3,11.1,18.9,86,,15.5,1015.0
2022-05-21,15.9,12.2,21.7,91,,9.4,1015.8
2022-05-22,19.4,13.3,31.7,76,,14.4,1014.2
2022-05-23,19.4,13.9,22.2,58,,16.2,1020.1
2022-05-24,14.2,11.1,16.1,62,,16.9,1027.2
2022-05-25,14.1,10.0,20.6,60,,17.6,1028.3
2022-05-26,15.9,10.0,22.8,56,,20.2,1024.8
2022-05-27,20.3,15.6,27.8,78,,23.8,1013.4
2022-05-28,20.4,17.8,23.9,85,,17.6,1006.4
2022-05-29,19.4,15.0,22.8,59,,15.1,1016.1
2022-05-30,22.4,15.6,30.6,54,,15.5,1016.6
2022-05-31,20.8,12.8,28.3,70,,18.0,1014.6
2022-06-01,13.6,12.2,16.1,83,,12.2,1015.5
2022-06-02,14.4,12.2,17.2,85,,12.2,1008.8
2022-06-03,13.5,11.7,16.7,92,,12.2,1009.2
2022-06-04,15.3,12.2,22.8,82,,15.5,1011.0
2022-06-05,19.0,13.3,25.0,40,,16.2,1013.7
2022-06-06,19.1,14.4,23.9,50,,13.7,1016.5
2022-06-07,21.3,16.1,27.8,52,,23.0,1017.1
2022-06-08,21.4,17.2,27.2,67,,17.6,1011.4
2022-06-09,21.7,16.1,28.9,72,,19.4,1004.0
2022-06-10,20.9,15.0,25.6,50,,18.4,1007.7
2022-06-11,21.6,17.8,26.1,44,,14.0,1012.5
2022-06-12,21.0,15.6,25.6,65,,15.8,1014.9
2022-06-13,21.9,18.3,29.4,67,,13.7,1011.4
2022-06-14,23.0,17.8,27.8,46,,16.2,1011.8
2022-06-15,19.9,15.0,21.7,68,,14.0,1019.1
2022-06-16,18.7,14.4,23.3,67,,19.8,1019.7
2022-06-17,22.9,19.4,30.0,60,,23.0,1004.6
2022-06-18,21.0,12.8,22.8,48,,26.6,1002.4
2022-06-19,13.7,10.6,17.2,66,,17.6,1010.5
2022-06-20,16.8,11.1,26.1,57,,14.4,1017.0
2022-06-21,16.9,11.7,21.7,70,,15.5,1020.7
2022-06-22,16.9,13.9,19.4,82,,19.1,1019.5
2022-06-23,17.0,14.4,21.7,85,,15.8,1016.9
2022-06-24,19.1,15.0,25.6,72,,11.5,1015.5
2022-06-25,23.7,19.4,28.9,59,,12.2,1018.1
2022-06-26,25.3,20.0,32.2,62,,17.6,1017.8
2022-06-27,22.7,19.4,25.0,79,,20.9,1013.4
2022-06-28,21.1,16.7,24.4,60,,14.4,1018.5
2022-06-29,21.5,17.2,28.3,65,,11.9,1021.8
2022-06-30,22.9,19.4,28.3,52,,16.6,1020.6
2022-07-01,25.1,18.9,33.3,60,,20.9,1015.6
2022-07-02,25.8,21.7,30.6,73,,18.7,1011.4
2022-07-03,24.8,21.7,30.0,45,,13.7,1014.2
2022-07-04,24.7,18.9,29.4,39,,13.0,1018.4
2022-07-05,22.9,18.9,26.7,61,,15.1,1016.2
2022-07-06,23.8,19.4,28.9,65,,20.5,1009.0
2022-07-07,21.8,18.3,26.1,61,,15.5,1016.3
2022-07-08,22.9,16.7,30.0,63,,16.9,1014.5
2022-07-09,22.7,17.8,25.0,58,,15.5,1016.7
2022-07-10,20.4,16.1,23.9,48,,17.6,1017.9
2022-07-11,23.2,17.2,30.6,58,,22.7,1012.7
2022-07-12,24.4,19.4,31.7,62,,27.0,1006.8
2022-07-13,25.1,19.4,30.6,66,,13.7,1010.2
2022-07-14,21.9,18.3,25.6,77,,12.2,1014.3
2022-07-15,23.1,18.9,26.7,53,,16.9,1019.5
2022-07-16,23.9,17.8,29.4,58,,14.4,1019.3
2022-07-17,24.7,19.4,30.0,69,,16.2,1016.0
2022-07-18,24.2,20.0,27.8,86,,17.6,1013.0
2022-07-19,27.2,22.8,33.9,61,,23.4,1003.8
2022-07-20,28.9,24.4,33.3,59,,14.8,1006.0
2022-07-21,28.3,21.7,34.4,70,,20.5,1004.4
2022-07-22,28.7,22.8,34.4,50,,15.5,1009.4
2022-07-23,28.9,24.4,34.4,50,,13.7,1014.0
2022-07-24,30.6,22.2,37.8,49,,21.2,1013.4
2022-07-25,29.2,25.0,32.2,66,,21.6,1009.8
2022-07-26,25.6,21.7,28.9,45,,15.5,1013.6
2022-07-27,23.3,18.9,28.3,56,,13.0,1012.9
2022-07-28,24.2,18.9,31.7,70,,16.9,1010.3
2022-07-29,27.6,22.8,33.3,55,,16.9,1010.0
2022-07-30,27.4,22.8,31.1,45,,16.9,1014.0
2022-07-31,25.1,20.6,29.4,50,,15.1,1019.6
2022-08-01,25.1,20.6,29.4,66,,15.8,1014.1
2022-08-02,25.3,20.6,34.4,67,,16.9,1008.5
2022-08-03,25.5,20.0,27.2,65,,17.3,1014.2
2022-08-04,27.4,20.0,36.7,60,,16.9,1016.3
2022-08-05,27.4,22.8,35.0,70,,10.4,1018.6
2022-08-06,28.1,22.8,36.1,67,,15.5,1021.1
2022-08-07,29.8,25.0,36.7,66,,24.5,1018.3
2022-08-08,29.7,25.6,36.7,63,,23.8,1013.4
2022-08-09,29.7,18.9,36.7,71,,19.1,1011.2
2022-08-10,20.6,18.3,22.2,85,,14.4,1017.3
2022-08-11,20.8,18.9,25.6,86,,12.2,1012.8
2022-08-12,22.6,19.4,26.7,60,,16.2,1014.4
2022-08-13,20.1,17.2,22.8,61,,11.9,1018.0
2022-08-14,21.2,17.2,26.7,56,,15.5,1017.1
2022-08-15,21.6,17.2,25.0,66,,11.5,1016.6
2022-08-16,21.2,17.8,25.0,72,,15.8,1017.4
2022-08-17,21.3,18.9,26.1,63,,19.8,1014.2
2022-08-18,22.8,18.9,28.9,50,,24.5,1009.1
2022-08-19,26.5,20.6,33.3,41,,16.2,1015.3
2022-08-20,26.3,21.1,32.2,57,,13.0,1020.4
2022-08-21,25.7,20.0,31.7,64,,14.4,1020.2
2022-08-22,21.1,19.4,22.8,94,,10.4,1014.9
2022-08-23,21.2,20.0,23.9,91,,9.4,1010.6
2022-08-24,22.2,19.4,27.2,84,,9.0,1012.3
2022-08-25,24.6,21.7,30.0,68,,12.2,1015.7
2022-08-26,25.3,21.1,32.8,69,,15.5,1013.5
2022-08-27,22.1,19.4,25.6,83,,15.1,1016.1
2022-08-28,21.5,18.9,24.4,75,,15.1,1021.9
2022-08-29,23.8,18.3,31.7,70,,18.4,1018.8
2022-08-30,26.4,22.2,32.8,72,,21.2,1011.7
2022-08-31,25.1,20.0,30.0,63,,16.6,1006.7
2022-09-01,23.2,16.7,26.7,44,,18.7,1011.5
2022-09-02,18.3,13.3,20.6,58,,14.8,1024.1
2022-09-03,18.9,15.0,23.9,67,,16.6,1024.8
2022-09-04,21.9,17.8,28.3,70,,14.4,1019.6
2022-09-05,21.2,16.7,22.2,92,,13.7,1020.4
2022-09-06,17.8,16.7,18.3,94,,16.6,1019.6
2022-09-07,18.6,15.6,22.2,82,,17.6,1017.4
2022-09-08,18.2,15.0,21.7,80,,14.8,1014.3
2022-09-09,18.5,14.4,23.9,78,,9.0,1017.6
2022-09-10,22.3,18.9,26.7,66,,10.4,1021.8
2022-09-11,23.1,20.6,26.7,64,,11.9,1019.0
2022-09-12,21.4,18.9,24.4,84,,11.2,1011.2
2022-09-13,20.6,19.4,23.3,96,,11.2,1008.3
2022-09-14,22.0,17.2,26.7,64,,20.2,1009.6
2022-09-15,19.6,13.9,22.2,46,,23.0,1017.7
2022-09-16,17.1,12.8,22.8,44,,16.9,1020.6
2022-09-17,15.9,11.1,18.9,55,,15.5,1024.0
2022-09-18,21.1,15.6,28.9,70,,22.3,1015.6
2022-09-19,18.4,15.0,22.2,90,,15.8,1012.9
2022-09-20,16.2,14.4,16.7,89,,10.8,1011.5
2022-09-21,16.4,13.9,20.6,79,,12.2,1012.5
2022-09-22,18.2,12.8,21.1,87,,19.8,1002.2
2022-09-23,13.2,10.0,16.1,59,,30.2,1007.6
2022-09-24,13.6,8.9,20.6,47,,22.7,1010.4
2022-09-25,15.7,10.6,21.1,72,,14.0,1007.2
2022-09-26,18.9,15.0,23.9,76,,19.8,1004.0
2022-09-27,18.5,14.4,23.9,66,,18.0,1009.4
2022-09-28,17.2,12.8,22.2,61,,16.6,1016.7
2022-09-29,15.1,10.6,18.3,66,,16.2,1026.0
2022-09-30,12.3,8.9,15.0,70,,11.9,1026.7
2022-10-01,12.6,11.1,14.4,72,,13.0,1020.4
2022-10-02,13.2,11.1,14.4,62,,36.7,1022.2
2022-10-03,11.9,11.1,13.3,58,,31.0,1025.3
2022-10-04,12.6,11.7,14.4,78,,28.8,1019.9
2022-10-05,13.2,12.2,15.0,94,,21.2,1014.1
2022-10-06,16.5,14.4,21.1,82,,12.2,1013.0
2022-10-07,18.5,13.9,25.6,67,,16.6,1012.5
2022-10-08,13.9,7.8,16.1,50,,18.0,1017.6
2022-10-09,11.4,6.7,16.7,52,,17.3,1018.1
2022-10-10,13.3,9.4,19.4,66,,9.0,1021.7
2022-10-11,13.5,8.9,18.9,63,,10.1,1024.6
2022-10-12,16.4,10.0,23.9,61,,13.7,1022.0
2022-10-13,16.2,12.8,19.4,85,,19.1,1015.8
2022-10-14,17.8,13.9,20.6,90,,15.8,1011.0
2022-10-15,16.0,11.7,21.7,66,,11.9,1015.4
2022-10-16,14.4,10.6,20.0,76,,7.6,1013.1
2022-10-17,12.9,9.4,15.6,86,,9.0,1007.4
2022-10-18,16.6,10.0,20.6,79,,14.4,1002.5
2022-10-19,11.2,6.7,13.9,52,,18.4,1007.8
2022-10-20,9.9,5.6,15.0,52,,23.0,1013.8
2022-10-21,11.5,7.8,16.7,60,,13.3,1019.7
2022-10-22,13.7,8.3,20.0,68,,11.5,1024.5
2022-10-23,12.6,10.0,14.4,80,,11.9,1027.0
2022-10-24,13.1,11.1,15.6,96,,11.2,1023.9
2022-10-25,14.8,13.9,16.7,100,,9.0,1021.3
2022-10-26,15.8,15.0,18.3,100,,9.0,1010.7
2022-10-27,17.0,7.8,20.0,64,,22.3,1016.0
2022-10-28,8.8,5.6,11.1,64,,13.3,1033.4
2022-10-29,8.6,4.4,12.8,75,,9.4,1031.6
2022-10-30,9.9,3.9,17.2,70,,6.8,1024.0
2022-10-31,12.8,7.2,20.0,84,,14.4,1017.5
2022-11-01,15.9,13.9,18.3,88,,12.6,1014.9
2022-11-02,15.8,8.9,20.6,71,,11.2,1023.4
2022-11-03,12.2,7.8,16.1,66,,10.8,1028.6
2022-11-04,14.9,10.0,22.2,77,,19.8,1026.6
2022-11-05,18.3,13.9,25.0,83,,18.4,1024.0
2022-11-06,20.8,18.3,24.4,79,,25.6,1022.2
2022-11-07,20.7,12.2,24.4,56,,23.4,1019.7
2022-11-08,11.6,4.4,12.8,36,,22.3,1031.5
2022-11-09,5.9,2.2,8.9,58,,13.0,1036.3
2022-11-10,11.6,6.1,20.6,66,,24.1,1025.3
2022-11-11,16.3,12.8,21.1,84,,18.4,1016.4
2022-11-12,20.4,13.3,24.4,78,,24.1,1000.9
2022-11-13,12.1,5.0,13.3,76,,16.9,1008.6
2022-11-14,5.2,1.7,6.7,45,,18.4,1023.1
2022-11-15,3.1,0.6,6.1,51,,10.1,1030.7
2022-11-16,8.0,2.8,13.9,86,,24.1,1011.8
2022-11-17,5.4,2.2,7.8,59,,23.8,1010.1
2022-11-18,3.7,0.0,7.2,48,,19.4,1016.3
2022-11-19,3.1,-0.5,6.7,50,,18.4,1019.7
2022-11-20,1.6,-1.6,4.4,40,,25.9,1015.9
2022-11-21,-0.4,-3.8,3.9,44,,23.4,1026.0
2022-11-22,4.8,1.7,8.9,44,,16.2,1023.7
2022-11-23,6.8,2.2,10.6,47,,15.8,1022.1
2022-11-24,3.9,0.0,8.9,64,,11.9,1027.5
2022-11-25,7.9,5.0,11.1,78,,19.8,1010.7
2022-11-26,7.3,3.9,11.7,46,,20.5,1010.8
2022-11-27,8.9,6.1,13.9,60,,15.8,1005.2
2022-11-28,11.2,3.3,14.4,63,,25.2,1001.9
2022-11-29,3.8,0.6,6.1,63,,10.8,1024.1
2022-11-30,8.2,3.9,15.0,78,,23.0,1014.7
2022-12-01,5.9,2.2,6.1,44,,25.9,1017.5
2022-12-02,3.8,0.6,7.2,56,,13.7,1031.7
2022-12-03,9.0,3.9,15.0,80,,27.0,1019.1
2022-12-04,5.9,0.0,6.1,47,,14.4,1020.0
2022-12-05,3.8,-1.6,9.4,66,,14.8,1025.6
2022-12-06,7.7,4.4,12.8,82,,10.4,1029.7
2022-12-07,10.9,8.9,15.0,95,,16.6,1022.2
2022-12-08,11.4,2.8,14.4,63,,23.4,1020.1
2022-12-09,4.1,0.6,8.3,38,,22.3,1023.8
2022-12-10,0.8,-0.5,2.2,62,,20.9,1029.6
2022-12-11,-1.2,-3.8,1.1,71,,20.9,1026.7
2022-12-12,-2.3,-4.3,1.1,62,,18.7,1021.0
2022-12-13,0.2,-3.2,5.0,47,,23.0,1020.1
2022-12-14,-0.3,-4.9,2.8,52,,29.9,1016.6
2022-12-15,3.0,0.0,6.7,78,,23.0,1023.6
2022-12-16,6.2,5.6,7.2,93,,39.6,1009.2
2022-12-17,4.5,1.7,6.1,82,,24.5,1000.5
2022-12-18,2.9,0.6,5.0,62,,20.2,1009.7
2022-12-19,1.7,-0.5,5.6,59,,24.1,1017.2
2022-12-20,1.4,-1.0,5.0,58,,20.5,1025.9
2022-12-21,0.1,-2.7,3.9,66,,9.7,1031.4
2022-12-22,1.7,-2.1,7.2,76,,17.6,1030.2
2022-12-23,9.4,-7.1,13.9,85,,46.8,994.2
2022-12-24,-7.6,-11.6,-6.6,50,,29.9,1003.2
2022-12-25,-7.5,-9.9,-2.7,50,,24.1,1010.1
2022-12-26,-3.4,-6.0,1.1,48,,18.4,1019.5
2022-12-27,-0.7,-2.1,2.2,48,,16.2,1023.2
2022-12-28,0.2,-4.3,6.1,60,,13.7,1025.2
2022-12-29,4.9,0.0,12.2,63,,12.2,1024.5
2022-12-30,9.1,3.9,17.2,56,,14.0,1023.2
2022-12-31,9.6,6.7,12.2,93,,14.8,1015.5
2023-01-01,11.4,6.1,12.8,71,,21.6,1008.4
2023-01-02,6.5,2.2,11.1,66,,12.2,1018.4
2023-01-03,4.9,1.1,7.2,93,,7.6,1016.0
2023-01-04,5.2,4.4,7.2,95,,8.6,1012.2
2023-01-05,5.6,1.7,7.2,96,,24.1,1015.6
2023-01-06,1.6,0.6,2.2,96,,13.0,1016.2
2023-01-07,3.0,-0.5,6.7,78,,14.8,1018.1
2023-01-08,-0.2,-3.8,3.3,59,,15.1,1023.7
2023-01-09,1.4,-2.1,6.1,68,,15.5,1012.8
2023-01-10,2.7,-2.1,5.6,54,,16.6,1014.9
2023-01-11,-1.7,-4.9,1.7,68,,13.3,1025.3
2023-01-12,1.3,-1.0,9.4,89,,14.0,1022.4
2023-01-13,11.1,3.9,14.4,87,,25.6,1002.2
2023-01-14,2.7,0.6,3.9,89,,19.8,1009.0
2023-01-15,0.9,-1.6,2.8,68,,31.7,1014.6
2023-01-16,-0.4,-1.0,1.1,81,,23.0,1008.6
2023-01-17,3.2,0.0,10.0,62,,15.1,1003.0
2023-01-18,7.3,4.4,11.1,64,,18.7,1004.7
2023-01-19,4.3,1.7,5.6,75,,14.4,1013.3
2023-01-20,1.7,-0.5,3.3,95,,16.2,1004.7
2023-01-21,-0.4,-1.6,0.6,78,,13.3,1018.9
2023-01-22,-0.6,-2.1,2.8,78,,12.2,1020.7
2023-01-23,1.6,-0.5,2.2,92,,25.6,1002.0
2023-01-24,1.0,-1.0,3.9,73,,23.0,1015.5
2023-01-25,1.8,0.6,6.1,78,,15.1,1022.8
2023-01-26,7.2,1.7,12.8,76,,28.8,999.0
2023-01-27,2.4,-1.0,5.6,56,,13.7,1017.5
2023-01-28,3.8,-1.0,10.0,56,,18.7,1022.4
2023-01-29,6.1,1.1,10.6,67,,13.7,1023.2
2023-01-30,6.4,2.2,7.8,74,,11.2,1019.6
2023-01-31,2.3,-4.9,5.0,64,,16.9,1021.7
2023-02-01,-3.6,-6.0,-1.0,45,,12.2,1024.5
2023-02-02,-1.2,-4.3,3.3,46,,19.8,1018.3
2023-02-03,-3.9,-22.1,0.6,34,,35.3,1011.7
2023-02-04,-17.8,-23.2,-7.7,29,,25.6,1031.8
2023-02-05,-1.1,-7.7,10.6,53,,21.2,1020.8
2023-02-06,4.9,0.0,9.4,62,,16.9,1016.3
2023-02-07,-0.7,-4.3,1.1,58,,16.9,1025.6
2023-02-08,4.4,1.1,9.4,62,,19.8,1019.2
2023-02-09,4.8,0.0,8.3,63,,10.1,1022.5
2023-02-10,8.4,2.8,15.6,66,,20.5,1007.9
2023-02-11,5.1,0.0,6.7,40,,20.5,1019.9
2023-02-12,3.9,-0.5,10.0,47,,11.5,1017.8
2023-02-13,4.8,2.8,6.7,73,,18.0,1004.1
2023-02-14,5.8,1.7,11.1,56,,14.8,1013.2
2023-02-15,6.3,0.6,13.9,70,,19.8,1016.9
2023-02-16,13.0,7.8,16.7,53,,13.7,1012.8
2023-02-17,10.4,-3.2,15.6,80,,20.5,1003.3
2023-02-18,-0.9,-4.9,5.0,43,,19.8,1022.1
2023-02-19,3.4,0.6,8.3,55,,15.8,1024.5
2023-02-20,9.9,6.7,16.1,61,,17.3,1005.9
2023-02-21,5.0,0.6,7.8,82,,14.8,1005.0
2023-02-22,4.4,0.6,6.7,57,,15.5,1017.6
2023-02-23,0.5,-3.2,1.1,95,,24.5,1015.7
2023-02-24,-0.9,-7.7,3.3,64,,23.4,1020.3
2023-02-25,-7.9,-10.5,-6.6,58,,11.9,1029.9
2023-02-26,-4.2,-7.7,3.9,79,,11.9,1012.9
2023-02-27,-1.7,-2.7,-0.5,63,,18.7,1014.7
2023-02-28,0.5,-1.6,2.2,88,,23.8,1010.6
2023-03-01,2.4,0.6,5.6,71,,14.0,1019.1
2023-03-02,4.1,2.8,6.7,84,,18.4,1006.0
2023-03-03,3.7,1.1,6.7,60,,15.8,1016.0
2023-03-04,2.0,-0.5,2.8,92,,33.5,1005.9
2023-03-05,1.9,-1.0,6.1,69,,18.7,1016.7
2023-03-06,5.0,2.8,8.9,40,,28.4,1013.0
2023-03-07,2.6,-1.6,4.4,48,,25.6,1007.6
2023-03-08,2.0,-1.0,8.3,55,,25.9,1016.2
2023-03-09,4.5,1.1,9.4,62,,19.4,1019.4
2023-03-10,4.1,0.0,10.6,62,,13.0,1015.0
2023-03-11,3.4,1.7,4.4,77,,24.1,1009.4
2023-03-12,2.5,0.0,5.6,65,,16.9,1016.6
2023-03-13,3.7,2.2,5.6,81,,13.3,1016.0
2023-03-14,3.8,0.6,5.0,95,,38.9,996.6
2023-03-15,2.8,1.1,6.7,69,,33.1,1000.4
2023-03-16,4.7,1.1,10.6,44,,21.6,1011.8
2023-03-17,7.3,3.3,11.7,65,,13.7,1007.9
2023-03-18,9.1,4.4,11.7,54,,15.5,1003.0
2023-03-19,2.4,-1.0,4.4,38,,29.9,1011.1
2023-03-20,3.1,-2.1,11.1,39,,20.9,1021.7
2023-03-21,7.8,1.1,14.4,40,,16.2,1025.2
2023-03-22,7.7,3.3,10.0,66,,16.9,1027.9
2023-03-23,10.6,7.2,16.1,74,,17.6,1012.5
2023-03-24,9.8,3.3,11.7,52,,18.4,1012.1
2023-03-25,3.9,0.0,5.6,74,,24.5,1018.7
2023-03-26,8.1,4.4,13.9,61,,20.9,1008.8
2023-03-27,8.6,3.9,12.8,50,,14.0,1016.8
2023-03-28,4.8,2.8,7.8,78,,9.4,1017.5
2023-03-29,4.6,0.6,7.2,58,,18.0,1018.7
2023-03-30,3.4,0.0,5.6,38,,25.2,1020.4
2023-03-31,3.3,0.0,8.9,53,,18.7,1024.4
2023-04-01,7.6,5.0,17.2,93,,11.2,1000.2
2023-04-02,8.9,1.7,12.8,41,,26.6,1007.0
2023-04-03,5.1,-0.5,11.1,39,,19.8,1019.1
2023-04-04,8.8,6.1,12.2,79,,12.2,1019.3
2023-04-05,6.9,3.9,9.4,76,,23.0,1027.4
2023-04-06,5.2,3.9,13.3,91,,9.4,1020.4
2023-04-07,11.4,3.9,14.4,31,,25.2,1022.5
2023-04-08,5.7,1.1,10.6,32,,16.9,1030.4
2023-04-09,5.8,1.7,9.4,45,,16.9,1032.6
2023-04-10,8.4,2.2,16.7,48,,14.0,1028.1
2023-04-11,15.1,8.3,24.4,29,,19.8,1015.7
2023-04-12,19.3,11.1,22.2,30,,20.5,1006.8
2023-04-13,18.7,9.4,31.1,43,,13.0,1008.4
2023-04-14,22.9,9.4,28.3,52,,17.6,1010.6
2023-04-15,10.9,8.3,13.9,86,,15.5,1015.0
2023-04-16,10.3,8.9,12.8,94,,12.2,1012.2
2023-04-17,8.9,8.3,11.7,99,,13.7,1004.8
2023-04-18,11.8,8.9,15.6,61,,20.5,1004.9
2023-04-19,9.8,6.1,11.1,46,,23.0,1014.8
2023-04-20,8.9,5.6,14.4,53,,16.9,1021.3
2023-04-21,8.9,7.2,10.6,72,,20.5,1021.7
2023-04-22,8.8,7.8,10.0,82,,22.3,1020.4
2023-04-23,9.3,8.9,11.1,88,,22.7,1014.9
2023-04-24,10.1,8.3,13.3,84,,14.8,1015.9
2023-04-25,10.0,7.8,13.9,76,,15.1,1020.5
2023-04-26,9.2,7.8,11.1,77,,16.6,1024.3
2023-04-27,9.9,7.2,13.3,77,,13.0,1023.3
2023-04-28,10.3,6.7,13.9,78,,12.6,1023.1
2023-04-29,10.1,8.9,11.1,81,,23.4,1018.8
2023-04-30,9.8,9.4,12.2,95,,29.2,1006.2
2023-05-01,14.1,9.4,17.8,72,,25.6,990.7
2023-05-02,11.2,8.3,16.1,79,,16.9,996.3
2023-05-03,9.9,7.2,12.8,82,,16.2,999.6
2023-05-04,8.2,6.7,10.0,78,,20.5,1011.5
2023-05-05,9.7,7.8,12.8,78,,14.0,1021.3
2023-05-06,16.3,10.6,24.4,43,,18.0,1019.4
2023-05-07,20.2,14.4,26.1,32,,17.6,1012.2
2023-05-08,20.1,11.1,24.4,41,,19.1,1006.4
2023-05-09,12.8,10.0,13.9,55,,17.3,1015.1
2023-05-10,15.2,8.9,22.8,35,,17.3,1017.8
2023-05-11,20.3,14.4,27.8,38,,14.8,1016.1
2023-05-12,21.7,13.9,29.4,44,,14.0,1014.8
2023-05-13,22.7,15.0,27.8,35,,19.8,1014.3
2023-05-14,16.1,10.0,20.0,40,,18.7,1021.0
2023-05-15,16.8,11.1,23.3,31,,19.1,1017.9
2023-05-16,20.7,16.1,27.2,31,,25.2,1002.9
2023-05-17,14.7,6.7,16.1,39,,27.4,1007.2
2023-05-18,10.4,5.6,17.8,36,,18.4,1024.2
2023-05-19,13.7,7.8,20.6,58,,22.3,1026.9
2023-05-20,14.8,11.7,18.9,89,,15.1,1019.8
2023-05-21,19.3,16.1,24.4,64,,17.6,1010.7
2023-05-22,15.8,10.0,17.8,62,,18.7,1022.6
2023-05-23,12.3,9.4,15.0,70,,14.8,1027.5
2023-05-24,14.1,8.9,23.3,64,,17.3,1017.6
2023-05-25,13.8,10.6,18.9,57,,18.0,1018.5
2023-05-26,13.9,10.6,17.2,57,,16.9,1023.4
2023-05-27,17.1,10.6,23.9,52,,15.5,1024.7
2023-05-28,22.2,15.0,30.0,43,,16.2,1017.5
2023-05-29,18.4,11.1,19.4,52,,20.9,1019.3
2023-05-30,13.3,8.9,16.7,69,,16.6,1023.9
2023-05-31,15.7,9.4,25.0,68,,14.0,1022.0
2023-06-01,21.4,15.0,28.9,60,,14.8,1017.5
2023-06-02,22.9,13.9,28.3,68,,15.1,1012.7
2023-06-03,12.3,8.3,13.9,87,,29.2,1018.7
2023-06-04,9.9,8.3,12.8,81,,22.3,1016.4
2023-06-05,12.1,10.6,16.1,83,,15.5,1010.1
2023-06-06,17.9,13.9,23.9,57,,17.6,1001.8
2023-06-07,16.3,13.3,18.9,57,,18.4,1000.7
2023-06-08,15.4,12.8,18.3,68,,9.4,1005.0
2023-06-09,14.6,11.7,17.2,82,,9.0,1006.5
2023-06-10,14.4,12.2,18.3,86,,8.3,1007.4
2023-06-11,18.3,12.2,23.9,67,,13.0,1011.7
2023-06-12,20.9,16.7,27.2,76,,16.2,1010.4
2023-06-13,17.9,15.6,21.1,93,,16.6,1004.5
2023-06-14,18.3,15.0,26.1,83,,14.0,1001.9
2023-06-15,19.7,15.6,26.7,66,,14.0,1000.0
2023-06-16,22.4,18.9,26.1,62,,15.5,1005.1
2023-06-17,18.6,14.4,19.4,88,,11.2,1003.2
2023-06-18,16.3,15.0,19.4,83,,13.7,1008.4
2023-06-19,16.8,14.4,18.3,78,,14.8,1018.7
2023-06-20,15.9,13.3,18.3,80,,14.8,1024.2
2023-06-21,16.5,13.9,18.9,78,,12.6,1027.1
2023-06-22,16.6,14.4,18.9,79,,15.5,1023.8
2023-06-23,18.2,15.6,23.3,84,,11.9,1017.7
2023-06-24,22.5,20.0,26.7,85,,16.6,1011.6
2023-06-25,24.2,21.7,28.9,77,,13.3,1009.3
2023-06-26,23.2,20.6,28.3,84,,13.3,1009.7
2023-06-27,23.2,20.6,26.7,82,,22.0,1008.0
2023-06-28,22.6,20.0,26.7,84,,15.5,1009.5
2023-06-29,22.3,19.4,26.7,79,,14.4,1014.5
2023-06-30,21.8,18.9,24.4,82,,11.9,1017.9
2023-07-01,19.2,17.8,21.7,94,,11.2,1017.7
2023-07-02,20.3,19.4,24.4,90,,12.2,1013.1
2023-07-03,20.7,17.8,25.6,90,,10.8,1010.4
2023-07-04,20.0,18.9,21.7,94,,9.0,1012.8
2023-07-05,23.1,20.0,28.3,79,,10.8,1014.0
2023-07-06,25.7,22.2,30.6,77,,13.7,1013.1
2023-07-07,25.7,21.1,30.6,74,,14.0,1011.3
2023-07-08,23.6,20.0,25.0,90,,14.0,1011.0
2023-07-09,21.9,20.0,25.0,91,,15.8,1011.5
2023-07-10,20.2,19.4,21.7,99,,15.5,1008.8
2023-07-11,24.1,18.9,30.6,66,,16.6,1008.7
2023-07-12,27.3,22.2,32.8,61,,13.3,1011.9
2023-07-13,26.4,21.7,31.7,68,,16.9,1012.0
2023-07-14,24.1,20.6,27.2,79,,13.3,1013.5
2023-07-15,25.3,21.1,30.6,80,,14.8,1014.3
2023-07-16,24.8,22.8,26.1,91,,18.0,1011.5
2023-07-17,26.4,22.8,32.8,70,,13.0,1011.8
2023-07-18,25.6,22.2,29.4,78,,15.1,1014.3
2023-07-19,26.0,22.8,29.4,64,,12.6,1014.5
2023-07-20,24.4,21.1,26.1,64,,13.0,1015.2
2023-07-21,21.3,18.3,23.3,85,,13.7,1009.4
2023-07-22,21.1,17.8,25.6,82,,9.0,1007.7
2023-07-23,24.4,20.6,30.0,62,,11.5,1013.1
2023-07-24,25.2,20.6,30.0,65,,14.8,1018.2
2023-07-25,23.9,20.0,30.0,79,,15.1,1017.9
2023-07-26,24.6,19.4,31.1,64,,15.5,1016.8
2023-07-27,26.3,21.7,32.8,76,,23.0,1013.0
2023-07-28,26.3,23.9,32.2,70,,15.8,1013.0
2023-07-29,26.3,17.8,30.0,82,,15.1,1007.6
2023-07-30,20.5,16.1,26.1,59,,15.5,1010.9
2023-07-31,22.8,16.1,28.3,55,,12.2,1013.3
2023-08-01,21.9,18.3,25.6,49,,14.8,1018.7
2023-08-02,19.7,15.6,22.2,57,,14.8,1022.1
2023-08-03,21.1,16.1,26.7,61,,19.1,1019.0
2023-08-04,21.8,18.9,26.7,73,,20.2,1014.1
2023-08-05,22.2,18.9,25.0,80,,11.9,1013.6
2023-08-06,23.1,17.8,28.9,52,,12.6,1015.2
2023-08-07,21.6,18.3,23.9,78,,12.6,1014.3
2023-08-08,22.5,18.9,29.4,85,,17.3,1002.8
2023-08-09,24.9,21.7,29.4,57,,24.5,1001.7
2023-08-10,25.0,21.1,29.4,64,,16.9,1005.0
2023-08-11,23.6,20.0,28.9,60,,21.6,1004.9
2023-08-12,22.8,17.2,27.8,65,,13.3,1012.3
2023-08-13,25.2,21.7,31.1,71,,18.0,1010.2
2023-08-14,25.2,21.1,29.4,56,,15.5,1012.9
2023-08-15,21.4,19.4,24.4,90,,12.6,1010.9
2023-08-16,19.8,18.9,21.1,91,,10.4,1014.3
2023-08-17,19.6,17.2,21.7,90,,9.4,1015.8
2023-08-18,21.2,19.4,27.2,85,,16.6,1006.2
2023-08-19,20.7,15.6,23.3,60,,17.6,1011.6
2023-08-20,23.0,18.9,28.9,56,,18.0,1016.3
2023-08-21,24.8,20.0,30.0,67,,13.7,1015.7
2023-08-22,21.2,17.2,23.9,58,,16.6,1017.5
2023-08-23,19.8,16.7,22.2,59,,13.3,1019.6
2023-08-24,20.2,15.0,25.6,67,,15.5,1018.7
2023-08-25,19.4,16.1,22.8,90,,23.0,1013.4
2023-08-26,23.7,20.6,29.4,78,,11.5,1009.4
2023-08-27,20.9,17.8,22.2,82,,11.9,1013.4
2023-08-28,18.8,16.7,21.7,86,,11.2,1018.2
2023-08-29,19.4,17.8,22.2,93,,9.7,1015.4
2023-08-30,21.8,19.4,27.8,84,,12.2,1005.3
2023-08-31,20.1,16.1,22.8,59,,17.6,1012.5
2023-09-01,17.9,13.9,21.1,60,,14.8,1023.8
2023-09-02,20.0,14.4,26.7,66,,18.4,1020.2
2023-09-03,22.4,17.8,30.0,70,,10.8,1012.6
2023-09-04,22.8,19.4,27.2,78,,7.6,1010.9
2023-09-05,23.4,19.4,28.9,78,,8.3,1012.3
2023-09-06,25.6,23.9,30.6,73,,12.6,1009.3
2023-09-07,27.9,23.9,33.9,68,,11.9,1008.3
2023-09-08,26.2,21.7,31.1,78,,14.4,1014.0
2023-09-09,24.8,20.6,29.4,83,,9.7,1018.6
2023-09-10,21.8,20.0,23.3,95,,8.3,1019.8
2023-09-11,20.8,20.0,22.2,96,,9.0,1016.9
2023-09-12,21.8,19.4,25.0,91,,8.6,1015.0
2023-09-13,21.7,19.4,24.4,90,,11.2,1013.8
2023-09-14,21.6,17.2,25.6,66,,14.8,1015.4
2023-09-15,18.1,13.9,21.1,64,,24.5,1016.7
2023-09-16,18.3,15.0,22.2,57,,31.3,1005.8
2023-09-17,19.9,15.0,25.6,55,,17.3,1011.2
2023-09-18,18.7,17.2,18.9,91,,14.8,1009.4
2023-09-19,19.3,16.1,22.8,70,,23.8,1008.3
2023-09-20,19.0,15.0,23.3,60,,14.8,1017.9
2023-09-21,17.7,13.9,20.6,66,,10.4,1023.9
2023-09-22,17.1,13.9,20.0,72,,13.7,1029.1
2023-09-23,15.3,14.4,16.1,80,,22.0,1025.6
2023-09-24,16.0,15.6,17.2,92,,23.8,1021.0
2023-09-25,15.7,15.0,16.7,85,,29.9,1021.6
2023-09-26,14.7,10.0,15.6,76,,23.0,1028.8
2023-09-27,13.2,9.4,17.8,76,,13.7,1028.1
2023-09-28,14.4,11.1,17.8,79,,12.6,1026.9
2023-09-29,14.3,12.8,16.1,87,,13.0,1024.9
2023-09-30,14.9,13.3,16.7,80,,14.0,1022.0
2023-10-01,15.3,11.7,20.0,79,,9.0,1021.1
2023-10-02,17.6,13.9,20.6,70,,14.0,1021.9
2023-10-03,19.1,11.7,28.3,63,,10.1,1019.6
2023-10-04,20.9,16.1,25.0,84,,6.8,1022.1
2023-10-05,18.8,15.6,23.9,86,,10.4,1023.8
2023-10-06,18.3,16.7,20.0,92,,13.7,1019.3
2023-10-07,18.1,13.9,19.4,96,,15.8,1006.7
2023-10-08,15.2,11.1,18.3,67,,24.1,999.6
2023-10-09,12.8,8.3,17.2,61,,17.3,1006.9
2023-10-10,13.3,9.4,18.3,66,,13.0,1009.7
2023-10-11,14.7,10.0,20.6,71,,12.6,1010.9
2023-10-12,15.8,11.7,21.7,66,,8.6,1011.4
2023-10-13,13.6,8.9,17.2,58,,21.6,1012.1
2023-10-14,12.7,10.0,16.1,63,,14.4,1008.2
2023-10-15,12.7,10.0,16.1,63,,18.0,997.6
2023-10-16,11.7,9.4,15.0,78,,13.3,1000.6
2023-10-17,11.9,10.0,15.6,82,,10.8,1011.8
2023-10-18,12.8,10.0,16.7,79,,9.7,1020.3
2023-10-19,14.5,11.1,18.9,74,,16.9,1020.0
2023-10-20,13.6,10.0,17.8,92,,12.6,1010.6
2023-10-21,14.8,13.3,15.6,95,,20.5,990.1
2023-10-22,12.8,8.9,14.4,62,,24.5,997.5
2023-10-23,11.7,7.8,17.2,64,,17.3,1016.5
2023-10-24,11.4,7.2,16.7,70,,12.2,1026.8
2023-10-25,15.8,11.7,24.4,67,,15.8,1023.1
2023-10-26,19.6,15.0,26.7,59,,7.9,1021.1
2023-10-27,20.1,16.1,26.1,60,,10.8,1017.3
2023-10-28,21.2,15.6,27.2,61,,16.6,1013.4
2023-10-29,13.1,8.3,16.1,72,,17.3,1020.7
2023-10-30,10.1,7.2,12.2,94,,17.3,1010.3
2023-10-31,7.2,4.4,10.0,53,,13.7,1017.7
2023-11-01,6.3,2.2,7.2,63,,18.4,1016.5
2023-11-02,4.2,1.1,8.3,54,,14.8,1029.0
2023-11-03,7.3,2.8,13.3,57,,21.6,1029.7
2023-11-04,10.5,8.3,15.6,66,,13.7,1022.0
2023-11-05,12.1,7.8,16.7,58,,10.1,1016.6
2023-11-06,8.5,6.7,10.0,66,,13.7,1020.5
2023-11-07,13.0,9.4,18.9,73,,23.0,1007.1
2023-11-08,7.6,2.8,11.1,46,,24.1,1015.1
2023-11-09,4.4,2.8,7.8,80,,9.7,1014.2
2023-11-10,6.9,3.3,11.1,67,,18.4,1016.2
2023-11-11,7.4,1.1,9.4,53,,18.0,1024.5
2023-11-12,2.3,-0.5,6.1,57,,14.0,1031.4
2023-11-13,1.8,-2.1,6.7,62,,11.9,1025.8
2023-11-14,5.2,2.2,9.4,66,,13.7,1023.2
2023-11-15,5.2,1.7,10.0,67,,14.8,1027.3
2023-11-16,10.4,6.1,17.2,60,,12.6,1022.0
2023-11-17,11.1,5.0,18.9,80,,16.9,1015.9
2023-11-18,11.5,1.7,14.4,79,,19.4,1006.0
2023-11-19,5.4,1.7,11.7,53,,18.4,1010.8
2023-11-20,3.6,-1.0,4.4,47,,19.4,1027.0
2023-11-21,1.1,-2.7,5.6,57,,16.6,1033.1
2023-11-22,7.2,3.3,11.7,93,,23.4,1008.2
2023-11-23,7.3,4.4,11.1,68,,19.8,1006.8
2023-11-24,7.2,-1.0,9.4,52,,20.5,1017.5
2023-11-25,0.1,-2.7,2.8,40,,14.0,1027.9
2023-11-26,2.1,-2.1,8.3,63,,15.1,1023.2
2023-11-27,9.0,3.9,12.8,69,,24.1,1003.7
2023-11-28,3.3,-0.5,4.4,46,,25.9,1006.5
2023-11-29,0.2,-2.1,2.8,47,,18.7,1015.6
2023-11-30,2.1,-1.0,8.3,52,,18.4,1018.4
2023-12-01,7.6,5.0,11.7,69,,16.6,1019.3
2023-12-02,8.8,6.1,10.0,89,,9.4,1015.9
2023-12-03,7.1,5.6,7.8,92,,23.0,1012.6
2023-12-04,6.6,3.9,8.9,91,,10.8,1005.9
2023-12-05,3.8,-0.5,6.1,72,,14.8,1014.6
2023-12-06,-0.2,-3.8,1.7,75,,17.3,1015.1
2023-12-07,-3.0,-6.0,1.1,56,,15.8,1015.1
2023-12-08,1.2,-2.7,5.6,69,,9.4,1021.6
2023-12-09,5.3,0.6,11.1,84,,9.4,1024.0
2023-12-10,10.2,6.7,16.7,93,,19.1,1013.7
2023-12-11,10.5,2.8,17.8,78,,27.4,1004.1
2023-12-12,3.6,1.1,6.7,54,,19.1,1024.8
2023-12-13,4.1,0.0,7.2,51,,23.0,1027.9
2023-12-14,0.4,-2.1,2.2,43,,19.4,1033.6
2023-12-15,4.6,0.0,13.3,55,,17.3,1023.4
2023-12-16,8.2,4.4,10.6,65,,15.8,1031.3
2023-12-17,6.8,4.4,13.3,86,,15.5,1027.5
2023-12-18,13.2,7.2,17.2,90,,38.9,994.3
2023-12-19,7.1,1.7,8.9,67,,18.7,1011.3
2023-12-20,2.6,-1.0,6.7,58,,17.3,1024.6
2023-12-21,1.1,-4.3,2.2,52,,19.1,1028.2
2023-12-22,-2.6,-6.0,2.8,50,,10.8,1031.4
2023-12-23,0.3,-4.3,5.6,66,,7.6,1032.9
2023-12-24,4.8,2.8,7.2,97,,3.6,1030.6
2023-12-25,7.4,3.3,9.4,94,,7.2,1030.8
2023-12-26,4.6,2.8,9.4,100,,7.2,1025.9
2023-12-27,6.8,5.0,11.7,100,,8.3,1019.2
2023-12-28,7.2,5.6,7.2,100,,23.8,1008.9
2023-12-29,5.7,4.4,7.8,100,,9.7,1003.5
2023-12-30,6.6,1.7,7.8,91,,15.5,1000.8
2023-12-31,2.6,0.6,5.0,65,,13.0,1012.3
2024-01-01,1.1,-2.7,3.3,66,,10.1,1016.6
2024-01-02,-0.7,-4.3,5.0,61,,10.4,1016.0
2024-01-03,2.2,-0.5,6.1,68,,11.5,1014.1
2024-01-04,3.9,-4.9,7.2,61,,19.8,1013.5
2024-01-05,-3.0,-6.6,1.1,49,,23.8,1021.3
2024-01-06,0.6,-1.0,2.8,71,,15.1,1020.8
2024-01-07,0.8,-4.3,2.8,98,,34.2,1006.4
2024-01-08,-1.6,-3.2,2.2,76,,14.8,1023.4
2024-01-09,0.0,-4.9,6.7,85,,19.4,1024.1
2024-01-10,8.8,6.7,13.3,79,,31.3,990.1
2024-01-11,5.9,3.9,7.2,58,,20.5,1007.7
2024-01-12,4.9,2.2,8.3,75,,16.2,1019.3
2024-01-13,8.1,3.9,15.6,87,,33.1,996.7
2024-01-14,3.1,-2.7,5.0,52,,35.3,1008.0
2024-01-15,-2.4,-5.5,0.0,39,,15.8,1021.5
2024-01-16,-1.5,-4.3,1.7,91,,17.3,1011.1
2024-01-17,-4.7,-7.1,-2.7,58,,24.5,1009.9
2024-01-18,-5.4,-7.7,-1.6,57,,22.7,1017.8
2024-01-19,-3.1,-7.1,-1.6,60,,16.2,1010.5
2024-01-20,-7.8,-9.9,-6.0,58,,24.8,1009.8
2024-01-21,-7.5,-9.3,-2.1,51,,26.3,1021.6
2024-01-22,-3.1,-7.1,3.3,48,,18.0,1029.2
2024-01-23,2.8,0.0,4.4,59,,14.0,1030.2
2024-01-24,1.4,0.0,3.9,100,,7.9,1032.8
2024-01-25,6.7,3.9,11.1,97,,13.0,1020.9
2024-01-26,4.1,2.8,5.0,99,,16.6,1020.4
2024-01-27,2.8,1.7,3.9,95,,10.8,1022.4
2024-01-28,2.4,0.6,2.8,97,,18.4,1013.7
2024-01-29,1.3,0.6,2.2,87,,25.6,1009.2
2024-01-30,-0.9,-3.2,0.6,80,,16.9,1023.5
2024-01-31,-1.5,-2.7,1.7,75,,11.5,1020.6
2024-02-01,2.7,1.1,5.6,79,,13.7,1014.7
2024-02-02,4.7,1.7,5.6,79,,12.2,1011.7
2024-02-03,1.4,-1.6,3.3,58,,19.4,1015.8
2024-02-04,-0.2,-4.3,5.6,47,,18.4,1013.7
2024-02-05,0.8,-3.2,5.0,39,,19.4,1012.8
2024-02-06,0.6,-1.6,2.8,64,,16.9,1021.6
2024-02-07,0.8,-2.1,4.4,74,,12.6,1025.5
2024-02-08,1.5,-2.1,5.6,78,,6.8,1026.2
2024-02-09,2.4,-1.0,8.9,86,,13.3,1020.1
2024-02-10,7.0,1.7,15.6,81,,14.4,1009.1
2024-02-11,8.4,3.9,10.0,59,,19.4,1009.9
2024-02-12,4.3,1.1,7.2,65,,11.2,1011.1
2024-02-13,2.3,0.0,3.3,76,,24.1,1002.6
2024-02-14,-0.1,-3.2,1.7,47,,30.6,1008.9
2024-02-15,-0.9,-3.8,3.9,40,,21.2,1015.0
2024-02-16,1.2,-1.6,3.9,54,,26.6,1006.3
2024-02-17,-0.3,-3.8,1.7,56,,15.8,1007.5
2024-02-18,-1.9,-6.0,2.8,45,,22.7,1008.9
2024-02-19,0.4,-2.7,2.8,37,,19.8,1018.0
2024-02-20,-2.4,-6.6,1.7,48,,12.6,1031.5
2024-02-21,-1.2,-5.5,2.8,67,,11.9,1031.5
2024-02-22,0.2,-4.3,6.1,74,,13.7,1016.0
2024-02-23,3.3,2.2,6.1,76,,9.0,1000.3
2024-02-24,3.1,-7.1,4.4,65,,22.7,1003.4
2024-02-25,-4.4,-8.8,1.7,44,,15.5,1018.9
2024-02-26,3.7,-1.6,13.3,65,,21.6,1015.9
2024-02-27,4.2,-1.0,11.1,89,,11.2,1017.7
2024-02-28,11.4,3.9,13.3,94,,34.2,1005.3
2024-02-29,2.2,-3.2,3.9,45,,32.8,1018.4
2024-03-01,-0.9,-4.9,6.1,43,,19.4,1033.6
2024-03-02,3.6,1.1,7.8,85,,13.0,1029.8
2024-03-03,8.8,6.7,14.4,89,,11.9,1020.1
2024-03-04,7.9,3.3,11.7,92,,16.9,1029.9
2024-03-05,4.2,3.3,6.1,100,,13.7,1024.0
2024-03-06,6.4,5.0,10.6,98,,13.7,1016.6
2024-03-07,6.0,4.4,7.2,92,,31.3,1013.3
2024-03-08,4.5,1.1,7.2,69,,19.8,1025.4
2024-03-09,3.0,0.0,5.0,87,,20.9,1022.4
2024-03-10,7.2,3.9,11.1,82,,26.3,992.7
2024-03-11,4.1,0.6,7.2,61,,34.2,995.3
2024-03-12,6.6,2.8,12.8,56,,24.1,1005.5
2024-03-13,6.4,2.8,8.3,60,,16.9,1013.3
2024-03-14,6.2,3.3,9.4,83,,10.4,1016.9
2024-03-15,5.7,2.8,6.7,97,,15.5,1009.1
2024-03-16,6.4,3.9,10.6,84,,13.7,1008.0
2024-03-17,9.1,5.6,15.0,83,,23.0,1001.4
2024-03-18,7.4,2.8,10.0,63,,22.7,1003.1
2024-03-19,4.2,1.1,8.3,56,,22.7,1003.0
2024-03-20,5.7,0.6,12.2,56,,21.2,1003.6
2024-03-21,1.3,-2.1,4.4,37,,34.9,1011.9
2024-03-22,-0.1,-3.2,5.0,30,,15.8,1025.8
2024-03-23,3.3,0.0,6.1,90,,22.0,1015.9
2024-03-24,1.2,-2.7,5.6,52,,23.0,1021.3
2024-03-25,2.8,0.6,5.6,62,,30.2,1032.5
2024-03-26,2.7,1.7,3.9,84,,26.3,1025.6
2024-03-27,5.3,3.9,8.9,92,,10.8,1019.6
2024-03-28,7.8,6.1,10.6,98,,7.9,1013.2
2024-03-29,7.1,3.3,10.6,68,,31.7,1000.9
2024-03-30,7.9,3.9,13.9,40,,27.4,1002.3
2024-03-31,9.6,5.6,15.6,45,,13.0,1009.0
2024-04-01,7.0,3.3,10.0,76,,8.3,1014.9
2024-04-02,6.2,4.4,8.9,84,,18.0,1016.4
2024-04-03,4.9,2.8,6.7,83,,35.3,1012.7
2024-04-04,2.8,1.7,3.9,93,,42.5,995.1
2024-04-05,4.1,2.2,7.8,71,,23.8,998.6
2024-04-06,4.9,2.8,6.7,77,,20.9,1006.1
2024-04-07,4.5,2.8,7.8,71,,15.5,1016.1
2024-04-08,9.7,4.4,19.4,40,,14.4,1017.8
2024-04-09,12.2,5.6,15.6,53,,15.5,1017.4
2024-04-10,8.1,4.4,14.4,76,,13.7,1020.1
2024-04-11,8.0,6.7,13.3,97,,12.2,1017.5
2024-04-12,12.9,9.4,16.7,92,,31.0,1001.2
2024-04-13,10.7,7.8,13.9,65,,24.5,998.6
2024-04-14,10.7,7.8,15.6,59,,18.4,1008.0
2024-04-15,13.6,6.7,22.8,62,,14.8,1008.6
2024-04-16,14.7,9.4,20.0,45,,14.8,1017.2
2024-04-17,9.4,5.6,10.0,64,,17.6,1022.2
2024-04-18,7.8,6.7,8.3,77,,15.1,1021.8
2024-04-19,8.6,6.7,12.2,72,,20.2,1021.0
2024-04-20,10.6,7.8,15.6,74,,14.8,1012.7
2024-04-21,9.1,5.0,11.1,44,,18.7,1013.1
2024-04-22,8.7,5.0,14.4,40,,16.2,1016.0
2024-04-23,8.9,3.9,16.7,63,,18.0,1019.7
2024-04-24,10.3,2.8,18.9,57,,22.0,1011.9
2024-04-25,5.7,1.1,10.6,44,,17.3,1025.8
2024-04-26,7.1,2.8,10.6,56,,17.3,1031.5
2024-04-27,9.7,3.9,16.1,52,,17.3,1030.8
2024-04-28,12.4,7.2,20.0,65,,18.0,1020.4
2024-04-29,15.1,10.0,21.7,73,,12.2,1015.6
2024-04-30,10.8,8.3,12.2,79,,17.3,1016.5
2024-05-01,8.5,7.2,10.0,86,,11.9,1014.7
2024-05-02,11.7,8.3,20.0,80,,19.8,1014.9
2024-05-03,9.7,8.3,11.7,81,,13.7,1022.5
2024-05-04,10.1,8.3,11.7,80,,14.0,1027.6
2024-05-05,8.9,7.2,11.7,88,,15.5,1025.9
2024-05-06,14.6,9.4,25.0,79,,11.9,1014.2
2024-05-07,18.1,13.3,19.4,63,,14.4,1007.3
2024-05-08,13.4,10.0,15.0,92,,9.0,1003.1
2024-05-09,12.7,9.4,17.8,79,,16.9,1006.4
2024-05-10,10.1,7.2,12.2,72,,17.3,1010.3
2024-05-11,9.1,6.1,12.2,75,,13.7,1011.6
2024-05-12,9.9,6.7,13.9,72,,11.2,1012.3
2024-05-13,13.4,9.4,17.2,68,,18.0,1016.1
2024-05-14,16.9,10.6,25.0,68,,20.9,1014.9
2024-05-15,17.7,12.8,21.1,80,,12.6,1012.1
2024-05-16,13.6,11.7,15.6,90,,21.6,1010.8
2024-05-17,14.1,11.1,18.3,78,,17.3,1015.2
2024-05-18,13.2,11.7,15.6,86,,20.9,1016.3
2024-05-19,12.1,10.6,13.9,95,,16.9,1016.9
2024-05-20,12.7,11.1,15.6,86,,12.2,1017.4
2024-05-21,17.7,11.7,28.9,75,,14.8,1013.9
2024-05-22,23.2,16.1,31.7,62,,20.2,1012.0
2024-05-23,21.6,18.3,25.6,74,,16.6,1009.2
2024-05-24,23.8,15.6,29.4,39,,20.2,1008.1
2024-05-25,19.7,14.4,22.2,52,,14.8,1011.2
2024-05-26,17.6,15.6,20.6,80,,11.2,1013.4
2024-05-27,17.2,15.0,23.3,92,,18.4,1013.6
2024-05-28,22.6,18.9,28.9,70,,21.6,1004.5
2024-05-29,20.4,15.6,25.0,65,,14.0,1010.3
2024-05-30,14.6,11.1,15.6,86,,14.8,1013.5
2024-05-31,17.6,12.2,25.0,44,,15.1,1017.0
2024-06-01,20.6,13.3,27.8,41,,13.3,1018.2
2024-06-02,19.2,11.7,27.8,68,,10.8,1016.1
2024-06-03,21.1,15.0,24.4,63,,14.8,1013.1
2024-06-04,16.7,13.9,19.4,82,,13.7,1016.8
2024-06-05,20.9,15.0,30.0,66,,18.4,1011.9
2024-06-06,20.4,16.1,22.8,91,,12.2,1003.2
2024-06-07,18.2,16.7,21.1,87,,12.2,1001.1
2024-06-08,19.7,15.6,23.9,59,,24.5,1004.0
2024-06-09,18.4,13.9,21.1,66,,15.5,1002.0
2024-06-10,19.7,14.4,25.6,55,,19.1,1001.7
2024-06-11,18.3,15.0,21.7,68,,11.9,1011.6
2024-06-12,19.3,15.0,23.3,72,,11.2,1014.6
2024-06-13,22.0,16.1,28.3,57,,17.6,1014.6
2024-06-14,22.3,18.9,30.0,74,,19.4,1011.0
2024-06-15,21.6,16.7,25.0,58,,18.0,1013.6
2024-06-16,17.7,13.9,19.4,53,,16.6,1023.4
2024-06-17,20.3,15.0,27.2,66,,19.1,1021.9
2024-06-18,25.0,19.4,33.3,68,,15.8,1022.0
2024-06-19,27.6,21.1,36.7,63,,18.4,1024.6
2024-06-20,28.9,20.6,36.1,60,,16.2,1022.9
2024-06-21,23.7,17.2,27.8,79,,14.0,1021.6
2024-06-22,18.4,17.2,20.6,90,,10.8,1017.8
2024-06-23,20.9,16.1,30.6,86,,19.4,1006.9
2024-06-24,25.2,18.3,27.8,64,,23.8,999.7
2024-06-25,24.3,18.3,31.7,52,,19.4,1008.0
2024-06-26,26.9,18.9,32.2,57,,22.3,1005.9
2024-06-27,23.3,18.3,29.4,66,,17.3,1005.7
2024-06-28,19.6,15.0,22.8,48,,19.1,1018.8
2024-06-29,19.2,16.7,23.3,67,,20.9,1021.8
2024-06-30,25.2,22.8,30.6,82,,20.2,1011.2
2024-07-01,22.4,17.8,24.4,67,,13.7,1014.3
2024-07-02,22.1,18.3,25.6,51,,14.4,1022.5
2024-07-03,22.8,18.9,27.2,53,,17.3,1021.4
2024-07-04,23.1,18.3,29.4,71,,18.4,1013.8
2024-07-05,23.6,21.1,28.9,88,,14.8,1010.2
2024-07-06,24.4,22.2,27.2,89,,18.4,1010.8
2024-07-07,25.4,20.6,30.6,79,,7.9,1014.4
2024-07-08,24.7,19.4,28.3,73,,9.7,1016.1
2024-07-09,26.9,21.7,31.7,74,,14.0,1013.8
2024-07-10,27.1,23.3,31.7,79,,20.9,1011.4
2024-07-11,26.7,23.3,32.2,73,,25.2,1011.8
2024-07-12,26.2,21.1,31.1,75,,21.6,1020.2
2024-07-13,25.3,23.3,28.3,86,,15.1,1019.7
2024-07-14,25.3,21.7,29.4,72,,13.7,1015.1
2024-07-15,27.4,21.7,35.0,71,,15.5,1010.4
2024-07-16,28.0,23.3,35.0,66,,21.2,1007.2
2024-07-17,28.1,23.3,32.2,63,,18.0,1009.1
2024-07-18,26.4,21.7,31.7,65,,16.9,1010.1
2024-07-19,23.2,19.4,25.6,57,,15.5,1017.4
2024-07-20,24.8,18.3,30.6,55,,15.8,1017.6
2024-07-21,24.5,19.4,31.1,67,,11.5,1015.5
2024-07-22,21.3,17.2,27.2,76,,9.7,1018.1
2024-07-23,22.0,18.3,23.9,86,,10.8,1018.0
2024-07-24,19.2,17.8,20.6,92,,10.1,1021.4
2024-07-25,21.2,16.7,28.3,77,,14.8,1016.0
2024-07-26,23.9,18.9,30.0,50,,15.8,1015.9
2024-07-27,23.7,18.3,28.3,55,,13.7,1019.3
2024-07-28,20.8,16.7,25.0,73,,8.3,1019.8
2024-07-29,20.5,18.3,23.9,74,,12.2,1015.2
2024-07-30,24.9,18.3,32.2,73,,19.1,1014.9
2024-07-31,24.7,20.6,30.0,84,,18.4,1013.1
2024-08-01,27.9,23.3,35.0,63,,16.6,1011.3
2024-08-02,27.7,22.2,31.1,70,,10.8,1012.1
2024-08-03,26.8,23.3,33.3,77,,13.7,1008.8
2024-08-04,25.9,21.1,31.1,79,,15.8,1011.3
2024-08-05,24.6,22.2,30.6,76,,16.2,1014.1
2024-08-06,22.3,16.7,25.6,84,,14.4,1014.9
2024-08-07,17.8,15.0,20.6,83,,13.7,1017.1
2024-08-08,18.5,15.6,21.7,86,,12.2,1021.2
2024-08-09,21.1,17.8,29.4,90,,21.2,1015.6
2024-08-10,26.8,23.3,31.7,66,,19.4,1010.4
2024-08-11,24.6,20.6,28.9,51,,17.6,1013.9
2024-08-12,22.2,18.3,26.1,57,,16.6,1013.1
2024-08-13,22.1,17.8,27.8,59,,15.5,1013.9
2024-08-14,22.7,18.9,26.1,68,,9.4,1016.2
2024-08-15,21.5,18.3,25.6,81,,9.7,1016.5
2024-08-16,19.8,17.8,22.2,89,,10.4,1018.0
2024-08-17,19.0,17.2,21.7,89,,12.2,1017.6
2024-08-18,19.2,18.3,20.6,91,,10.1,1014.0
2024-08-19,20.4,18.3,23.9,94,,11.9,1006.2
2024-08-20,19.2,15.6,21.1,69,,20.5,1008.5
2024-08-21,18.5,14.4,24.4,63,,14.0,1013.9
2024-08-22,18.8,14.4,24.4,62,,14.4,1018.6
2024-08-23,21.8,15.6,28.3,54,,11.2,1022.9
2024-08-24,22.3,16.7,28.9,63,,9.4,1023.1
2024-08-25,22.0,17.8,27.2,67,,7.9,1022.6
2024-08-26,21.1,18.3,25.0,82,,7.9,1020.5
2024-08-27,20.7,17.2,23.3,83,,12.2,1018.2
2024-08-28,25.3,18.3,32.8,64,,22.3,1012.8
2024-08-29,19.6,16.7,20.6,67,,14.8,1024.1
2024-08-30,17.9,14.4,21.1,74,,13.7,1026.5
2024-08-31,20.1,16.7,26.1,77,,13.0,1019.3
2024-09-01,23.9,21.1,28.3,79,,21.2,1010.8
2024-09-02,22.4,15.6,24.4,60,,16.9,1014.1
2024-09-03,18.6,13.3,23.9,43,,13.3,1024.7
2024-09-04,20.3,15.0,25.0,53,,11.2,1029.8
2024-09-05,19.2,15.6,22.8,67,,14.8,1029.3
2024-09-06,18.9,16.7,22.2,86,,16.2,1020.9
2024-09-07,19.6,15.6,23.3,75,,15.5,1011.1
2024-09-08,17.7,13.9,21.7,54,,21.2,1011.9
2024-09-09,18.4,13.3,24.4,49,,19.8,1015.8
2024-09-10,20.7,16.1,26.1,50,,14.8,1016.7
2024-09-11,19.3,14.4,22.8,50,,12.6,1022.0
2024-09-12,20.0,14.4,27.2,60,,12.2,1023.7
2024-09-13,21.2,16.7,28.3,65,,13.0,1023.2
2024-09-14,20.8,17.2,24.4,78,,11.9,1024.8
2024-09-15,19.3,16.1,23.3,73,,11.2,1028.1
2024-09-16,18.8,13.3,24.4,64,,11.2,1026.8
2024-09-17,19.2,13.9,25.0,70,,11.5,1023.2
2024-09-18,18.4,15.6,22.2,88,,7.9,1019.3
2024-09-19,19.0,16.7,23.9,87,,18.0,1013.5
2024-09-20,17.8,15.0,18.3,86,,29.9,1014.9
2024-09-21,15.2,13.9,15.6,91,,22.7,1016.4
2024-09-22,15.4,13.9,18.9,82,,19.8,1017.4
2024-09-23,15.4,12.8,18.3,80,,19.1,1019.2
2024-09-24,15.3,11.7,18.9,79,,19.1,1021.8
2024-09-25,16.4,15.6,17.8,76,,18.7,1023.3
2024-09-26,17.1,15.6,21.1,90,,12.2,1019.2
2024-09-27,19.7,16.7,26.7,75,,10.8,1015.9
2024-09-28,17.4,15.0,20.0,86,,12.2,1017.4
2024-09-29,16.3,13.9,18.3,80,,10.4,1017.8
2024-09-30,16.1,12.2,20.0,83,,6.5,1018.1
2024-10-01,16.4,13.9,18.9,82,,18.4,1019.7
2024-10-02,15.8,12.8,18.9,74,,15.5,1017.3
2024-10-03,16.2,11.7,20.6,77,,11.2,1019.6
2024-10-04,17.1,13.3,22.8,79,,13.3,1022.1
2024-10-05,17.2,13.9,21.7,77,,12.2,1020.1
2024-10-06,14.1,10.6,16.7,72,,14.4,1019.3
2024-10-07,13.9,11.7,16.1,87,,14.4,1010.9
2024-10-08,14.4,10.6,18.9,60,,15.1,1010.6
2024-10-09,14.0,10.0,18.3,53,,15.8,1011.3
2024-10-10,11.9,8.3,15.6,58,,22.3,1013.9
2024-10-11,13.2,8.3,21.1,50,,16.9,1013.5
2024-10-12,17.3,10.0,22.2,36,,24.1,1008.7
2024-10-13,10.8,6.1,11.7,65,,13.0,1013.4
2024-10-14,10.7,6.1,11.7,90,,16.9,1003.5
2024-10-15,9.0,5.6,12.8,60,,22.3,1007.6
2024-10-16,9.6,6.7,13.9,57,,22.7,1013.3
2024-10-17,8.4,4.4,12.8,66,,11.5,1023.4
2024-10-18,10.3,6.1,15.6,63,,13.7,1029.2
2024-10-19,12.6,5.6,19.4,63,,9.7,1031.3
2024-10-20,15.4,7.2,25.0,45,,12.6,1024.0
2024-10-21,18.8,11.1,28.3,44,,13.7,1019.5
2024-10-22,18.3,12.8,22.2,71,,9.4,1023.6
2024-10-23,16.8,10.6,25.6,75,,15.8,1017.3
2024-10-24,17.7,10.6,22.2,64,,18.0,1011.8
2024-10-25,11.3,7.2,13.3,60,,15.8,1017.7
2024-10-26,13.8,8.9,19.4,41,,19.8,1016.1
2024-10-27,9.4,5.0,12.8,34,,18.7,1025.7
2024-10-28,7.2,3.3,9.4,59,,13.0,1031.2
2024-10-29,8.1,2.2,13.3,59,,12.6,1033.9
2024-10-30,12.8,10.0,18.9,84,,12.2,1025.7
2024-10-31,18.7,13.3,25.6,65,,16.9,1016.9
2024-11-01,20.4,12.8,26.1,60,,23.8,1011.3
2024-11-02,12.0,4.4,13.3,56,,15.5,1023.7
2024-11-03,5.6,2.2,8.3,57,,11.2,1031.1
2024-11-04,6.0,1.7,10.0,64,,9.0,1032.7
2024-11-05,14.8,9.4,23.9,71,,20.9,1020.4
2024-11-06,20.9,16.1,27.8,62,,23.8,1013.1
2024-11-07,19.7,11.1,22.2,50,,18.0,1014.9
2024-11-08,12.9,7.2,18.3,50,,24.5,1011.3
2024-11-09,8.8,4.4,11.1,34,,23.0,1022.5
2024-11-10,7.9,2.2,14.4,46,,16.6,1022.5
2024-11-11,15.1,11.1,20.0,66,,20.5,1004.3
2024-11-12,11.7,2.8,14.4,50,,28.1,1013.0
2024-11-13,3.7,0.0,7.8,40,,18.0,1031.0
2024-11-14,3.3,-0.5,6.7,38,,14.0,1025.4
2024-11-15,6.5,1.1,15.6,27,,16.6,1008.7
2024-11-16,10.9,7.2,16.7,34,,19.1,1007.1
2024-11-17,11.7,7.8,17.8,25,,16.9,1013.0
2024-11-18,11.6,6.1,16.1,44,,13.7,1008.8
2024-11-19,10.6,7.2,13.9,52,,19.4,1009.9
2024-11-20,7.8,5.0,11.1,72,,13.7,1009.4
2024-11-21,8.3,7.2,8.9,91,,33.8,1002.2
2024-11-22,8.7,6.1,11.7,80,,19.4,996.2
2024-11-23,7.1,5.6,8.3,79,,23.0,993.6
2024-11-24,7.6,5.0,10.0,49,,28.8,1004.5
2024-11-25,6.4,2.8,11.1,48,,19.8,1013.7
2024-11-26,5.8,1.1,8.9,78,,11.2,1012.1
2024-11-27,6.5,3.3,10.0,60,,15.8,1014.2
2024-11-28,6.4,3.3,8.9,83,,20.5,1005.3
2024-11-29,5.0,2.2,7.8,62,,18.4,1008.4
2024-11-30,2.7,0.0,5.0,55,,19.8,1011.9
2024-12-01,0.7,-1.6,3.3,51,,20.5,1015.7
2024-12-02,0.2,-3.2,3.9,53,,14.0,1018.4
2024-12-03,0.2,-2.1,3.9,54,,13.7,1021.5
2024-12-04,0.8,-2.1,4.4,60,,16.9,1019.4
2024-12-05,2.7,0.6,5.0,79,,23.8,999.8
2024-12-06,0.5,-2.7,1.7,45,,25.9,1012.1
2024-12-07,-0.5,-3.2,3.9,53,,17.6,1016.9
2024-12-08,3.8,-0.5,10.0,62,,22.7,1008.0
2024-12-09,6.1,1.7,7.8,79,,16.6,1017.5
2024-12-10,2.7,-0.5,6.7,98,,15.1,1020.5
2024-12-11,6.9,2.8,16.7,98,,19.4,1006.7
2024-12-12,7.2,-1.6,13.3,56,,29.5,1013.6
2024-12-13,-0.8,-3.8,0.6,41,,20.9,1035.1
2024-12-14,-2.2,-4.9,1.7,47,,13.3,1045.8
2024-12-15,-2.1,-6.0,2.2,54,,9.0,1043.5
2024-12-16,2.8,0.0,7.2,77,,11.5,1032.6
2024-12-17,11.0,7.2,15.6,74,,22.3,1017.6
2024-12-18,7.6,3.3,10.0,65,,12.6,1020.6
2024-12-19,5.3,0.0,7.2,68,,16.9,1020.5
2024-12-20,0.4,-3.2,2.8,82,,21.6,1019.9
2024-12-21,-3.0,-8.2,-1.6,63,,23.8,1013.6
2024-12-22,-9.0,-11.6,-7.1,50,,22.7,1027.8
2024-12-23,-8.9,-12.1,-3.2,60,,13.7,1035.5
2024-12-24,-2.3,-4.3,1.7,72,,14.0,1024.9
2024-12-25,-2.3,-4.3,0.6,62,,13.0,1028.2
2024-12-26,-0.4,-2.7,2.8,65,,7.2,1030.9
2024-12-27,-0.4,-4.3,4.4,64,,11.5,1029.6
2024-12-28,2.9,0.6,7.8,90,,9.0,1024.8
2024-12-29,6.6,4.4,10.6,97,,6.5,1019.5
2024-12-30,11.4,6.7,14.4,82,,20.9,1004.7
2024-12-31,7.3,3.3,11.1,69,,13.7,1010.6
2025-01-01,6.9,4.4,8.3,88,,21.2,998.3
2025-01-02,4.4,1.1,6.7,48,,35.3,1003.2
2025-01-03,1.8,-1.0,3.9,45,,27.7,1005.9
2025-01-04,-1.4,-2.8,-0.6,46,,24.9,1005.6
2025-01-05,-0.9,-6.0,1.1,50,,24.8,1010.5
2025-01-06,-5.4,-8.2,-3.8,52,,22.0,1008.5
2025-01-07,-6.3,-8.8,-2.7,50,,32.8,1002.4
2025-01-08,-4.2,-8.2,-1.0,46,,33.8,1003.1
2025-01-09,-5.9,-8.2,-2.1,50,,37.8,1000.0
2025-01-10,-1.2,-4.3,6.1,51,,20.9,1007.5
2025-01-11,-0.7,-3.2,0.6,77,,13.7,1001.0
2025-01-12,-1.4,-3.8,2.8,59,,15.5,1012.1
2025-01-13,1.1,-2.1,3.9,59,,12.2,1012.6
2025-01-14,-0.1,-4.3,1.1,48,,27.4,1010.2
2025-01-15,-3.6,-5.5,-0.5,48,,24.8,1014.6
2025-01-16,-3.9,-6.0,-0.5,56,,14.0,1013.6
2025-01-17,-2.2,-5.5,3.3,63,,11.9,1015.6
2025-01-18,1.1,-3.2,6.7,81,,13.7,1014.9
2025-01-19,4.5,-1.6,7.8,83,,15.1,1006.6
2025-01-20,-4.0,-8.8,-1.6,59,,24.5,1017.3
2025-01-21,-8.2,-10.5,-7.1,44,,17.3,1031.2
2025-01-22,-9.0,-12.1,-5.5,37,,13.0,1031.5
2025-01-23,-5.9,-8.8,-1.0,49,,17.3,1024.3
2025-01-24,-3.5,-6.6,0.6,48,,16.6,1019.4
2025-01-25,-4.2,-7.1,-1.0,54,,19.1,1024.0
2025-01-26,-0.7,-4.3,5.0,51,,22.3,1017.5
2025-01-27,0.2,-3.2,4.4,45,,25.9,1009.9
2025-01-28,1.4,-3.2,3.9,36,,25.6,999.4
2025-01-29,-0.2,-5.5,8.9,61,,23.4,997.6
2025-01-30,-3.3,-6.6,-1.6,40,,20.5,1019.1
2025-01-31,0.7,-3.2,6.1,80,,14.0,1012.7
2025-02-01,-0.6,-10.5,1.1,75,,22.3,1016.5
2025-02-02,-8.3,-12.7,-1.6,64,,12.2,1033.4
2025-02-03,0.6,-1.6,6.1,81,,15.5,1016.7
2025-02-04,4.1,-4.9,6.7,56,,24.1,1011.7
2025-02-05,-4.7,-7.7,-2.1,42,,16.9,1027.4
2025-02-06,-3.5,-7.1,1.1,79,,13.7,1017.4
2025-02-07,1.7,-2.7,4.4,61,,24.1,1010.2
2025-02-08,-1.3,-3.8,2.2,51,,13.7,1022.4
2025-02-09,-1.8,-3.8,0.0,78,,14.8,1016.3
2025-02-10,-1.0,-5.5,2.2,58,,17.3,1025.6
2025-02-11,-3.3,-7.1,0.0,55,,16.9,1027.5
2025-02-12,-1.3,-4.3,0.6,71,,21.6,1027.1
2025-02-13,1.8,0.0,4.4,87,,24.1,1013.3
2025-02-14,0.3,-3.8,1.1,39,,28.4,1026.3
2025-02-15,-3.2,-5.5,-1.0,53,,13.3,1029.9
2025-02-16,-0.5,-3.2,2.8,92,,27.0,1000.3
2025-02-17,-1.9,-6.6,0.0,52,,40.7,999.0
2025-02-18,-5.8,-7.7,-3.2,45,,33.8,1013.0
2025-02-19,-5.5,-8.8,-0.5,46,,20.9,1019.7
2025-02-20,-4.6,-8.2,-1.0,57,,14.8,1012.7
2025-02-21,-2.6,-5.5,1.1,49,,27.7,1015.1
2025-02-22,-3.4,-7.7,2.2,48,,19.8,1022.9
2025-02-23,1.1,-2.1,6.1,55,,17.3,1017.1
2025-02-24,2.3,-1.6,6.1,65,,16.9,1017.5
2025-02-25,5.7,3.3,11.7,68,,18.4,1008.3
2025-02-26,7.7,4.4,11.7,55,,19.4,1008.8
2025-02-27,5.7,2.2,10.6,76,,16.2,1007.4
2025-02-28,6.7,2.2,8.3,48,,22.0,1002.8
2025-03-01,5.8,-3.8,11.1,61,,26.6,1000.8
2025-03-02,-3.8,-8.2,-1.0,34,,27.7,1013.8
2025-03-03,-5.9,-11.0,0.6,34,,16.2,1022.8
2025-03-04,2.2,-2.1,10.6,50,,25.6,1020.6
2025-03-05,8.7,5.6,13.3,75,,24.5,1010.1
2025-03-06,11.4,2.2,13.3,87,,23.0,989.9
2025-03-07,3.1,-1.6,6.1,39,,41.4,994.9
2025-03-08,2.2,-0.5,5.0,37,,32.0,999.9
2025-03-09,2.3,-1.0,7.8,41,,23.8,1008.7
2025-03-10,7.9,0.6,16.7,39,,18.4,1008.7
2025-03-11,8.6,1.1,16.7,55,,20.5,1007.7
2025-03-12,7.2,0.6,10.0,51,,17.3,1014.2
2025-03-13,3.5,1.1,6.7,68,,16.9,1021.7
2025-03-14,4.2,1.7,7.8,77,,11.2,1021.6
2025-03-15,7.1,3.3,16.7,79,,15.1,1020.0
2025-03-16,11.7,7.2,20.6,82,,26.3,1016.6
2025-03-17,13.9,5.0,16.1,88,,19.8,1009.3
2025-03-18,5.9,3.3,9.4,61,,16.6,1016.2
2025-03-19,4.7,2.2,7.2,80,,13.3,1019.4
2025-03-20,5.1,3.3,10.6,96,,11.9,1010.9
2025-03-21,7.0,4.4,8.3,69,,29.2,998.6
2025-03-22,8.6,3.3,16.7,36,,24.8,1004.4
2025-03-23,3.8,-1.6,7.8,31,,23.8,1015.3
2025-03-24,3.4,1.1,5.6,74,,16.9,1013.9
2025-03-25,6.6,2.2,12.2,64,,11.5,1010.3
2025-03-26,6.3,3.3,9.4,60,,12.2,1015.1
2025-03-27,5.2,0.6,10.6,41,,20.9,1018.6
2025-03-28,8.6,2.8,15.6,29,,18.7,1018.5
2025-03-29,5.4,1.1,8.9,81,,21.2,1018.8
2025-03-30,3.2,1.7,5.6,86,,15.5,1022.8
2025-03-31,8.8,4.4,16.7,93,,16.2,1007.6
2025-04-01,11.3,2.2,15.0,55,,27.0,1009.2
2025-04-02,2.6,-0.5,3.9,46,,20.5,1031.4
2025-04-03,7.8,2.2,18.3,87,,21.6,1019.1
2025-04-04,16.4,8.9,20.6,52,,16.9,1018.2
2025-04-05,7.6,3.9,9.4,78,,19.1,1026.5
2025-04-06,6.7,4.4,11.7,86,,10.4,1009.6
2025-04-07,5.9,2.8,8.9,81,,18.4,1010.0
2025-04-08,3.4,-1.0,5.6,72,,24.1,1003.1
2025-04-09,1.6,-2.1,8.3,41,,18.0,1020.0
2025-04-10,4.3,1.1,7.2,49,,15.1,1027.9
2025-04-11,4.6,1.7,6.1,81,,16.9,1024.6
2025-04-12,3.2,1.7,3.9,92,,30.6,1017.7
2025-04-13,4.3,3.3,7.2,89,,19.8,1010.5
2025-04-14,10.8,5.0,20.0,50,,15.5,1007.1
2025-04-15,12.7,8.9,19.4,67,,19.8,997.4
2025-04-16,8.7,5.0,11.1,48,,29.5,1001.3
2025-04-17,9.0,5.0,15.6,40,,22.7,1014.6
2025-04-18,12.3,5.0,19.4,32,,19.8,1021.5
2025-04-19,18.7,13.3,28.3,55,,24.5,1011.8
2025-04-20,17.8,8.9,21.1,33,,30.6,1018.7
2025-04-21,9.8,6.1,13.3,39,,19.1,1025.0
2025-04-22,10.1,7.8,14.4,88,,10.1,1014.6
2025-04-23,13.3,6.7,22.8,55,,13.0,1020.1
2025-04-24,13.2,8.3,21.1,53,,14.4,1024.6
2025-04-25,14.9,10.6,20.6,68,,11.2,1021.4
2025-04-26,14.9,11.7,17.8,90,,22.7,1010.3
2025-04-27,11.6,7.8,13.9,56,,29.9,1008.1
2025-04-28,14.4,9.4,22.2,41,,14.8,1021.1
2025-04-29,18.2,11.1,26.1,38,,28.4,1016.6
2025-04-30,19.3,12.2,22.2,38,,23.4,1011.3
2025-05-01,12.1,7.8,16.1,42,,17.6,1020.4
2025-05-02,13.8,9.4,21.7,81,,13.0,1012.5
2025-05-03,19.7,13.9,28.9,74,,14.0,1011.0
2025-05-04,17.3,11.7,25.0,88,,13.3,1014.8
2025-05-05,10.9,9.4,12.2,98,,21.2,1024.0
2025-05-06,11.2,9.4,16.1,98,,16.9,1021.7
2025-05-07,16.8,12.8,22.8,74,,17.6,1013.9
2025-05-08,16.7,12.2,21.1,76,,14.4,1015.6
2025-05-09,10.7,8.9,13.3,95,,23.8,1017.0
2025-05-10,10.9,8.3,17.8,84,,18.4,1009.9
2025-05-11,16.4,11.7,21.1,39,,20.9,1020.6
2025-05-12,16.0,7.8,23.9,34,,19.8,1023.8
2025-05-13,15.3,11.1,17.2,64,,13.3,1024.1
2025-05-14,13.1,10.0,16.7,82,,11.2,1021.8
2025-05-15,14.7,12.8,20.0,92,,8.6,1013.8
2025-05-16,19.6,17.2,26.1,82,,13.0,1007.1
2025-05-17,19.3,16.1,24.4,84,,15.5,1001.6
2025-05-18,18.7,15.0,21.1,64,,25.9,997.9
2025-05-19,14.9,10.0,17.8,56,,32.0,1003.8
2025-05-20,11.2,9.4,13.9,69,,18.4,1012.9
2025-05-21,9.2,8.3,10.0,76,,22.7,1018.5
2025-05-22,8.6,7.2,8.9,88,,33.5,1013.1
2025-05-23,9.2,6.7,14.4,81,,20.2,1006.8
2025-05-24,12.3,9.4,16.7,73,,18.4,1010.0
2025-05-25,13.3,10.6,16.1,60,,17.6,1015.5
2025-05-26,14.2,10.6,17.2,64,,14.8,1021.3
2025-05-27,17.1,10.6,23.3,58,,14.0,1025.2
2025-05-28,19.7,14.4,25.0,55,,17.6,1024.0
2025-05-29,15.7,13.9,17.8,85,,10.1,1017.2
2025-05-30,18.6,15.6,25.0,78,,18.7,1004.3
2025-05-31,16.6,11.1,21.1,86,,24.8,988.9
2025-06-01,14.2,11.1,18.3,58,,24.8,1001.3
2025-06-02,16.1,10.6,22.2,51,,18.0,1012.7
2025-06-03,17.6,12.8,22.2,54,,13.0,1019.2
2025-06-04,21.3,15.6,29.4,49,,17.6,1020.4
2025-06-05,23.8,16.7,30.6,62,,15.8,1014.9
2025-06-06,22.7,16.1,26.1,76,,11.9,1012.7
2025-06-07,17.9,16.1,19.4,91,,9.7,1008.4
2025-06-08,17.4,13.9,19.4,86,,13.0,1012.0
2025-06-09,14.6,13.3,15.6,91,,16.6,1015.3
2025-06-10,13.8,13.3,16.7,98,,9.7,1012.2
2025-06-11,20.9,16.7,28.3,60,,20.2,1014.7
2025-06-12,24.8,18.9,31.7,43,,24.8,1012.7
2025-06-13,19.7,15.0,21.1,58,,15.1,1020.0
2025-06-14,15.1,13.9,16.1,83,,13.3,1021.4
2025-06-15,14.7,13.3,17.8,83,,12.2,1022.5
2025-06-16,15.3,12.8,18.9,88,,12.6,1021.9
2025-06-17,17.1,15.0,20.0,90,,14.8,1018.6
2025-06-18,20.5,18.3,25.6,88,,11.2,1013.5
2025-06-19,25.1,20.0,33.3,76,,16.9,1007.4
2025-06-20,24.8,21.1,29.4,54,,29.5,1005.6
2025-06-21,23.1,18.9,26.7,57,,16.6,1017.4
2025-06-22,26.0,21.7,34.4,63,,17.6,1014.2
2025-06-23,27.4,24.4,32.2,70,,16.2,1016.6
2025-06-24,31.7,25.6,38.9,55,,16.6,1015.1
2025-06-25,31.0,25.6,33.9,56,,13.7,1014.8
2025-06-26,22.2,16.1,25.6,64,,15.5,1020.5
2025-06-27,18.2,16.1,21.7,66,,14.8,1024.6
2025-06-28,17.3,14.4,20.6,85,,9.4,1018.7
2025-06-29,19.4,16.7,25.0,86,,9.0,1014.0
2025-06-30,22.7,19.4,28.3,67,,13.3,1015.2
2025-07-01,26.6,21.1,33.9,74,,22.0,1009.0
2025-07-02,26.1,22.8,31.1,69,,16.9,1009.0
2025-07-03,26.6,20.6,32.2,60,,16.2,1008.6
2025-07-04,23.2,18.3,27.2,50,,15.8,1015.4
2025-07-05,23.4,18.9,28.9,47,,15.1,1019.8
2025-07-06,26.6,20.6,34.4,58,,22.7,1015.5
2025-07-07,26.9,22.8,32.2,72,,22.7,1014.7
2025-07-08,28.3,20.0,34.4,71,,13.7,1013.4
2025-07-09,20.6,18.9,21.7,93,,11.5,1016.1
2025-07-10,18.8,17.2,19.4,95,,12.6,1016.0
2025-07-11,19.3,17.2,23.9,88,,11.9,1017.1
2025-07-12,22.1,19.4,24.4,85,,16.9,1019.1
2025-07-13,21.3,18.9,25.6,84,,16.6,1019.4
2025-07-14,23.8,19.4,28.3,80,,16.2,1017.7
2025-07-15,26.2,23.3,31.7,78,,16.2,1016.9
2025-07-16,27.3,21.7,35.0,74,,13.3,1015.4
2025-07-17,27.6,22.2,32.8,74,,22.7,1009.1
2025-07-18,26.1,18.3,27.8,54,,14.8,1013.7
2025-07-19,22.2,18.3,30.6,60,,14.8,1017.8
2025-07-20,24.8,21.1,30.6,77,,18.4,1009.5
2025-07-21,22.9,18.9,26.7,55,,20.9,1011.0
2025-07-22,19.9,16.1,22.8,55,,15.1,1020.0
2025-07-23,20.8,17.2,25.6,66,,17.3,1023.1
2025-07-24,24.8,19.4,32.2,62,,25.9,1019.1
2025-07-25,27.2,22.2,35.0,66,,20.2,1012.1
2025-07-26,24.1,18.9,25.0,55,,14.4,1018.7
2025-07-27,20.9,18.3,24.4,75,,15.1,1015.9
2025-07-28,23.3,18.3,28.9,83,,11.2,1014.4
2025-07-29,29.2,22.8,37.2,58,,13.7,1013.7
2025-07-30,27.0,21.7,32.2,58,,10.1,1014.2
2025-07-31,23.9,16.1,28.9,76,,16.9,1017.6
2025-08-01,18.1,15.6,21.7,76,,15.5,1021.8
2025-08-02,19.1,15.6,21.7,65,,14.8,1023.0
2025-08-03,21.3,16.1,26.1,56,,14.0,1020.4
2025-08-04,22.4,17.8,27.8,66,,9.7,1020.0
2025-08-05,21.2,18.3,22.8,78,,13.0,1026.4
2025-08-06,19.9,17.8,23.9,74,,8.6,1030.1
2025-08-07,20.6,17.8,25.0,69,,9.7,1028.1
2025-08-08,21.5,16.7,26.1,57,,14.0,1024.8
2025-08-09,20.8,16.1,25.0,65,,15.8,1023.5
2025-08-10,22.7,17.8,28.9,69,,14.0,1022.6
2025-08-11,25.9,21.1,32.2,61,,12.6,1020.6
2025-08-12,27.4,22.8,32.8,52,,14.8,1016.6
2025-08-13,25.5,20.6,31.1,75,,15.5,1011.6
2025-08-14,26.3,21.7,30.6,76,,13.0,1012.1
2025-08-15,22.6,18.9,23.9,69,,16.9,1020.6
2025-08-16,21.2,17.2,26.1,64,,15.1,1020.0
2025-08-17,25.2,20.0,33.3,72,,18.7,1012.1
2025-08-18,19.3,15.6,20.0,61,,20.5,1020.6
2025-08-19,17.8,15.0,21.7,61,,12.6,1024.0
2025-08-20,17.0,13.3,18.9,73,,12.2,1021.8
2025-08-21,16.7,13.9,20.6,78,,22.0,1017.8
2025-08-22,19.4,14.4,27.8,58,,19.1,1014.3
2025-08-23,22.7,17.2,30.6,59,,18.7,1017.0
2025-08-24,21.9,16.7,27.8,72,,18.4,1015.4
2025-08-25,21.4,18.3,26.1,81,,11.5,1009.2
2025-08-26,22.6,18.3,26.7,46,,20.2,1012.9
2025-08-27,21.2,16.1,25.0,54,,10.9,1015.9
2025-08-28,20.1,14.4,25.6,52,,15.7,1019.0
2025-08-29,19.0,17.2,22.8,77,,16.6,1014.9
2025-08-30,19.6,14.4,25.0,54,,15.0,1015.2
2025-08-31,18.8,15.0,22.2,58,,14.0,1021.9
2025-09-01,18.9,15.6,22.8,74,,10.9,1024.8
2025-09-02,19.5,15.6,23.3,71,,12.8,1021.0
2025-09-03,19.9,14.4,24.4,65,,15.5,1014.5
2025-09-04,19.8,14.4,26.1,74,,17.7,1012.8
2025-09-05,22.4,18.3,28.9,79,,18.7,1013.5
2025-09-06,23.4,19.4,30.0,79,,21.2,1014.2
2025-09-07,16.8,16.1,19.4,90,,11.5,1016.8
2025-09-08,16.2,12.8,20.0,66,,13.4,1024.1
2025-09-09,16.5,11.7,20.6,76,,11.6,1027.8
2025-09-10,16.3,13.9,20.0,80,,15.8,1023.5
2025-09-11,18.6,12.8,23.3,62,,11.6,1018.6
2025-09-12,17.4,14.4,20.0,70,,15.5,1022.9
2025-09-13,17.4,12.8,21.7,75,,14.7,1019.9
2025-09-14,19.0,15.0,23.9,76,,8.6,1017.5
2025-09-15,17.9,15.6,22.2,84,,11.2,1024.2
2025-09-16,16.8,13.9,20.0,86,,8.3,1025.3
2025-09-17,17.2,13.3,21.1,84,,12.4,1020.9
2025-09-18,19.1,16.7,23.3,88,,10.8,1013.7
2025-09-19,22.0,16.1,27.8,50,,18.3,1013.9
2025-09-20,15.5,12.2,18.3,57,,13.4,1024.9
2025-09-21,15.0,10.6,18.9,68,,10.5,1027.1
2025-09-22,16.4,12.2,20.6,76,,11.8,1020.0
2025-09-23,20.6,15.6,26.7,78,,14.7,1015.2
2025-09-24,18.0,17.2,18.9,94,,13.9,1019.2
2025-09-25,19.6,17.2,22.2,97,,14.6,1013.1
2025-09-26,23.7,20.6,27.8,67,,17.1,1007.6
2025-09-27,20.2,17.8,24.4,75,,13.4,1014.8
2025-09-28,22.8,18.3,28.9,69,,14.1,1016.3
2025-09-29,21.2,17.2,25.6,48,0,11.7,1021.8
2025-09-30,18.2,13.9,22.2,67,0,12.3,1019.4
2025-10-01,14.3,11.1,17.2,59,,23.1,1022.8
2025-10-02,12.1,8.3,15.0,60,0,16.3,1031.2
2025-10-03,16.3,8.9,23.3,60,,16.8,1025.5
2025-10-04,20.2,14.4,27.2,54,,9.2,1021.2
2025-10-05,19.8,15.6,23.9,67,0,8.7,1024.5
2025-10-06,21.1,16.1,28.9,71,,17.5,1023.3
2025-10-07,21.0,16.7,27.2,75,,21.4,1019.0
2025-10-08,17.8,11.7,21.1,69,,11.7,1013.8
2025-10-09,10.6,7.8,13.9,43,,9.6,1027.2
2025-10-10,10.5,5.0,16.1,56,,7.5,1029.2
2025-10-11,14.2,11.1,17.8,71,,11.7,1025.2
2025-10-12,13.4,11.1,14.4,87,,28.7,1022.8
2025-10-13,12.3,11.1,13.3,94,,38.2,1020.2
2025-10-14,12.4,11.1,13.3,93,,20.8,1018.1
2025-10-15,13.0,9.4,17.8,66,,16.6,1013.2
2025-10-16,10.1,7.2,13.3,50,,23.4,1010.8
2025-10-17,11.6,7.8,16.1,61,,14.3,1013.0
2025-10-18,11.1,7.8,15.0,69,,11.5,1016.0
2025-10-19,14.3,9.4,20.0,75,,14.2,1016.5
2025-10-20,15.6,12.2,19.4,85,,20.2,1008.4
2025-10-21,14.0,10.6,19.4,61,,18.6,1009.9
2025-10-22,14.5,11.7,19.4,71,,16.8,1006.5
2025-10-23,12.6,8.9,16.7,54,,20.0,1011.3
2025-10-24,11.5,8.3,15.6,62,,14.3,1017.8
2025-10-25,10.1,6.7,13.9,59,,13.0,1025.4
2025-10-26,9.6,6.1,13.9,56,,15.4,1027.8
2025-10-27,8.0,4.4,11.1,66,0,13.9,1027.8
2025-10-28,9.0,6.1,11.7,72,0,24.5,1027.0
2025-10-29,9.3,8.3,10.6,79,,21.9,1022.0
2025-10-30,11.5,8.9,13.9,92,,24.7,1012.8
2025-10-31,13.2,9.4,15.6,72,,33.2,988.9
2025-11-01,10.1,6.1,13.9,48,,27.2,1006.9
2025-11-02,7.8,4.4,11.7,52,,14.8,1023.2
2025-11-03,9.3,3.9,13.9,76,,15.5,1016.8
2025-11-04,10.3,7.8,13.3,45,,28.8,1011.4
2025-11-05,11.2,7.2,14.4,57,,19.6,1010.0
2025-11-06,8.3,4.4,12.8,50,,26.7,1011.1
2025-11-07,7.8,0.6,12.8,60,,21.8,1013.7
2025-11-08,13.2,8.3,16.7,65,,17.4,1006.8
2025-11-09,11.7,8.3,13.9,87,,16.1,1012.7
2025-11-10,10.6,5.0,13.3,94,,12.2,1001.9
2025-11-11,2.3,1.1,5.0,54,,29.2,1001.0
2025-11-12,4.8,1.1,7.2,57,0,20.4,1006.7
2025-11-13,6.8,3.3,10.0,65,,18.2,1008.2
2025-11-14,5.2,2.8,7.8,56,0,18.6,1013.1
2025-11-15,4.2,1.1,7.2,62,,15.5,1005.0
2025-11-16,7.9,2.8,13.3,67,,24.2,987.9
2025-11-17,3.1,1.1,6.1,50,,32.3,1001.0
2025-11-18,4.9,2.2,8.3,50,,23.1,1016.5
2025-11-19,3.7,1.1,7.2,51,,12.2,1022.3
2025-11-20,3.8,0.0,7.8,68,,8.2,1023.3
2025-11-21,5.6,0.6,8.9,76,,13.6,1016.5
2025-11-22,6.4,1.7,8.9,75,,12.5,1012.1
2025-11-23,3.2,-0.6,5.0,57,,11.4,1014.5
2025-11-24,5.8,2.2,10.0,62,,15.3,1019.8
2025-11-25,7.4,2.2,10.6,74,,15.1,1021.8
2025-11-26,13.5,9.4,17.2,89,,15.6,1007.5
2025-11-27,7.2,3.9,13.9,47,,23.4,1008.4
2025-11-28,3.4,1.1,6.1,50,,28.2,1009.2
2025-11-29,2.7,0.6,6.1,43,,23.2,1026.6
2025-11-30,5.1,0.0,8.9,72,,15.3,1024.4
2025-12-01,3.4,-2.2,6.7,52,,19.2,1022.5
2025-12-02,1.0,-2.2,2.8,77,,16.8,1013.9
2025-12-03,1.5,0.0,3.3,70,,17.4,1013.0
2025-12-04,0.4,-7.8,4.4,54,,25.8,1015.1
2025-12-05,-6.3,-11.1,-1.7,42,,13.5,1023.6
2025-12-06,1.3,-2.2,3.9,72,,9.4,1012.9
2025-12-07,2.6,-0.6,5.0,60,,12.2,1016.2
2025-12-08,-3.8,-8.3,2.2,37,,23.3,1022.0
2025-12-09,-5.2,-10.0,0.0,39,,14.9,1020.5
2025-12-10,4.8,0.0,9.4,72,,22.9,1001.7
2025-12-11,0.2,-3.9,4.4,50,,33.7,998.4
2025-12-12,-1.3,-5.6,2.2,46,,27.8,1010.8
2025-12-13,0.5,-2.8,2.8,57,,16.9,1017.4
2025-12-14,-1.8,-7.8,1.7,77,,17.0,1013.2
2025-12-15,-6.4,-10.0,-3.9,49,,26.0,1018.0
2025-12-16,-1.3,-5.0,2.2,53,,15.5,1020.5
2025-12-17,3.9,-2.2,8.3,51,,25.9,1013.0
2025-12-18,4.6,-1.7,8.9,69,,11.3,1024.2
2025-12-19,9.4,2.2,15.0,85,,27.5,1001.0
2025-12-20,1.4,0.0,3.3,48,,15.8,1013.9
2025-12-21,3.9,0.0,8.3,51,,14.8,1010.9
2025-12-22,-1.6,-3.9,0.6,42,,15.0,1025.3
2025-12-23,1.0,-1.1,3.3,74,,10.9,1021.1
2025-12-24,1.0,-2.2,3.3,79,,19.0,1017.0
2025-12-25,-1.4,-7.2,4.4,59,,25.1,1014.9
2025-12-26,-7.8,-11.1,-5.6,44,,15.5,1021.2
2025-12-27,-6.1,-8.9,-3.3,74,,16.8,1019.9
2025-12-28,-1.5,-6.7,3.3,59,,12.3,1018.0
2025-12-29,4.8,0.6,8.9,90,,16.9,995.6
2025-12-30,-2.9,-4.4,0.6,43,,37.4,997.8
2025-12-31,-2.1,-4.4,1.1,45,,21.2,1005.6
2026-01-01,-4.2,-8.3,0.6,61,,26.3,1003.2
2026-01-02,-5.6,-8.9,-1.7,50,,21.2,1006.7
2026-01-03,-3.4,-7.8,0.0,53,,18.7,1012.1
2026-01-04,-2.3,-5.0,-0.6,61,,13.3,1016.8
2026-01-05,-5.5,-8.9,-2.8,53,,12.2,1021.9
2026-01-06,-1.6,-3.9,2.2,88,,8.6,1015.2
2026-01-07,1.6,0.0,3.3,91,,14.8,1007.0
2026-01-08,4.2,1.1,8.9,75,,11.5,1020.5
2026-01-09,4.5,-2.8,11.1,88,,18.0,1022.0
2026-01-10,6.1,3.3,11.1,75,,15.1,1019.4
2026-01-11,3.8,1.1,6.7,76,,19.4,1005.9
2026-01-12,0.6,-2.2,3.9,50,,22.3,1015.4
2026-01-13,3.8,0.0,7.2,57,,19.1,1013.6
2026-01-14,7.3,4.4,10.0,67,,15.5,1002.9
2026-01-15,5.5,-2.2,11.7,69,,21.2,994.1
2026-01-16,-3.1,-7.2,0.0,39,,25.9,1007.0
2026-01-17,1.2,-2.2,3.9,70,,13.3,1018.2
2026-01-18,0.4,-1.7,2.2,92,,11.5,1015.3
2026-01-19,-1.0,-3.9,1.1,79,,18.7,1011.0
2026-01-20,-5.9,-8.9,-2.8,46,,24.1,1022.4
2026-01-21,-6.0,-10.6,1.7,56,,18.4,1029.0
2026-01-22,3.8,0.6,7.8,60,,20.2,1014.8
2026-01-23,-2.5,-10.0,1.1,38,,26.6,1019.0
2026-01-24,-12.2,-15.0,-9.4,30,,25.9,1034.3
2026-01-25,-9.9,-14.4,-1.7,67,,22.3,1029.6
2026-01-26,-7.6,-10.0,-1.7,85,,24.1,1007.5
2026-01-27,-8.3,-12.2,-5.0,56,,21.2,1013.0
2026-01-28,-8.1,-11.1,-5.0,52,,17.6,1015.8
2026-01-29,-7.8,-11.1,-3.3,52,,20.5,1014.9
2026-01-30,-11.0,-13.3,-8.3,43,,25.6,1015.7
2026-01-31,-10.5,-13.9,-6.1,53,,14.0,1019.2
2026-02-01,-8.7,-13.3,-3.9,56,,25.6,1008.9
