"","date","count_rodent","num_inspections","rodent_rate","tmin","tmax","temp","month","summer","hot_day","extreme_heat","year","heat_wave_start"
"1",2007-01-02,0,2,0,1.7,7.2,5.5,1,0,0,0,2007,0
"2",2007-01-03,0,1,0,1.7,10.6,5.6,1,0,0,0,2007,0
"3",2007-01-04,0,2,0,3.9,11.7,8.3,1,0,0,0,2007,0
"4",2007-01-05,0,2,0,8.9,17.2,13.1,1,0,0,0,2007,0
"5",2007-01-08,0,1,0,4.4,11.7,7.6,1,0,0,0,2007,0
"6",2007-01-09,0,3,0,1.1,6.1,3.6,1,0,0,0,2007,0
"7",2007-01-10,0,5,0,-4.4,2.2,0.1,1,0,0,0,2007,0
"8",2007-01-11,0,1,0,-6.1,1.7,-2.3,1,0,0,0,2007,0
"9",2007-01-12,0,4,0,1.7,10,5.8,1,0,0,0,2007,0
"10",2007-01-16,0,5,0,-7.8,5,-0.9,1,0,0,0,2007,0
"11",2007-01-17,0,4,0,-13.3,-7.2,-9.7,1,0,0,0,2007,0
"12",2007-01-18,0,1,0,-10.6,3.9,-3.7,1,0,0,0,2007,0
"13",2007-01-19,0,5,0,0.6,4.4,2.2,1,0,0,0,2007,0
"14",2007-01-22,0,8,0,-6.1,-2.8,-4.9,1,0,0,0,2007,0
"15",2007-01-23,0,8,0,-6.1,0,-3.2,1,0,0,0,2007,0
"16",2007-01-24,0,3,0,-3.9,5.6,0.2,1,0,0,0,2007,0
"17",2007-01-25,0,4,0,-13.9,-2.2,-5.4,1,0,0,0,2007,0
"18",2007-01-26,0,2,0,-16.1,-10.6,-13.8,1,0,0,0,2007,0
"19",2007-01-29,1,7,0.142857142857143,-7.2,-2.2,-4.2,1,0,0,0,2007,0
"20",2007-01-30,0,10,0,-7.8,-0.6,-4.3,1,0,0,0,2007,0
"21",2007-01-31,0,7,0,-7.2,0.6,-3.2,1,0,0,0,2007,0
"22",2007-02-01,0,4,0,-5,2.8,-1.3,2,0,0,0,2007,0
"23",2007-02-02,0,3,0,-2.2,2.8,0.7,2,0,0,0,2007,0
"24",2007-02-03,0,1,0,-5.6,1.7,-1.7,2,0,0,0,2007,0
"25",2007-02-05,0,2,0,-12.2,-7.2,-9.8,2,0,0,0,2007,0
"26",2007-02-06,0,3,0,-9.4,-2.8,-6.8,2,0,0,0,2007,0
"27",2007-02-07,0,9,0,-11.1,-4.4,-7.9,2,0,0,0,2007,0
"28",2007-02-08,0,11,0,-9.4,-2.8,-6.1,2,0,0,0,2007,0
"29",2007-02-09,0,2,0,-7.2,-1.7,-5.1,2,0,0,0,2007,0
"30",2007-02-12,0,5,0,-6.1,2.8,-0.8,2,0,0,0,2007,0
"31",2007-02-13,0,7,0,-12.8,-5.6,-8.5,2,0,0,0,2007,0
"32",2007-02-14,0,6,0,-9.4,2.8,-2.5,2,0,0,0,2007,0
"33",2007-02-15,0,6,0,-11.1,-5.6,-8.3,2,0,0,0,2007,0
"34",2007-02-16,0,7,0,-12.2,-1.7,-6.2,2,0,0,0,2007,0
"35",2007-02-20,0,3,0,-6.7,9.4,2,2,0,0,0,2007,0
"36",2007-02-21,0,1,0,1.1,7.2,3.9,2,0,0,0,2007,0
"37",2007-02-22,0,8,0,-2.8,4.4,1.2,2,0,0,0,2007,0
"38",2007-02-23,0,4,0,-7.8,1.1,-1.4,2,0,0,0,2007,0
"39",2007-02-26,0,4,0,-0.6,2.2,0.5,2,0,0,0,2007,0
"40",2007-02-27,0,8,0,-1.1,3.3,1.1,2,0,0,0,2007,0
"41",2007-02-28,0,4,0,-1.1,5,2.2,2,0,0,0,2007,0
"42",2007-03-01,0,4,0,-3.3,4.4,0.4,3,0,0,0,2007,0
"43",2007-03-02,0,2,0,0,6.7,3.4,3,0,0,0,2007,0
"44",2007-03-05,0,4,0,-5.6,3.9,-0.4,3,0,0,0,2007,0
"45",2007-03-06,0,3,0,-14.4,-5,-11.1,3,0,0,0,2007,0
"46",2007-03-07,0,4,0,-14.4,-4.4,-9.5,3,0,0,0,2007,0
"47",2007-03-08,0,1,0,-13.9,-3.3,-8.1,3,0,0,0,2007,0
"48",2007-03-09,0,6,0,-15,-0.6,-7.6,3,0,0,0,2007,0
"49",2007-03-10,0,2,0,-5,11.1,4.2,3,0,0,0,2007,0
"50",2007-03-12,0,3,0,1.7,12.8,6.9,3,0,0,0,2007,0
"51",2007-03-13,0,2,0,3.3,16.1,8.8,3,0,0,0,2007,0
"52",2007-03-14,0,2,0,7.2,20,12.3,3,0,0,0,2007,0
"53",2007-03-19,0,4,0,-2.8,4.4,0.3,3,0,0,0,2007,0
"54",2007-03-20,0,1,0,-4.4,6.7,4,3,0,0,0,2007,0
"55",2007-03-21,0,3,0,-6.7,1.7,-2.5,3,0,0,0,2007,0
"56",2007-03-22,0,5,0,1.1,13.9,8,3,0,0,0,2007,0
"57",2007-03-23,0,6,0,4.4,15,12,3,0,0,0,2007,0
"58",2007-03-24,0,3,0,0,7.8,4.7,3,0,0,0,2007,0
"59",2007-03-25,0,25,0,1.1,7.8,3.8,3,0,0,0,2007,0
"60",2007-03-26,1,11,0.0909090909090909,2.2,8.3,5.3,3,0,0,0,2007,0
"61",2007-03-27,0,5,0,5.6,14.4,7.6,3,0,0,0,2007,0
"62",2007-03-28,0,7,0,3.9,13.3,10,3,0,0,0,2007,0
"63",2007-03-29,0,7,0,0.6,11.1,5.5,3,0,0,0,2007,0
"64",2007-03-30,0,5,0,3.3,16.1,9.1,3,0,0,0,2007,0
"65",2007-03-31,0,26,0,2.2,7.8,5.5,3,0,0,0,2007,0
"66",2007-04-01,0,41,0,0.6,11.1,6.6,4,0,0,0,2007,0
"67",2007-04-02,0,8,0,3.3,5,4.5,4,0,0,0,2007,0
"68",2007-04-03,0,3,0,2.2,6.7,4.5,4,0,0,0,2007,0
"69",2007-04-04,0,2,0,1.7,3.9,2.9,4,0,0,0,2007,0
"70",2007-04-05,0,11,0,-1.1,7.2,3,4,0,0,0,2007,0
"71",2007-04-06,1,10,0.1,-2.2,3.9,0.7,4,0,0,0,2007,0
"72",2007-04-09,0,7,0,1.1,10,5.1,4,0,0,0,2007,0
"73",2007-04-10,0,2,0,1.7,6.7,4.4,4,0,0,0,2007,0
"74",2007-04-11,0,2,0,1.1,10,5.2,4,0,0,0,2007,0
"75",2007-04-12,0,7,0,1.7,5,4,4,0,0,0,2007,0
"76",2007-04-13,0,6,0,1.7,9.4,5.4,4,0,0,0,2007,0
"77",2007-04-16,0,1,0,5.6,8.9,7.4,4,0,0,0,2007,0
"78",2007-04-17,0,5,0,2.8,5.6,4.5,4,0,0,0,2007,0
"79",2007-04-18,0,8,0,3.9,6.1,4.8,4,0,0,0,2007,0
"80",2007-04-19,1,9,0.111111111111111,3.9,10.6,6.9,4,0,0,0,2007,0
"81",2007-04-20,1,11,0.0909090909090909,2.2,10.6,7.4,4,0,0,0,2007,0
"82",2007-04-23,0,5,0,11.1,30,19.7,4,0,1,0,2007,0
"83",2007-04-24,0,8,0,11.1,22.8,19,4,0,0,0,2007,0
"84",2007-04-25,0,17,0,7.2,15,10.8,4,0,0,0,2007,0
"85",2007-04-26,0,6,0,5.6,14.4,10.4,4,0,0,0,2007,0
"86",2007-04-27,0,15,0,6.7,10,8.1,4,0,0,0,2007,0
"87",2007-04-30,0,13,0,6.1,21.7,12.9,4,0,0,0,2007,0
"88",2007-05-01,0,14,0,8.9,20,13.3,5,0,0,0,2007,0
"89",2007-05-02,1,23,0.0434782608695652,8.9,18.9,13,5,0,0,0,2007,0
"90",2007-05-03,2,12,0.166666666666667,8.3,20,14.1,5,0,0,0,2007,0
"91",2007-05-04,0,16,0,10,20,14.6,5,0,0,0,2007,0
"92",2007-05-07,0,12,0,5.6,18.3,11.6,5,0,0,0,2007,0
"93",2007-05-08,0,14,0,8.3,26.7,17,5,0,0,0,2007,0
"94",2007-05-09,0,19,0,13.9,30,21.5,5,0,1,0,2007,0
"95",2007-05-10,0,16,0,16.7,28.9,22.1,5,0,0,0,2007,0
"96",2007-05-11,0,18,0,16.7,24.4,19.4,5,0,0,0,2007,0
"97",2007-05-14,0,15,0,8.3,23.9,16.4,5,0,0,0,2007,0
"98",2007-05-15,1,19,0.0526315789473684,12.2,27.8,18.3,5,0,0,0,2007,0
"99",2007-05-16,0,19,0,7.8,17.8,12.7,5,0,0,0,2007,0
"100",2007-05-17,0,23,0,7.8,10,8.5,5,0,0,0,2007,0
"101",2007-05-18,0,9,0,5.6,7.8,6.4,5,0,0,0,2007,0
"102",2007-05-21,0,18,0,10,18.9,14.4,5,0,0,0,2007,0
"103",2007-05-22,0,37,0,8.9,19.4,14.7,5,0,0,0,2007,0
"104",2007-05-23,0,16,0,10,22.8,16,5,0,0,0,2007,0
"105",2007-05-24,0,11,0,11.7,26.7,19.1,5,0,0,0,2007,0
"106",2007-05-25,0,14,0,21.1,33.3,27.8,5,0,1,0,2007,0
"107",2007-05-29,0,9,0,15,26.1,20.3,5,0,0,0,2007,0
"108",2007-05-30,0,10,0,15.6,27.8,21.4,5,0,0,0,2007,0
"109",2007-05-31,0,13,0,13.9,18.3,16.4,5,0,0,0,2007,0
"110",2007-06-01,0,10,0,14.4,27.2,20.1,6,1,0,0,2007,0
"111",2007-06-04,0,10,0,11.1,15.6,13.9,6,1,0,0,2007,0
"112",2007-06-05,0,14,0,15,27.2,20.8,6,1,0,0,2007,0
"113",2007-06-06,0,17,0,12.2,22.2,16.8,6,1,0,0,2007,0
"114",2007-06-07,0,11,0,10.6,21.7,16.7,6,1,0,0,2007,0
"115",2007-06-08,0,14,0,15,20.6,17.6,6,1,0,0,2007,0
"116",2007-06-11,1,5,0.2,18.3,26.1,21.1,6,1,0,0,2007,0
"117",2007-06-12,0,21,0,15,23.3,19.7,6,1,0,0,2007,0
"118",2007-06-13,1,11,0.0909090909090909,12.2,15.6,13.6,6,1,0,0,2007,0
"119",2007-06-14,0,5,0,11.1,15.6,13.7,6,1,0,0,2007,0
"120",2007-06-15,0,13,0,10,18.9,14.6,6,1,0,0,2007,0
"121",2007-06-18,0,3,0,17.8,27.2,22.7,6,1,0,0,2007,0
"122",2007-06-19,0,16,0,18.9,27.8,22.1,6,1,0,0,2007,0
"123",2007-06-20,0,15,0,18.9,26.1,22.2,6,1,0,0,2007,0
"124",2007-06-21,0,18,0,16.7,27.2,21.2,6,1,0,0,2007,0
"125",2007-06-22,0,9,0,15,23.3,18.4,6,1,0,0,2007,0
"126",2007-06-25,0,10,0,18.3,31.7,25.2,6,1,1,1,2007,1
"127",2007-06-26,0,7,0,19.4,35,27.6,6,1,1,1,2007,0
"128",2007-06-27,0,8,0,24.4,35.6,29.8,6,1,1,1,2007,0
"129",2007-06-28,0,7,0,24.4,33.3,27.7,6,1,1,1,2007,0
"130",2007-06-29,0,10,0,17.2,25,20.1,6,1,0,0,2007,0
"131",2007-07-01,0,1,0,15,23.3,18.5,7,1,0,0,2007,0
"132",2007-07-02,0,10,0,13.3,24.4,18.8,7,1,0,0,2007,0
"133",2007-07-03,0,14,0,14.4,22.2,18.7,7,1,0,0,2007,0
"134",2007-07-05,0,4,0,17.8,28.3,22.1,7,1,0,0,2007,0
"135",2007-07-06,0,10,0,18.9,29.4,22.9,7,1,0,0,2007,0
"136",2007-07-09,0,16,0,16.7,21.7,18.4,7,1,0,0,2007,0
"137",2007-07-10,0,17,0,16.1,20.6,18.1,7,1,0,0,2007,0
"138",2007-07-11,0,11,0,18.3,30.6,24.5,7,1,1,0,2007,0
"139",2007-07-12,1,15,0.0666666666666667,20.6,28.9,24.6,7,1,0,0,2007,0
"140",2007-07-13,1,12,0.0833333333333333,18.3,30.6,24.2,7,1,1,0,2007,0
"141",2007-07-16,0,18,0,18.3,27.2,22.9,7,1,0,0,2007,0
"142",2007-07-17,0,25,0,18.3,27.8,22.9,7,1,0,0,2007,0
"143",2007-07-18,2,18,0.111111111111111,17.8,21.7,20.3,7,1,0,0,2007,0
"144",2007-07-19,0,13,0,16.1,23.3,19.8,7,1,0,0,2007,0
"145",2007-07-20,1,16,0.0625,19.4,29.4,24.7,7,1,0,0,2007,0
"146",2007-07-23,1,21,0.0476190476190476,17.2,19.4,18.2,7,1,0,0,2007,0
"147",2007-07-24,0,25,0,17.2,28.9,22.7,7,1,0,0,2007,0
"148",2007-07-25,1,13,0.0769230769230769,18.9,32.2,26,7,1,1,1,2007,1
"149",2007-07-26,0,15,0,20,33.3,26.6,7,1,1,1,2007,0
"150",2007-07-27,1,18,0.0555555555555556,22.8,33.3,27.1,7,1,1,1,2007,0
"151",2007-07-28,0,1,0,21.7,30.6,24.4,7,1,1,1,2007,0
"152",2007-07-30,1,24,0.0416666666666667,19.4,24.4,22.3,7,1,0,0,2007,0
"153",2007-07-31,0,27,0,20,27.2,23.3,7,1,0,0,2007,0
"154",2007-08-01,0,25,0,21.7,27.8,24.7,8,1,0,0,2007,0
"155",2007-08-02,1,23,0.0434782608695652,21.1,34.4,27.8,8,1,1,1,2007,1
"156",2007-08-03,0,26,0,23.9,35,29,8,1,1,1,2007,0
"157",2007-08-06,0,23,0,17.2,25.6,22.2,8,1,0,0,2007,0
"158",2007-08-07,0,28,0,18.3,23.3,20.2,8,1,0,0,2007,0
"159",2007-08-08,0,20,0,20,32.8,25.8,8,1,1,0,2007,0
"160",2007-08-09,0,23,0,18.3,24.4,20.9,8,1,0,0,2007,0
"161",2007-08-10,0,19,0,15,18.9,17.5,8,1,0,0,2007,0
"162",2007-08-11,0,1,0,13.3,27.2,21,8,1,0,0,2007,0
"163",2007-08-13,0,20,0,19.4,29.4,24,8,1,0,0,2007,0
"164",2007-08-14,2,24,0.0833333333333333,17.2,23.9,19.6,8,1,0,0,2007,0
"165",2007-08-15,0,18,0,16.7,30,23.3,8,1,1,0,2007,0
"166",2007-08-16,2,24,0.0833333333333333,20.6,31.7,25.5,8,1,1,0,2007,0
"167",2007-08-17,0,22,0,19.4,26.7,23.7,8,1,0,0,2007,0
"168",2007-08-20,0,22,0,13.3,20,16.9,8,1,0,0,2007,0
"169",2007-08-21,2,29,0.0689655172413793,12.8,19.4,16.4,8,1,0,0,2007,0
"170",2007-08-22,2,31,0.0645161290322581,12.8,20.6,16.6,8,1,0,0,2007,0
"171",2007-08-23,2,39,0.0512820512820513,17.2,21.1,18.7,8,1,0,0,2007,0
"172",2007-08-24,1,10,0.1,20.6,32.8,25.3,8,1,1,1,2007,1
"173",2007-08-27,3,22,0.136363636363636,17.8,24.4,21.2,8,1,0,0,2007,0
"174",2007-08-28,0,17,0,16.7,25.6,20.9,8,1,0,0,2007,0
"175",2007-08-29,1,29,0.0344827586206897,17.8,27.8,23.1,8,1,0,0,2007,0
"176",2007-08-30,2,26,0.0769230769230769,19.4,31.7,25,8,1,1,0,2007,0
"177",2007-08-31,0,17,0,17.8,23.9,20.7,8,1,0,0,2007,0
"178",2007-09-04,0,39,0,17.8,25.6,22.4,9,0,0,0,2007,0
"179",2007-09-05,3,40,0.075,15,22.8,18,9,0,0,0,2007,0
"180",2007-09-06,1,27,0.037037037037037,14.4,25.6,19.1,9,0,0,0,2007,0
"181",2007-09-07,0,36,0,18.3,34.4,24.9,9,0,1,0,2007,0
"182",2007-09-08,0,1,0,21.7,35,27.5,9,0,1,0,2007,0
"183",2007-09-10,2,30,0.0666666666666667,15.6,18.9,16.7,9,0,0,0,2007,0
"184",2007-09-11,0,37,0,15.6,20,16.6,9,0,0,0,2007,0
"185",2007-09-12,0,29,0,15.6,24.4,19.9,9,0,0,0,2007,0
"186",2007-09-13,0,19,0,13.9,22.8,17.5,9,0,0,0,2007,0
"187",2007-09-14,1,30,0.0333333333333333,13.9,24.4,18.6,9,0,0,0,2007,0
"188",2007-09-17,1,19,0.0526315789473684,9.4,17.2,13.5,9,0,0,0,2007,0
"189",2007-09-18,0,37,0,8.3,17.2,13.5,9,0,0,0,2007,0
"190",2007-09-19,0,14,0,10,17.8,14,9,0,0,0,2007,0
"191",2007-09-20,1,32,0.03125,13.3,25.6,18.2,9,0,0,0,2007,0
"192",2007-09-21,0,20,0,15,21.7,17.6,9,0,0,0,2007,0
"193",2007-09-22,0,1,0,16.7,26.7,20.7,9,0,0,0,2007,0
"194",2007-09-24,1,25,0.04,15,27.8,21.5,9,0,0,0,2007,0
"195",2007-09-25,1,25,0.04,16.7,31.1,23.9,9,0,1,0,2007,0
"196",2007-09-26,0,31,0,21.7,33.9,26.5,9,0,1,0,2007,0
"197",2007-09-27,0,26,0,20,29.4,24,9,0,0,0,2007,0
"198",2007-09-28,1,26,0.0384615384615385,16.7,26.7,22,9,0,0,0,2007,0
"199",2007-10-01,4,21,0.19047619047619,11.1,18.3,14.3,10,0,0,0,2007,0
"200",2007-10-02,1,29,0.0344827586206897,10,18.3,14.8,10,0,0,0,2007,0
"201",2007-10-03,0,28,0,15.6,21.1,17.3,10,0,0,0,2007,0
"202",2007-10-04,2,22,0.0909090909090909,16.7,30,22.6,10,0,1,0,2007,0
"203",2007-10-05,1,30,0.0333333333333333,15.6,27.8,20.7,10,0,0,0,2007,0
"204",2007-10-09,2,23,0.0869565217391304,12.2,16.1,14.1,10,0,0,0,2007,0
"205",2007-10-10,1,30,0.0333333333333333,12.2,15.6,13.8,10,0,0,0,2007,0
"206",2007-10-11,2,31,0.0645161290322581,14.4,15.6,14.8,10,0,0,0,2007,0
"207",2007-10-12,1,31,0.032258064516129,8.3,18.3,14.6,10,0,0,0,2007,0
"208",2007-10-15,2,34,0.0588235294117647,6.7,17.2,11.7,10,0,0,0,2007,0
"209",2007-10-16,2,33,0.0606060606060606,8.3,17.2,12.4,10,0,0,0,2007,0
"210",2007-10-17,2,39,0.0512820512820513,6.7,17.2,12,10,0,0,0,2007,0
"211",2007-10-18,3,35,0.0857142857142857,12.8,20.6,15.3,10,0,0,0,2007,0
"212",2007-10-19,0,23,0,14.4,22.8,19,10,0,0,0,2007,0
"213",2007-10-22,1,31,0.032258064516129,14.4,27.2,19.7,10,0,0,0,2007,0
"214",2007-10-23,1,36,0.0277777777777778,14.4,25.6,20.2,10,0,0,0,2007,0
"215",2007-10-24,4,41,0.0975609756097561,11.7,18.9,14.8,10,0,0,0,2007,0
"216",2007-10-25,1,43,0.0232558139534884,7.8,14.4,11.6,10,0,0,0,2007,0
"217",2007-10-26,1,30,0.0333333333333333,6.7,15,11.1,10,0,0,0,2007,0
"218",2007-10-29,3,24,0.125,2.8,10.6,6.3,10,0,0,0,2007,0
"219",2007-10-30,3,43,0.0697674418604651,5,17.2,11.1,10,0,0,0,2007,0
"220",2007-10-31,5,35,0.142857142857143,6.7,17.8,12.1,10,0,0,0,2007,0
"221",2007-11-01,0,34,0,8.9,20.6,14.8,11,0,0,0,2007,0
"222",2007-11-02,3,39,0.0769230769230769,5,10.6,8.3,11,0,0,0,2007,0
"223",2007-11-05,2,38,0.0526315789473684,3.9,11.7,8.4,11,0,0,0,2007,0
"224",2007-11-06,1,32,0.03125,4.4,12.8,9.5,11,0,0,0,2007,0
"225",2007-11-07,1,49,0.0204081632653061,2.8,10.6,5.9,11,0,0,0,2007,0
"226",2007-11-08,0,19,0,0.6,7.2,3.7,11,0,0,0,2007,0
"227",2007-11-09,2,27,0.0740740740740741,0,7.8,3.6,11,0,0,0,2007,0
"228",2007-11-11,0,1,0,-2.2,7.8,2.2,11,0,0,0,2007,0
"229",2007-11-12,0,2,0,-0.6,7.2,3.9,11,0,0,0,2007,0
"230",2007-11-13,1,47,0.0212765957446809,5,14.4,10.2,11,0,0,0,2007,0
"231",2007-11-14,3,49,0.0612244897959184,2.8,15.6,9.9,11,0,0,0,2007,0
"232",2007-11-15,0,69,0,6.7,18.9,13.3,11,0,0,0,2007,0
"233",2007-11-16,7,45,0.155555555555556,1.1,8.3,5.3,11,0,0,0,2007,0
"234",2007-11-17,0,1,0,0.6,6.1,3.1,11,0,0,0,2007,0
"235",2007-11-19,2,49,0.0408163265306122,1.1,4.4,2.1,11,0,0,0,2007,0
"236",2007-11-20,1,37,0.027027027027027,-0.6,5,2.3,11,0,0,0,2007,0
"237",2007-11-21,3,39,0.0769230769230769,1.1,7.8,4.4,11,0,0,0,2007,0
"238",2007-11-22,0,2,0,6.1,15.6,10,11,0,0,0,2007,0
"239",2007-11-23,2,31,0.0645161290322581,-2.2,6.1,2.3,11,0,0,0,2007,0
"240",2007-11-26,2,31,0.0645161290322581,3.3,14.4,6.6,11,0,0,0,2007,0
"241",2007-11-27,3,33,0.0909090909090909,5,17.8,12.1,11,0,0,0,2007,0
"242",2007-11-28,1,49,0.0204081632653061,1.7,7.8,4.4,11,0,0,0,2007,0
"243",2007-11-29,5,48,0.104166666666667,3.3,10.6,6.8,11,0,0,0,2007,0
"244",2007-11-30,2,35,0.0571428571428571,1.1,5.6,3.1,11,0,0,0,2007,0
"245",2007-12-03,5,39,0.128205128205128,-2.2,5,1.8,12,0,0,0,2007,0
"246",2007-12-04,4,29,0.137931034482759,-5.6,-1.1,-3.4,12,0,0,0,2007,0
"247",2007-12-05,3,43,0.0697674418604651,-4.4,0,-2.2,12,0,0,0,2007,0
"248",2007-12-06,5,41,0.121951219512195,-7.2,-0.6,-3,12,0,0,0,2007,0
"249",2007-12-07,5,30,0.166666666666667,-5,2.8,-0.8,12,0,0,0,2007,0
"250",2007-12-10,4,37,0.108108108108108,-1.7,0.6,-0.3,12,0,0,0,2007,0
"251",2007-12-11,5,20,0.25,-2.8,2.8,0.2,12,0,0,0,2007,0
"252",2007-12-12,2,38,0.0526315789473684,-1.1,8.9,5.3,12,0,0,0,2007,0
"253",2007-12-13,5,28,0.178571428571429,-5.6,0.6,-3.1,12,0,0,0,2007,0
"254",2007-12-14,2,31,0.0645161290322581,-5,5,-0.2,12,0,0,0,2007,0
"255",2007-12-17,6,43,0.13953488372093,-7.2,2.2,-3.7,12,0,0,0,2007,0
"256",2007-12-18,0,21,0,-7.8,0,-4,12,0,0,0,2007,0
"257",2007-12-19,2,28,0.0714285714285714,-5.6,3.3,-0.2,12,0,0,0,2007,0
"258",2007-12-20,1,31,0.032258064516129,-1.7,1.7,-0.4,12,0,0,0,2007,0
"259",2007-12-21,1,21,0.0476190476190476,-4.4,-1.7,-3.3,12,0,0,0,2007,0
"260",2007-12-24,0,8,0,1.1,11.7,5.4,12,0,0,0,2007,0
"261",2007-12-26,1,19,0.0526315789473684,-2.8,4.4,1.6,12,0,0,0,2007,0
"262",2007-12-27,2,32,0.0625,1.1,3.9,2.6,12,0,0,0,2007,0
"263",2007-12-28,1,37,0.027027027027027,1.7,8.3,4.5,12,0,0,0,2007,0
"264",2007-12-29,0,2,0,2.8,7.8,5.1,12,0,0,0,2007,0
"265",2007-12-31,3,27,0.111111111111111,-1.1,5,2.5,12,0,0,0,2007,0
"266",2008-01-02,1,40,0.025,-12.2,0.6,-2.6,1,0,0,0,2008,0
"267",2008-01-03,2,44,0.0454545454545455,-13.9,-10,-12.2,1,0,0,0,2008,0
"268",2008-01-04,2,33,0.0606060606060606,-13.3,0,-6,1,0,0,0,2008,0
"269",2008-01-07,2,39,0.0512820512820513,1.7,12.8,7.5,1,0,0,0,2008,0
"270",2008-01-08,2,36,0.0555555555555556,7.2,19.4,11.9,1,0,0,0,2008,0
"271",2008-01-09,2,23,0.0869565217391304,7.8,16.7,12.5,1,0,0,0,2008,0
"272",2008-01-10,4,33,0.121212121212121,3.3,9.4,6.4,1,0,0,0,2008,0
"273",2008-01-11,3,43,0.0697674418604651,3.3,13.9,5.5,1,0,0,0,2008,0
"274",2008-01-15,3,30,0.1,-4.4,1.7,-1.1,1,0,0,0,2008,0
"275",2008-01-16,0,23,0,-5,1.1,-2.4,1,0,0,0,2008,0
"276",2008-01-17,2,30,0.0666666666666667,-6.1,1.7,-2,1,0,0,0,2008,0
"277",2008-01-18,2,27,0.0740740740740741,0.6,8.3,4.3,1,0,0,0,2008,0
"278",2008-01-21,0,1,0,-9.4,-3.9,-6.7,1,0,0,0,2008,0
"279",2008-01-22,2,30,0.0666666666666667,-6.7,4.4,-1.1,1,0,0,0,2008,0
"280",2008-01-23,5,31,0.161290322580645,-1.7,2.8,0.8,1,0,0,0,2008,0
"281",2008-01-24,4,34,0.117647058823529,-5.6,0,-1.9,1,0,0,0,2008,0
"282",2008-01-25,2,25,0.08,-8.9,-0.6,-4.4,1,0,0,0,2008,0
"283",2008-01-28,5,42,0.119047619047619,-5,5,-0.7,1,0,0,0,2008,0
"284",2008-01-29,5,29,0.172413793103448,-2.8,4.4,1,1,0,0,0,2008,0
"285",2008-01-30,2,35,0.0571428571428571,0,10,5,1,0,0,0,2008,0
"286",2008-01-31,2,34,0.0588235294117647,-2.8,2.2,-0.5,1,0,0,0,2008,0
"287",2008-02-01,0,28,0,-3.3,12.2,1.8,2,0,0,0,2008,0
"288",2008-02-04,6,36,0.166666666666667,0,4.4,2.6,2,0,0,0,2008,0
"289",2008-02-05,1,28,0.0357142857142857,2.2,7.2,4.1,2,0,0,0,2008,0
"290",2008-02-06,6,54,0.111111111111111,2.2,7.8,4.8,2,0,0,0,2008,0
"291",2008-02-07,0,28,0,-1.7,2.8,0.2,2,0,0,0,2008,0
"292",2008-02-08,1,51,0.0196078431372549,-2.2,0,-1.5,2,0,0,0,2008,0
"293",2008-02-09,0,1,0,-5,2.8,0.1,2,0,0,0,2008,0
"294",2008-02-11,1,21,0.0476190476190476,-11.1,-3.3,-7.6,2,0,0,0,2008,0
"295",2008-02-12,0,39,0,-8.9,-1.1,-5.2,2,0,0,0,2008,0
"296",2008-02-13,2,33,0.0606060606060606,-3.9,4.4,1.8,2,0,0,0,2008,0
"297",2008-02-14,3,33,0.0909090909090909,-1.7,3.9,1.3,2,0,0,0,2008,0
"298",2008-02-15,3,37,0.0810810810810811,-2.8,8.3,2.8,2,0,0,0,2008,0
"299",2008-02-19,1,32,0.03125,-2.2,7.2,3.3,2,0,0,0,2008,0
"300",2008-02-20,4,39,0.102564102564103,-4.4,-0.6,-2.7,2,0,0,0,2008,0
"301",2008-02-21,1,25,0.04,-6.7,-0.6,-3.8,2,0,0,0,2008,0
"302",2008-02-22,5,39,0.128205128205128,-5,0,-2.6,2,0,0,0,2008,0
"303",2008-02-25,1,33,0.0303030303030303,-3.3,8.3,2.6,2,0,0,0,2008,0
"304",2008-02-26,1,25,0.04,-1.7,4.4,2.3,2,0,0,0,2008,0
"305",2008-02-27,2,34,0.0588235294117647,-3.9,4.4,2,2,0,0,0,2008,0
"306",2008-02-28,2,42,0.0476190476190476,-8.3,-2.2,-4.8,2,0,0,0,2008,0
"307",2008-02-29,1,28,0.0357142857142857,-11.7,-3.9,-7.3,2,0,0,0,2008,0
"308",2008-03-03,1,29,0.0344827586206897,-3.3,9.4,3.7,3,0,0,0,2008,0
"309",2008-03-04,3,33,0.0909090909090909,3.9,15.6,9.7,3,0,0,0,2008,0
"310",2008-03-05,2,32,0.0625,2.8,15.6,7.9,3,0,0,0,2008,0
"311",2008-03-06,1,36,0.0277777777777778,1.1,5.6,2.9,3,0,0,0,2008,0
"312",2008-03-07,5,40,0.125,-0.6,6.1,3.2,3,0,0,0,2008,0
"313",2008-03-10,2,33,0.0606060606060606,-3.9,3.9,-0.5,3,0,0,0,2008,0
"314",2008-03-11,1,53,0.0188679245283019,-3.3,6.1,1.2,3,0,0,0,2008,0
"315",2008-03-12,0,39,0,1.1,6.1,3.4,3,0,0,0,2008,0
"316",2008-03-13,3,37,0.0810810810810811,-1.7,3.3,0.8,3,0,0,0,2008,0
"317",2008-03-14,4,44,0.0909090909090909,0,10.6,4.4,3,0,0,0,2008,0
"318",2008-03-18,2,35,0.0571428571428571,-2.2,3.9,1.4,3,0,0,0,2008,0
"319",2008-03-19,2,44,0.0454545454545455,0.6,5,2.8,3,0,0,0,2008,0
"320",2008-03-20,5,37,0.135135135135135,2.2,7.2,5.4,3,0,0,0,2008,0
"321",2008-03-21,2,36,0.0555555555555556,-1.1,4.4,1.6,3,0,0,0,2008,0
"322",2008-03-22,0,2,0,-1.1,8.3,2.8,3,0,0,0,2008,0
"323",2008-03-24,2,30,0.0666666666666667,-2.2,6.7,2.1,3,0,0,0,2008,0
"324",2008-03-25,1,30,0.0333333333333333,-2.2,3.3,0.4,3,0,0,0,2008,0
"325",2008-03-26,0,27,0,3.3,14.4,8.5,3,0,0,0,2008,0
"326",2008-03-27,2,33,0.0606060606060606,2.8,12.8,8.1,3,0,0,0,2008,0
"327",2008-03-28,2,32,0.0625,1.7,6.1,3.3,3,0,0,0,2008,0
"328",2008-03-31,6,48,0.125,-1.7,11.7,4.1,3,0,0,0,2008,0
"329",2008-04-01,1,26,0.0384615384615385,11.1,17.8,14.9,4,0,0,0,2008,0
"330",2008-04-02,1,35,0.0285714285714286,2.2,12.8,7,4,0,0,0,2008,0
"331",2008-04-03,3,38,0.0789473684210526,0.6,11.7,5.7,4,0,0,0,2008,0
"332",2008-04-04,2,24,0.0833333333333333,2.8,6.7,5,4,0,0,0,2008,0
"333",2008-04-05,0,2,0,3.9,12.2,6.2,4,0,0,0,2008,0
"334",2008-04-07,2,40,0.05,2.2,6.1,4.3,4,0,0,0,2008,0
"335",2008-04-08,1,6,0.166666666666667,0.6,7.2,4.1,4,0,0,0,2008,0
"336",2008-04-09,1,38,0.0263157894736842,0.6,11.7,5.9,4,0,0,0,2008,0
"337",2008-04-10,3,35,0.0857142857142857,8.3,22.2,14.5,4,0,0,0,2008,0
"338",2008-04-11,3,35,0.0857142857142857,6.7,11.7,9.4,4,0,0,0,2008,0
"339",2008-04-14,2,37,0.0540540540540541,2.2,12.8,7,4,0,0,0,2008,0
"340",2008-04-15,3,20,0.15,2.8,11.7,7.6,4,0,0,0,2008,0
"341",2008-04-16,1,37,0.027027027027027,2.8,14.4,9.5,4,0,0,0,2008,0
"342",2008-04-17,4,31,0.129032258064516,4.4,13.3,9.1,4,0,0,0,2008,0
"343",2008-04-18,7,45,0.155555555555556,6.1,20,12.2,4,0,0,0,2008,0
"344",2008-04-22,5,39,0.128205128205128,6.7,19.4,12.2,4,0,0,0,2008,0
"345",2008-04-23,4,45,0.0888888888888889,10,28.9,19.5,4,0,0,0,2008,0
"346",2008-04-24,3,30,0.1,11.7,23.3,19.8,4,0,0,0,2008,0
"347",2008-04-25,4,44,0.0909090909090909,9.4,16.7,12.9,4,0,0,0,2008,0
"348",2008-04-28,0,26,0,6.7,14.4,9,4,0,0,0,2008,0
"349",2008-04-29,4,27,0.148148148148148,7.2,15.6,11.7,4,0,0,0,2008,0
"350",2008-04-30,1,36,0.0277777777777778,5.6,11.7,8.6,4,0,0,0,2008,0
"351",2008-05-01,2,44,0.0454545454545455,4.4,15.6,9.5,5,0,0,0,2008,0
"352",2008-05-02,4,42,0.0952380952380952,7.8,10,9.1,5,0,0,0,2008,0
"353",2008-05-05,4,26,0.153846153846154,6.7,14.4,10.6,5,0,0,0,2008,0
"354",2008-05-06,5,51,0.0980392156862745,7.8,18.9,13.8,5,0,0,0,2008,0
"355",2008-05-07,5,50,0.1,12.8,21.1,16.7,5,0,0,0,2008,0
"356",2008-05-08,0,42,0,13.9,25,18.6,5,0,0,0,2008,0
"357",2008-05-09,5,37,0.135135135135135,8.9,16.1,11.9,5,0,0,0,2008,0
"358",2008-05-12,4,37,0.108108108108108,8.3,10.6,9.4,5,0,0,0,2008,0
"359",2008-05-13,3,29,0.103448275862069,7.8,18.9,13.2,5,0,0,0,2008,0
"360",2008-05-14,2,43,0.0465116279069767,8.9,15.6,12.8,5,0,0,0,2008,0
"361",2008-05-15,3,45,0.0666666666666667,11.1,20.6,16.1,5,0,0,0,2008,0
"362",2008-05-16,5,48,0.104166666666667,8.9,15,12.7,5,0,0,0,2008,0
"363",2008-05-17,0,1,0,10,22.8,13.7,5,0,0,0,2008,0
"364",2008-05-18,0,1,0,12.8,21.7,16.3,5,0,0,0,2008,0
"365",2008-05-19,4,40,0.1,10,15.6,12.7,5,0,0,0,2008,0
"366",2008-05-20,4,42,0.0952380952380952,7.2,18.9,12.8,5,0,0,0,2008,0
"367",2008-05-21,2,44,0.0454545454545455,10,21.7,15,5,0,0,0,2008,0
"368",2008-05-22,1,45,0.0222222222222222,9.4,15.6,12,5,0,0,0,2008,0
"369",2008-05-23,3,41,0.0731707317073171,8.9,22.2,15.4,5,0,0,0,2008,0
"370",2008-05-27,4,56,0.0714285714285714,13.9,28.3,20.6,5,0,0,0,2008,0
"371",2008-05-28,3,38,0.0789473684210526,10.6,20,15.5,5,0,0,0,2008,0
"372",2008-05-29,0,39,0,11.1,25,18.5,5,0,0,0,2008,0
"373",2008-05-30,3,52,0.0576923076923077,14.4,18.9,16.3,5,0,0,0,2008,0
"374",2008-05-31,0,2,0,16.7,24.4,19,5,0,0,0,2008,0
"375",2008-06-02,2,34,0.0588235294117647,15,25.6,19.6,6,1,0,0,2008,0
"376",2008-06-03,4,49,0.0816326530612245,16.1,30,23.2,6,1,1,0,2008,0
"377",2008-06-04,5,41,0.121951219512195,11.7,21.1,15.9,6,1,0,0,2008,0
"378",2008-06-05,1,47,0.0212765957446809,11.1,15,13.4,6,1,0,0,2008,0
"379",2008-06-06,4,51,0.0784313725490196,11.1,16.1,13.4,6,1,0,0,2008,0
"380",2008-06-08,0,1,0,25,33.9,29.4,6,1,1,1,2008,0
"381",2008-06-09,0,24,0,18.9,35,25.6,6,1,1,1,2008,0
"382",2008-06-10,5,51,0.0980392156862745,17.2,35,24.5,6,1,1,1,2008,0
"383",2008-06-11,3,37,0.0810810810810811,18.9,30.6,25.9,6,1,1,1,2008,0
"384",2008-06-12,2,23,0.0869565217391304,19.4,27.2,23.7,6,1,0,0,2008,0
"385",2008-06-13,2,33,0.0606060606060606,15.6,25.6,21.1,6,1,0,0,2008,0
"386",2008-06-16,5,31,0.161290322580645,15.6,19.4,17.1,6,1,0,0,2008,0
"387",2008-06-18,5,46,0.108695652173913,14.4,23.3,18.8,6,1,0,0,2008,0
"388",2008-06-19,1,40,0.025,15,23.9,19.2,6,1,0,0,2008,0
"389",2008-06-20,3,36,0.0833333333333333,16.1,26.7,20.6,6,1,0,0,2008,0
"390",2008-06-23,4,24,0.166666666666667,18.3,22.8,20.6,6,1,0,0,2008,0
"391",2008-06-24,3,29,0.103448275862069,15,25.6,20.5,6,1,0,0,2008,0
"392",2008-06-25,5,25,0.2,17.2,28.3,22.6,6,1,0,0,2008,0
"393",2008-06-26,1,26,0.0384615384615385,18.3,27.8,22.6,6,1,0,0,2008,0
"394",2008-06-27,0,30,0,18.9,29.4,22.9,6,1,0,0,2008,0
"395",2008-06-30,2,33,0.0606060606060606,22.8,31.1,25.9,6,1,1,0,2008,0
"396",2008-07-01,3,32,0.09375,20,31.1,24.3,7,1,1,0,2008,0
"397",2008-07-02,2,30,0.0666666666666667,18.9,26.7,22.1,7,1,0,0,2008,0
"398",2008-07-03,0,17,0,18.3,31.1,24.4,7,1,1,0,2008,0
"399",2008-07-07,1,21,0.0476190476190476,20.6,30.6,24.9,7,1,1,1,2008,1
"400",2008-07-08,1,17,0.0588235294117647,22.8,32.2,26.9,7,1,1,1,2008,0
"401",2008-07-09,0,16,0,22.8,32.2,26.8,7,1,1,1,2008,0
"402",2008-07-10,5,35,0.142857142857143,21.7,28.9,25.4,7,1,0,0,2008,0
"403",2008-07-11,2,26,0.0769230769230769,18.9,25,22.1,7,1,0,0,2008,0
"404",2008-07-14,0,16,0,20.6,28.9,24.7,7,1,0,0,2008,0
"405",2008-07-15,1,25,0.04,18.9,31.1,25.7,7,1,1,0,2008,0
"406",2008-07-16,0,26,0,20.6,27.8,23.9,7,1,0,0,2008,0
"407",2008-07-17,6,27,0.222222222222222,20.6,29.4,24.6,7,1,0,0,2008,0
"408",2008-07-18,0,13,0,18.9,33.3,26.4,7,1,1,0,2008,0
"409",2008-07-21,0,23,0,20,28.9,23.4,7,1,0,0,2008,0
"410",2008-07-22,1,22,0.0454545454545455,18.9,22.8,20.5,7,1,0,0,2008,0
"411",2008-07-23,0,32,0,18.9,21.7,20.1,7,1,0,0,2008,0
"412",2008-07-24,2,23,0.0869565217391304,20,28.3,22.9,7,1,0,0,2008,0
"413",2008-07-25,1,24,0.0416666666666667,19.4,25,22.3,7,1,0,0,2008,0
"414",2008-07-26,0,1,0,19.4,29.4,24,7,1,0,0,2008,0
"415",2008-07-28,1,25,0.04,17.8,29.4,23.4,7,1,0,0,2008,0
"416",2008-07-29,2,29,0.0689655172413793,22.2,30,25.8,7,1,1,0,2008,0
"417",2008-07-30,4,29,0.137931034482759,20,26.7,23.2,7,1,0,0,2008,0
"418",2008-07-31,0,25,0,18.9,29.4,24,7,1,0,0,2008,0
"419",2008-08-01,0,25,0,20,26.7,22.4,8,1,0,0,2008,0
"420",2008-08-04,1,19,0.0526315789473684,18.9,28.3,23.5,8,1,0,0,2008,0
"421",2008-08-05,3,32,0.09375,18.9,21.7,20.5,8,1,0,0,2008,0
"422",2008-08-06,0,26,0,17.2,18.9,18.1,8,1,0,0,2008,0
"423",2008-08-07,0,13,0,17.2,21.7,18.8,8,1,0,0,2008,0
"424",2008-08-08,1,24,0.0416666666666667,17.2,23.3,19.4,8,1,0,0,2008,0
"425",2008-08-11,1,36,0.0277777777777778,17.8,20,18.7,8,1,0,0,2008,0
"426",2008-08-12,4,41,0.0975609756097561,16.1,23.9,18.8,8,1,0,0,2008,0
"427",2008-08-13,0,33,0,17.2,26.7,21.1,8,1,0,0,2008,0
"428",2008-08-14,1,30,0.0333333333333333,17.8,23.9,20.7,8,1,0,0,2008,0
"429",2008-08-15,2,36,0.0555555555555556,18.3,23.9,20.3,8,1,0,0,2008,0
"430",2008-08-18,1,28,0.0357142857142857,20.6,30.6,25.3,8,1,1,0,2008,0
"431",2008-08-19,0,31,0,15.6,26.1,22.2,8,1,0,0,2008,0
"432",2008-08-20,1,38,0.0263157894736842,13.3,23.9,18.5,8,1,0,0,2008,0
"433",2008-08-21,0,28,0,15,25.6,20.3,8,1,0,0,2008,0
"434",2008-08-22,2,27,0.0740740740740741,16.7,26.1,21.5,8,1,0,0,2008,0
"435",2008-08-23,0,3,0,16.7,25.6,21.1,8,1,0,0,2008,0
"436",2008-08-25,3,42,0.0714285714285714,16.7,28.9,23.2,8,1,0,0,2008,0
"437",2008-08-26,2,35,0.0571428571428571,15,23.9,19.2,8,1,0,0,2008,0
"438",2008-08-27,1,41,0.024390243902439,14.4,22.8,19.3,8,1,0,0,2008,0
"439",2008-08-28,1,41,0.024390243902439,17.2,23.3,20,8,1,0,0,2008,0
"440",2008-08-29,2,31,0.0645161290322581,16.7,23.9,20.2,8,1,0,0,2008,0
"441",2008-09-02,3,53,0.0566037735849057,17.8,24.4,20.7,9,0,0,0,2008,0
"442",2008-09-03,0,32,0,16.1,23.9,19.5,9,0,0,0,2008,0
"443",2008-09-04,0,37,0,18.3,31.1,24.6,9,0,1,0,2008,0
"444",2008-09-05,2,31,0.0645161290322581,20.6,31.7,25,9,0,1,0,2008,0
"445",2008-09-08,1,35,0.0285714285714286,17.2,26.1,21.6,9,0,0,0,2008,0
"446",2008-09-09,2,45,0.0444444444444444,17.8,25,20.2,9,0,0,0,2008,0
"447",2008-09-10,4,40,0.1,13.9,21.1,17.9,9,0,0,0,2008,0
"448",2008-09-11,1,45,0.0222222222222222,11.7,20,15.9,9,0,0,0,2008,0
"449",2008-09-12,1,44,0.0227272727272727,13.9,20,16.8,9,0,0,0,2008,0
"450",2008-09-15,4,25,0.16,17.8,27.8,24.4,9,0,0,0,2008,0
"451",2008-09-16,0,27,0,14.4,18.3,16.4,9,0,0,0,2008,0
"452",2008-09-17,1,43,0.0232558139534884,13.3,19.4,16.6,9,0,0,0,2008,0
"453",2008-09-18,2,39,0.0512820512820513,11.7,20,15.9,9,0,0,0,2008,0
"454",2008-09-19,2,38,0.0526315789473684,8.9,14.4,12.2,9,0,0,0,2008,0
"455",2008-09-22,0,36,0,11.1,16.1,14.8,9,0,0,0,2008,0
"456",2008-09-23,2,36,0.0555555555555556,10,16.7,13.1,9,0,0,0,2008,0
"457",2008-09-24,3,23,0.130434782608696,10,17.2,13.5,9,0,0,0,2008,0
"458",2008-09-25,0,40,0,10.6,18.3,14.5,9,0,0,0,2008,0
"459",2008-09-26,4,41,0.0975609756097561,15.6,17.2,16.3,9,0,0,0,2008,0
"460",2008-09-27,0,1,0,16.1,20,17.6,9,0,0,0,2008,0
"461",2008-09-29,4,52,0.0769230769230769,17.2,20.6,18.9,9,0,0,0,2008,0
"462",2008-09-30,3,38,0.0789473684210526,15,17.8,16.3,9,0,0,0,2008,0
"463",2008-10-01,4,28,0.142857142857143,15.6,20,16.8,10,0,0,0,2008,0
"464",2008-10-02,2,28,0.0714285714285714,9.4,17.8,15.3,10,0,0,0,2008,0
"465",2008-10-03,1,38,0.0263157894736842,8.9,17.8,12.5,10,0,0,0,2008,0
"466",2008-10-06,3,33,0.0909090909090909,7.2,15.6,11.1,10,0,0,0,2008,0
"467",2008-10-07,0,44,0,6.7,18.9,12.2,10,0,0,0,2008,0
"468",2008-10-08,4,42,0.0952380952380952,7.8,21.7,14.2,10,0,0,0,2008,0
"469",2008-10-09,3,36,0.0833333333333333,14.4,23.3,18.3,10,0,0,0,2008,0
"470",2008-10-10,0,39,0,13.9,21.7,17.9,10,0,0,0,2008,0
"471",2008-10-14,10,56,0.178571428571429,11.7,19.4,15.1,10,0,0,0,2008,0
"472",2008-10-15,2,38,0.0526315789473684,11.7,17.2,14.4,10,0,0,0,2008,0
"473",2008-10-16,0,34,0,12.8,21.1,16.4,10,0,0,0,2008,0
"474",2008-10-17,4,41,0.0975609756097561,7.8,15.6,12,10,0,0,0,2008,0
"475",2008-10-20,4,41,0.0975609756097561,2.8,13.3,8,10,0,0,0,2008,0
"476",2008-10-21,3,49,0.0612244897959184,6.7,15,11.1,10,0,0,0,2008,0
"477",2008-10-22,2,60,0.0333333333333333,5,8.9,7.2,10,0,0,0,2008,0
"478",2008-10-23,3,60,0.05,1.7,8.9,5.2,10,0,0,0,2008,0
"479",2008-10-24,3,51,0.0588235294117647,1.7,17.2,9,10,0,0,0,2008,0
"480",2008-10-27,2,42,0.0476190476190476,7.8,16.1,11.5,10,0,0,0,2008,0
"481",2008-10-28,6,63,0.0952380952380952,4.4,12.2,9.9,10,0,0,0,2008,0
"482",2008-10-29,7,62,0.112903225806452,2.2,7.8,5.5,10,0,0,0,2008,0
"483",2008-10-30,5,45,0.111111111111111,1.1,7.8,4.4,10,0,0,0,2008,0
"484",2008-10-31,3,48,0.0625,0.6,17.2,8.9,10,0,0,0,2008,0
"485",2008-11-01,0,4,0,4.4,16.1,10.7,11,0,0,0,2008,0
"486",2008-11-03,1,51,0.0196078431372549,0,11.1,6.3,11,0,0,0,2008,0
"487",2008-11-04,1,50,0.02,7.2,18.9,12.1,11,0,0,0,2008,0
"488",2008-11-05,4,50,0.08,9.4,15,12.5,11,0,0,0,2008,0
"489",2008-11-06,2,45,0.0444444444444444,12.2,14.4,13.1,11,0,0,0,2008,0
"490",2008-11-07,4,48,0.0833333333333333,12.2,15,13.1,11,0,0,0,2008,0
"491",2008-11-10,5,37,0.135135135135135,4.4,11.7,8.4,11,0,0,0,2008,0
"492",2008-11-11,0,1,0,2.8,10,6.2,11,0,0,0,2008,0
"493",2008-11-12,3,58,0.0517241379310345,3.9,8.9,6.5,11,0,0,0,2008,0
"494",2008-11-13,6,48,0.125,3.3,10,6.8,11,0,0,0,2008,0
"495",2008-11-14,6,31,0.193548387096774,9.4,15,12.4,11,0,0,0,2008,0
"496",2008-11-17,4,36,0.111111111111111,2.2,8.9,5.4,11,0,0,0,2008,0
"497",2008-11-18,2,46,0.0434782608695652,-2.8,4.4,1.3,11,0,0,0,2008,0
"498",2008-11-19,1,40,0.025,-5,0.6,-2.3,11,0,0,0,2008,0
"499",2008-11-20,5,62,0.0806451612903226,-5.6,1.7,-2.1,11,0,0,0,2008,0
"500",2008-11-21,2,49,0.0408163265306122,-5,1.7,-1.6,11,0,0,0,2008,0
"501",2008-11-24,2,32,0.0625,-2.2,6.7,2,11,0,0,0,2008,0
"502",2008-11-25,0,25,0,3.9,10.6,8.2,11,0,0,0,2008,0
"503",2008-11-26,2,44,0.0454545454545455,0.6,7.2,3.7,11,0,0,0,2008,0
"504",2008-11-27,0,1,0,1.1,7.2,4,11,0,0,0,2008,0
"505",2008-11-28,1,16,0.0625,0,7.8,3.9,11,0,0,0,2008,0
"506",2008-12-01,5,42,0.119047619047619,6.7,15.6,9.5,12,0,0,0,2008,0
"507",2008-12-02,3,31,0.0967741935483871,3.3,8.9,6.5,12,0,0,0,2008,0
"508",2008-12-03,5,49,0.102040816326531,1.1,7.8,3.8,12,0,0,0,2008,0
"509",2008-12-04,3,46,0.0652173913043478,1.7,12.8,7.3,12,0,0,0,2008,0
"510",2008-12-05,0,46,0,-0.6,5.6,2.8,12,0,0,0,2008,0
"511",2008-12-06,0,3,0,-2.8,2.8,0.5,12,0,0,0,2008,0
"512",2008-12-08,2,42,0.0476190476190476,-10,-3.9,-6.9,12,0,0,0,2008,0
"513",2008-12-09,2,52,0.0384615384615385,-8.3,13.3,1.9,12,0,0,0,2008,0
"514",2008-12-10,3,41,0.0731707317073171,4.4,17.2,13.6,12,0,0,0,2008,0
"515",2008-12-11,1,31,0.032258064516129,2.2,4.4,3.1,12,0,0,0,2008,0
"516",2008-12-12,0,35,0,0,8.9,3.4,12,0,0,0,2008,0
"517",2008-12-13,0,2,0,-5,0,-2.6,12,0,0,0,2008,0
"518",2008-12-15,0,52,0,6.1,17.2,13,12,0,0,0,2008,0
"519",2008-12-16,2,49,0.0408163265306122,-1.7,16.1,4.7,12,0,0,0,2008,0
"520",2008-12-17,2,53,0.0377358490566038,-2.2,5.6,0.7,12,0,0,0,2008,0
"521",2008-12-18,1,34,0.0294117647058824,0,4.4,2,12,0,0,0,2008,0
"522",2008-12-22,5,45,0.111111111111111,-8.3,-2.8,-6,12,0,0,0,2008,0
"523",2008-12-23,3,34,0.0882352941176471,-9.4,-2.2,-5.8,12,0,0,0,2008,0
"524",2008-12-24,1,12,0.0833333333333333,-2.8,11.1,3.5,12,0,0,0,2008,0
"525",2008-12-26,0,16,0,-3.9,2.2,-0.2,12,0,0,0,2008,0
"526",2008-12-29,1,28,0.0357142857142857,0.6,6.7,4.3,12,0,0,0,2008,0
"527",2008-12-30,2,33,0.0606060606060606,-2.2,4.4,2,12,0,0,0,2008,0
"528",2008-12-31,0,33,0,-12.8,-2.2,-5.7,12,0,0,0,2008,0
"529",2009-01-01,0,1,0,-14.4,-7.2,-10.9,1,0,0,0,2009,0
"530",2009-01-02,1,37,0.027027027027027,-10,1.1,-4.5,1,0,0,0,2009,0
"531",2009-01-03,0,2,0,-4.4,1.1,-1,1,0,0,0,2009,0
"532",2009-01-04,0,2,0,-5.6,3.3,-1.7,1,0,0,0,2009,0
"533",2009-01-05,3,41,0.0731707317073171,-2.8,3.9,1.5,1,0,0,0,2009,0
"534",2009-01-06,1,43,0.0232558139534884,-3.3,1.7,-0.7,1,0,0,0,2009,0
"535",2009-01-07,2,44,0.0454545454545455,-2.2,3.9,0.8,1,0,0,0,2009,0
"536",2009-01-08,1,37,0.027027027027027,-3.9,4.4,1.3,1,0,0,0,2009,0
"537",2009-01-09,4,46,0.0869565217391304,-6.1,-2.2,-4.4,1,0,0,0,2009,0
"538",2009-01-10,0,1,0,-8.3,-3.3,-5.5,1,0,0,0,2009,0
"539",2009-01-12,3,50,0.06,-7.2,-1.7,-3.7,1,0,0,0,2009,0
"540",2009-01-13,2,53,0.0377358490566038,-7.2,2.2,-2.3,1,0,0,0,2009,0
"541",2009-01-14,2,51,0.0392156862745098,-10,2.8,-5.3,1,0,0,0,2009,0
"542",2009-01-15,3,47,0.0638297872340425,-12.2,-8.3,-10.2,1,0,0,0,2009,0
"543",2009-01-16,3,48,0.0625,-14.4,-7.8,-10.8,1,0,0,0,2009,0
"544",2009-01-17,0,1,0,-13.3,-7.2,-10,1,0,0,0,2009,0
"545",2009-01-19,0,4,0,-5.6,0.6,-2.5,1,0,0,0,2009,0
"546",2009-01-20,4,50,0.08,-6.1,0,-2.5,1,0,0,0,2009,0
"547",2009-01-21,4,37,0.108108108108108,-9.4,-3.9,-6.2,1,0,0,0,2009,0
"548",2009-01-22,4,35,0.114285714285714,-8.3,0.6,-3.3,1,0,0,0,2009,0
"549",2009-01-23,4,42,0.0952380952380952,-3.9,3.9,0.2,1,0,0,0,2009,0
"550",2009-01-24,0,2,0,-9.4,4.4,-0.3,1,0,0,0,2009,0
"551",2009-01-26,4,36,0.111111111111111,-9.4,-4.4,-6.7,1,0,0,0,2009,0
"552",2009-01-27,0,37,0,-6.7,-2.2,-4.7,1,0,0,0,2009,0
"553",2009-01-28,2,43,0.0465116279069767,-5,2.8,-1,1,0,0,0,2009,0
"554",2009-01-29,3,46,0.0652173913043478,-3.3,2.2,-0.6,1,0,0,0,2009,0
"555",2009-01-30,1,37,0.027027027027027,-7.2,2.2,-2.1,1,0,0,0,2009,0
"556",2009-02-02,3,38,0.0789473684210526,-1.1,8.9,3.3,2,0,0,0,2009,0
"557",2009-02-03,1,44,0.0227272727272727,-4.4,1.7,-1.4,2,0,0,0,2009,0
"558",2009-02-04,7,40,0.175,-10.6,-3.3,-6.1,2,0,0,0,2009,0
"559",2009-02-05,4,37,0.108108108108108,-13.3,-6.7,-10.3,2,0,0,0,2009,0
"560",2009-02-06,4,37,0.108108108108108,-11.7,-2.8,-7,2,0,0,0,2009,0
"561",2009-02-07,0,1,0,-8.9,5.6,-0.6,2,0,0,0,2009,0
"562",2009-02-09,4,39,0.102564102564103,-3.9,3.9,-0.1,2,0,0,0,2009,0
"563",2009-02-10,2,24,0.0833333333333333,-3.9,2.8,0.1,2,0,0,0,2009,0
"564",2009-02-11,0,36,0,0.6,14.4,6.6,2,0,0,0,2009,0
"565",2009-02-12,3,37,0.0810810810810811,3.9,11.7,7.8,2,0,0,0,2009,0
"566",2009-02-13,2,43,0.0465116279069767,-1.7,5.6,1.2,2,0,0,0,2009,0
"567",2009-02-14,1,1,1,-3.9,5.6,0.4,2,0,0,0,2009,0
"568",2009-02-17,3,46,0.0652173913043478,-4.4,2.8,-1.4,2,0,0,0,2009,0
"569",2009-02-18,1,41,0.024390243902439,-4.4,5.6,0.3,2,0,0,0,2009,0
"570",2009-02-19,7,38,0.184210526315789,-2.2,8.9,4.4,2,0,0,0,2009,0
"571",2009-02-20,4,35,0.114285714285714,-5,-1.1,-2.8,2,0,0,0,2009,0
"572",2009-02-23,1,34,0.0294117647058824,-5,1.1,-1.1,2,0,0,0,2009,0
"573",2009-02-24,4,41,0.0975609756097561,-6.7,2.8,-2.5,2,0,0,0,2009,0
"574",2009-02-25,5,47,0.106382978723404,-5.6,2.2,-2.1,2,0,0,0,2009,0
"575",2009-02-26,3,40,0.075,-2.2,8.9,2.7,2,0,0,0,2009,0
"576",2009-02-27,3,39,0.0769230769230769,1.1,15.6,8.5,2,0,0,0,2009,0
"577",2009-03-02,1,29,0.0344827586206897,-7.2,-3.9,-5,3,0,0,0,2009,0
"578",2009-03-03,2,36,0.0555555555555556,-9.4,-3.3,-6.6,3,0,0,0,2009,0
"579",2009-03-04,1,44,0.0227272727272727,-10,0,-5.1,3,0,0,0,2009,0
"580",2009-03-05,6,41,0.146341463414634,-6.1,3.9,-1,3,0,0,0,2009,0
"581",2009-03-06,5,43,0.116279069767442,0.6,10,5.6,3,0,0,0,2009,0
"582",2009-03-07,0,1,0,6.1,16.1,10.6,3,0,0,0,2009,0
"583",2009-03-09,2,39,0.0512820512820513,0,5,1.8,3,0,0,0,2009,0
"584",2009-03-10,4,39,0.102564102564103,-0.6,5,2.3,3,0,0,0,2009,0
"585",2009-03-11,4,42,0.0952380952380952,2.2,11.7,6.8,3,0,0,0,2009,0
"586",2009-03-12,4,48,0.0833333333333333,-1.7,5.6,2.2,3,0,0,0,2009,0
"587",2009-03-13,3,54,0.0555555555555556,-5,0.6,-2.1,3,0,0,0,2009,0
"588",2009-03-16,2,26,0.0769230769230769,0,3.9,2.4,3,0,0,0,2009,0
"589",2009-03-18,2,37,0.0540540540540541,1.1,16.1,8.1,3,0,0,0,2009,0
"590",2009-03-19,1,54,0.0185185185185185,4.4,9.4,7.1,3,0,0,0,2009,0
"591",2009-03-20,7,57,0.12280701754386,-1.1,4.4,1.6,3,0,0,0,2009,0
"592",2009-03-21,0,1,0,-2.8,3.9,1,3,0,0,0,2009,0
"593",2009-03-23,3,43,0.0697674418604651,-5,1.1,-1.6,3,0,0,0,2009,0
"594",2009-03-24,2,29,0.0689655172413793,-5,7.8,1.3,3,0,0,0,2009,0
"595",2009-03-25,8,47,0.170212765957447,0.6,7.8,3.9,3,0,0,0,2009,0
"596",2009-03-26,5,43,0.116279069767442,-0.6,11.7,4.8,3,0,0,0,2009,0
"597",2009-03-27,4,43,0.0930232558139535,3.3,9.4,5.4,3,0,0,0,2009,0
"598",2009-03-30,1,42,0.0238095238095238,5,7.8,6.6,3,0,0,0,2009,0
"599",2009-03-31,5,38,0.131578947368421,2.8,9.4,5.5,3,0,0,0,2009,0
"600",2009-04-01,3,20,0.15,2.8,7.2,4.5,4,0,0,0,2009,0
"601",2009-04-02,6,46,0.130434782608696,4.4,10.6,7,4,0,0,0,2009,0
"602",2009-04-03,1,35,0.0285714285714286,5,13.3,8,4,0,0,0,2009,0
"603",2009-04-06,7,54,0.12962962962963,3.9,10.6,6.6,4,0,0,0,2009,0
"604",2009-04-07,5,79,0.0632911392405063,2.8,11.7,7.2,4,0,0,0,2009,0
"605",2009-04-08,1,34,0.0294117647058824,1.7,8.3,4.8,4,0,0,0,2009,0
"606",2009-04-09,6,43,0.13953488372093,2.8,16.1,9.6,4,0,0,0,2009,0
"607",2009-04-10,5,42,0.119047619047619,4.4,18.9,11.7,4,0,0,0,2009,0
"608",2009-04-13,2,38,0.0526315789473684,1.1,12.2,6.3,4,0,0,0,2009,0
"609",2009-04-14,2,34,0.0588235294117647,3.9,11.1,7.8,4,0,0,0,2009,0
"610",2009-04-15,3,50,0.06,3.3,10,6.2,4,0,0,0,2009,0
"611",2009-04-16,3,50,0.06,1.7,9.4,6,4,0,0,0,2009,0
"612",2009-04-17,4,44,0.0909090909090909,5,21.1,13.2,4,0,0,0,2009,0
"613",2009-04-18,0,1,0,7.8,18.3,12.3,4,0,0,0,2009,0
"614",2009-04-21,5,58,0.0862068965517241,6.1,14.4,10.2,4,0,0,0,2009,0
"615",2009-04-22,4,39,0.102564102564103,8.3,16.7,12.3,4,0,0,0,2009,0
"616",2009-04-23,2,42,0.0476190476190476,7.2,13.9,10.5,4,0,0,0,2009,0
"617",2009-04-24,2,39,0.0512820512820513,7.8,21.1,12.7,4,0,0,0,2009,0
"618",2009-04-26,0,1,0,11.1,30.6,21.9,4,0,1,0,2009,0
"619",2009-04-27,2,30,0.0666666666666667,10,17.8,12.3,4,0,0,0,2009,0
"620",2009-04-28,3,36,0.0833333333333333,15,33.9,24.1,4,0,1,0,2009,0
"621",2009-04-29,2,42,0.0476190476190476,8.9,15,12.1,4,0,0,0,2009,0
"622",2009-04-30,6,43,0.13953488372093,7.8,21.1,13.1,4,0,0,0,2009,0
"623",2009-05-01,2,42,0.0476190476190476,12.8,20,16.9,5,0,0,0,2009,0
"624",2009-05-02,1,1,1,14.4,21.1,17.4,5,0,0,0,2009,0
"625",2009-05-04,4,44,0.0909090909090909,11.1,17.8,13.8,5,0,0,0,2009,0
"626",2009-05-05,1,39,0.0256410256410256,8.3,12.2,10.1,5,0,0,0,2009,0
"627",2009-05-06,4,33,0.121212121212121,7.2,16.1,10.7,5,0,0,0,2009,0
"628",2009-05-07,1,40,0.025,8.9,21.7,14.1,5,0,0,0,2009,0
"629",2009-05-08,2,28,0.0714285714285714,13.3,24.4,18.5,5,0,0,0,2009,0
"630",2009-05-11,1,38,0.0263157894736842,8.3,15,11.6,5,0,0,0,2009,0
"631",2009-05-12,1,36,0.0277777777777778,8.3,15,11.8,5,0,0,0,2009,0
"632",2009-05-13,5,32,0.15625,9.4,20.6,14.5,5,0,0,0,2009,0
"633",2009-05-14,4,38,0.105263157894737,9.4,17.8,13.8,5,0,0,0,2009,0
"634",2009-05-15,7,40,0.175,13.9,21.1,17,5,0,0,0,2009,0
"635",2009-05-18,1,41,0.024390243902439,7.8,11.7,9.8,5,0,0,0,2009,0
"636",2009-05-19,0,33,0,7.8,18.3,12.7,5,0,0,0,2009,0
"637",2009-05-20,5,45,0.111111111111111,11.1,26.7,18.9,5,0,0,0,2009,0
"638",2009-05-21,2,35,0.0571428571428571,15,33.3,24.4,5,0,1,0,2009,0
"639",2009-05-22,2,30,0.0666666666666667,15,31.7,24.1,5,0,1,0,2009,0
"640",2009-05-26,4,39,0.102564102564103,9.4,12.8,11.4,5,0,0,0,2009,0
"641",2009-05-27,4,33,0.121212121212121,7.8,11.1,9.9,5,0,0,0,2009,0
"642",2009-05-28,2,37,0.0540540540540541,8.9,10.6,9.8,5,0,0,0,2009,0
"643",2009-05-29,2,48,0.0416666666666667,10,15,11.9,5,0,0,0,2009,0
"644",2009-06-01,3,45,0.0666666666666667,8.9,21.7,15.1,6,1,0,0,2009,0
"645",2009-06-02,4,49,0.0816326530612245,13.3,26.1,19.3,6,1,0,0,2009,0
"646",2009-06-03,1,37,0.027027027027027,14.4,21.7,17.6,6,1,0,0,2009,0
"647",2009-06-04,2,60,0.0333333333333333,14.4,21.7,17.2,6,1,0,0,2009,0
"648",2009-06-05,4,35,0.114285714285714,12.2,17.8,14.7,6,1,0,0,2009,0
"649",2009-06-06,0,1,0,12.2,20,15,6,1,0,0,2009,0
"650",2009-06-08,4,42,0.0952380952380952,16.1,19.4,17.6,6,1,0,0,2009,0
"651",2009-06-09,2,40,0.05,11.7,16.7,14.1,6,1,0,0,2009,0
"652",2009-06-10,1,43,0.0232558139534884,12.2,15.6,13.4,6,1,0,0,2009,0
"653",2009-06-11,1,56,0.0178571428571429,12.8,14.4,13.2,6,1,0,0,2009,0
"654",2009-06-12,2,52,0.0384615384615385,12.2,23.3,17,6,1,0,0,2009,0
"655",2009-06-15,1,37,0.027027027027027,13.3,16.7,14.4,6,1,0,0,2009,0
"656",2009-06-16,3,32,0.09375,12.2,16.7,14.1,6,1,0,0,2009,0
"657",2009-06-17,0,2,0,11.7,23.9,17.5,6,1,0,0,2009,0
"658",2009-06-18,2,32,0.0625,13.3,20,16.2,6,1,0,0,2009,0
"659",2009-06-19,2,27,0.0740740740740741,16.7,22.2,18.5,6,1,0,0,2009,0
"660",2009-06-22,3,36,0.0833333333333333,16.1,17.8,16.8,6,1,0,0,2009,0
"661",2009-06-23,3,49,0.0612244897959184,14.4,19.4,17.7,6,1,0,0,2009,0
"662",2009-06-24,5,37,0.135135135135135,13.3,17.8,15.3,6,1,0,0,2009,0
"663",2009-06-25,0,33,0,15.6,23.3,19.1,6,1,0,0,2009,0
"664",2009-06-26,1,35,0.0285714285714286,18.9,28.9,23.2,6,1,0,0,2009,0
"665",2009-06-27,0,6,0,15,25,18.9,6,1,0,0,2009,0
"666",2009-06-29,0,37,0,16.1,23.9,19.3,6,1,0,0,2009,0
"667",2009-06-30,1,36,0.0277777777777778,15,18.3,16.3,6,1,0,0,2009,0
"668",2009-07-01,4,39,0.102564102564103,14.4,17.2,15.6,7,1,0,0,2009,0
"669",2009-07-02,1,40,0.025,14.4,18.3,15.8,7,1,0,0,2009,0
"670",2009-07-06,7,35,0.2,16.1,23.9,20.5,7,1,0,0,2009,0
"671",2009-07-07,3,21,0.142857142857143,16.1,18.9,17.5,7,1,0,0,2009,0
"672",2009-07-08,2,25,0.08,15,18.9,16.6,7,1,0,0,2009,0
"673",2009-07-09,2,27,0.0740740740740741,14.4,18.3,16.3,7,1,0,0,2009,0
"674",2009-07-10,2,31,0.0645161290322581,14.4,22.8,19,7,1,0,0,2009,0
"675",2009-07-13,1,26,0.0384615384615385,16.7,25.6,21.3,7,1,0,0,2009,0
"676",2009-07-14,2,27,0.0740740740740741,15.6,24.4,20.6,7,1,0,0,2009,0
"677",2009-07-15,2,21,0.0952380952380952,16.7,27.8,22.4,7,1,0,0,2009,0
"678",2009-07-16,2,22,0.0909090909090909,18.3,27.2,22.5,7,1,0,0,2009,0
"679",2009-07-17,2,23,0.0869565217391304,20,29.4,23.8,7,1,0,0,2009,0
"680",2009-07-20,0,27,0,17.8,24.4,21.7,7,1,0,0,2009,0
"681",2009-07-21,1,21,0.0476190476190476,17.2,19.4,18.5,7,1,0,0,2009,0
"682",2009-07-22,4,31,0.129032258064516,17.2,25.6,19.7,7,1,0,0,2009,0
"683",2009-07-23,2,38,0.0526315789473684,16.7,22.2,18.7,7,1,0,0,2009,0
"684",2009-07-24,2,34,0.0588235294117647,16.7,22.8,18.4,7,1,0,0,2009,0
"685",2009-07-27,2,47,0.0425531914893617,22.2,30.6,25.6,7,1,1,1,2009,0
"686",2009-07-28,0,30,0,21.1,30,25.1,7,1,1,1,2009,0
"687",2009-07-29,2,22,0.0909090909090909,21.7,28.3,24.8,7,1,0,0,2009,0
"688",2009-07-30,0,27,0,22.8,30,25.5,7,1,1,0,2009,0
"689",2009-07-31,1,41,0.024390243902439,19.4,27.2,23.1,7,1,0,0,2009,0
"690",2009-08-03,3,48,0.0625,20,27.8,23.9,8,1,0,0,2009,0
"691",2009-08-04,2,40,0.05,20,28.3,24,8,1,0,0,2009,0
"692",2009-08-05,1,34,0.0294117647058824,22.2,31.7,26.4,8,1,1,0,2009,0
"693",2009-08-06,1,40,0.025,18.9,25,22.2,8,1,0,0,2009,0
"694",2009-08-07,1,32,0.03125,18.3,27.8,23,8,1,0,0,2009,0
"695",2009-08-08,0,2,0,16.7,23.3,19.7,8,1,0,0,2009,0
"696",2009-08-10,5,50,0.1,20.6,31.7,26.2,8,1,1,0,2009,0
"697",2009-08-11,2,29,0.0689655172413793,18.9,29.4,23.6,8,1,0,0,2009,0
"698",2009-08-12,1,36,0.0277777777777778,18.9,21.1,19.6,8,1,0,0,2009,0
"699",2009-08-13,2,61,0.0327868852459016,17.2,21.1,19.3,8,1,0,0,2009,0
"700",2009-08-14,2,39,0.0512820512820513,15.6,26.7,21,8,1,0,0,2009,0
"701",2009-08-17,4,36,0.111111111111111,22.2,34.4,27.9,8,1,1,1,2009,0
"702",2009-08-18,0,27,0,22.2,35,28.5,8,1,1,1,2009,0
"703",2009-08-19,1,37,0.027027027027027,23.3,32.8,27.8,8,1,1,1,2009,0
"704",2009-08-20,0,24,0,21.7,26.7,24,8,1,0,0,2009,0
"705",2009-08-21,1,38,0.0263157894736842,22.2,32.2,26.7,8,1,1,1,2009,1
"706",2009-08-24,2,41,0.048780487804878,20,25.6,22.5,8,1,0,0,2009,0
"707",2009-08-25,1,35,0.0285714285714286,20,25,22.3,8,1,0,0,2009,0
"708",2009-08-26,4,31,0.129032258064516,20.6,30,25.2,8,1,1,0,2009,0
"709",2009-08-27,0,40,0,16.1,23.3,19.3,8,1,0,0,2009,0
"710",2009-08-28,3,41,0.0731707317073171,15,21.1,18.5,8,1,0,0,2009,0
"711",2009-08-31,2,23,0.0869565217391304,15.6,21.7,19.3,8,1,0,0,2009,0
"712",2009-09-01,3,30,0.1,12.8,20.6,17,9,0,0,0,2009,0
"713",2009-09-02,1,30,0.0333333333333333,13.9,22.8,18.2,9,0,0,0,2009,0
"714",2009-09-03,1,26,0.0384615384615385,14.4,23.9,19.2,9,0,0,0,2009,0
"715",2009-09-04,2,32,0.0625,15,23.3,19.4,9,0,0,0,2009,0
"716",2009-09-05,0,1,0,17.8,24.4,21.2,9,0,0,0,2009,0
"717",2009-09-07,0,1,0,12.2,19.4,16.1,9,0,0,0,2009,0
"718",2009-09-08,1,38,0.0263157894736842,15.6,22.8,18.7,9,0,0,0,2009,0
"719",2009-09-09,3,30,0.1,13.9,21.1,18.3,9,0,0,0,2009,0
"720",2009-09-10,0,30,0,12.8,18.9,16.1,9,0,0,0,2009,0
"721",2009-09-11,0,55,0,13.3,17.8,16.2,9,0,0,0,2009,0
"722",2009-09-14,1,16,0.0625,15.6,24.4,19.9,9,0,0,0,2009,0
"723",2009-09-15,0,16,0,16.1,25,19.7,9,0,0,0,2009,0
"724",2009-09-16,2,22,0.0909090909090909,13.9,17.2,15.6,9,0,0,0,2009,0
"725",2009-09-17,0,22,0,11.7,16.1,14.1,9,0,0,0,2009,0
"726",2009-09-18,1,26,0.0384615384615385,10.6,23.3,16.8,9,0,0,0,2009,0
"727",2009-09-19,0,1,0,10,19.4,14.8,9,0,0,0,2009,0
"728",2009-09-21,0,25,0,10.6,21.1,16.2,9,0,0,0,2009,0
"729",2009-09-22,1,28,0.0357142857142857,13.3,24.4,18.9,9,0,0,0,2009,0
"730",2009-09-23,3,19,0.157894736842105,18.3,27.2,22.2,9,0,0,0,2009,0
"731",2009-09-24,0,36,0,15.6,26.7,22.3,9,0,0,0,2009,0
"732",2009-09-25,2,26,0.0769230769230769,10.6,18.9,15.2,9,0,0,0,2009,0
"733",2009-09-28,1,31,0.032258064516129,14.4,23.9,19.3,9,0,0,0,2009,0
"734",2009-09-29,0,42,0,13.9,20.6,16.5,9,0,0,0,2009,0
"735",2009-09-30,1,25,0.04,8.9,16.1,13.2,9,0,0,0,2009,0
"736",2009-10-01,0,53,0,7.2,13.9,10.3,10,0,0,0,2009,0
"737",2009-10-02,2,17,0.117647058823529,7.2,16.1,11.9,10,0,0,0,2009,0
"738",2009-10-05,1,25,0.04,12.2,19.4,15.4,10,0,0,0,2009,0
"739",2009-10-06,0,31,0,10,19.4,14.4,10,0,0,0,2009,0
"740",2009-10-07,1,32,0.03125,12.2,20.6,15.1,10,0,0,0,2009,0
"741",2009-10-08,1,33,0.0303030303030303,10,17.2,14.1,10,0,0,0,2009,0
"742",2009-10-09,2,48,0.0416666666666667,10,16.1,13.1,10,0,0,0,2009,0
"743",2009-10-10,1,1,1,8.3,18.3,15.2,10,0,0,0,2009,0
"744",2009-10-13,0,41,0,4.4,11.7,8.6,10,0,0,0,2009,0
"745",2009-10-14,0,33,0,3.3,11.1,6.5,10,0,0,0,2009,0
"746",2009-10-15,2,25,0.08,2.2,6.1,4.5,10,0,0,0,2009,0
"747",2009-10-16,1,28,0.0357142857142857,2.2,7.2,5.4,10,0,0,0,2009,0
"748",2009-10-17,0,2,0,2.2,9.4,6.5,10,0,0,0,2009,0
"749",2009-10-19,0,19,0,2.8,12.2,6.6,10,0,0,0,2009,0
"750",2009-10-20,0,39,0,2.8,18.3,11,10,0,0,0,2009,0
"751",2009-10-21,4,39,0.102564102564103,11.1,20,13.8,10,0,0,0,2009,0
"752",2009-10-22,0,26,0,9.4,19.4,13.2,10,0,0,0,2009,0
"753",2009-10-23,2,47,0.0425531914893617,4.4,13.9,7.8,10,0,0,0,2009,0
"754",2009-10-26,2,42,0.0476190476190476,7.2,13.9,10.1,10,0,0,0,2009,0
"755",2009-10-27,1,37,0.027027027027027,6.1,11.1,9.4,10,0,0,0,2009,0
"756",2009-10-28,3,41,0.0731707317073171,8.3,10.6,10,10,0,0,0,2009,0
"757",2009-10-29,1,36,0.0277777777777778,5.6,9.4,7.7,10,0,0,0,2009,0
"758",2009-10-30,0,44,0,7.8,12.8,9.6,10,0,0,0,2009,0
"759",2009-10-31,0,1,0,7.8,22.8,16,10,0,0,0,2009,0
"760",2009-11-02,0,24,0,5.6,11.1,8.7,11,0,0,0,2009,0
"761",2009-11-03,1,31,0.032258064516129,4.4,14.4,9.4,11,0,0,0,2009,0
"762",2009-11-04,1,20,0.05,5,10.6,7.6,11,0,0,0,2009,0
"763",2009-11-05,2,31,0.0645161290322581,3.3,8.3,6.6,11,0,0,0,2009,0
"764",2009-11-06,0,35,0,2.2,10,5.3,11,0,0,0,2009,0
"765",2009-11-09,1,25,0.04,4.4,20.6,13.1,11,0,0,0,2009,0
"766",2009-11-10,5,43,0.116279069767442,11.7,18.3,14.9,11,0,0,0,2009,0
"767",2009-11-11,0,1,0,6.7,11.7,9.4,11,0,0,0,2009,0
"768",2009-11-12,1,37,0.027027027027027,5.6,11.1,8.1,11,0,0,0,2009,0
"769",2009-11-13,2,57,0.0350877192982456,7.8,11.1,9.9,11,0,0,0,2009,0
"770",2009-11-14,0,1,0,11.1,12.8,11.9,11,0,0,0,2009,0
"771",2009-11-16,0,42,0,7.2,15,12.6,11,0,0,0,2009,0
"772",2009-11-17,2,57,0.0350877192982456,4.4,9.4,6.6,11,0,0,0,2009,0
"773",2009-11-18,0,34,0,2.2,10,5.8,11,0,0,0,2009,0
"774",2009-11-19,1,37,0.027027027027027,2.2,12.2,8.1,11,0,0,0,2009,0
"775",2009-11-20,0,49,0,8.3,19.4,12.7,11,0,0,0,2009,0
"776",2009-11-23,3,41,0.0731707317073171,7.2,9.4,8.5,11,0,0,0,2009,0
"777",2009-11-24,2,40,0.05,7.8,9.4,8.8,11,0,0,0,2009,0
"778",2009-11-25,2,36,0.0555555555555556,7.8,10,8.7,11,0,0,0,2009,0
"779",2009-11-27,1,36,0.0277777777777778,5.6,8.3,7.2,11,0,0,0,2009,0
"780",2009-11-30,3,47,0.0638297872340425,3.9,13.3,9.5,11,0,0,0,2009,0
"781",2009-12-01,3,33,0.0909090909090909,0.6,6.1,3.3,12,0,0,0,2009,0
"782",2009-12-02,0,41,0,1.7,11.7,6.9,12,0,0,0,2009,0
"783",2009-12-03,1,27,0.037037037037037,10,20.6,15.6,12,0,0,0,2009,0
"784",2009-12-04,2,42,0.0476190476190476,6.7,12.2,9.8,12,0,0,0,2009,0
"785",2009-12-05,0,1,0,0.6,7.2,4.8,12,0,0,0,2009,0
"786",2009-12-07,5,37,0.135135135135135,-2.2,3.9,1.5,12,0,0,0,2009,0
"787",2009-12-08,1,41,0.024390243902439,-0.6,5,1.9,12,0,0,0,2009,0
"788",2009-12-09,5,41,0.121951219512195,0,8.9,4.2,12,0,0,0,2009,0
"789",2009-12-10,4,36,0.111111111111111,-0.6,6.7,4.1,12,0,0,0,2009,0
"790",2009-12-11,2,40,0.05,-4.4,-0.6,-2.9,12,0,0,0,2009,0
"791",2009-12-14,8,54,0.148148148148148,2.8,6.1,4,12,0,0,0,2009,0
"792",2009-12-15,7,44,0.159090909090909,3.3,8.9,6.4,12,0,0,0,2009,0
"793",2009-12-16,2,37,0.0540540540540541,-2.8,4.4,-0.1,12,0,0,0,2009,0
"794",2009-12-17,3,35,0.0857142857142857,-11.7,-2.2,-7.2,12,0,0,0,2009,0
"795",2009-12-18,2,32,0.0625,-12.2,-2.2,-7.4,12,0,0,0,2009,0
"796",2009-12-21,3,43,0.0697674418604651,-6.7,0,-3.2,12,0,0,0,2009,0
"797",2009-12-22,3,39,0.0769230769230769,-6.7,-0.6,-3.9,12,0,0,0,2009,0
"798",2009-12-23,3,34,0.0882352941176471,-8.9,-3.9,-6.8,12,0,0,0,2009,0
"799",2009-12-24,3,22,0.136363636363636,-6.7,4.4,0,12,0,0,0,2009,0
"800",2009-12-28,1,44,0.0227272727272727,-1.1,5.6,1.7,12,0,0,0,2009,0
"801",2009-12-29,1,37,0.027027027027027,-11.1,-0.6,-5.8,12,0,0,0,2009,0
"802",2009-12-30,3,29,0.103448275862069,-11.7,-1.7,-6.6,12,0,0,0,2009,0
"803",2009-12-31,1,18,0.0555555555555556,-4.4,0,-1.9,12,0,0,0,2009,0
"804",2010-01-01,0,1,0,-3.3,1.7,-0.9,1,0,0,0,2010,0
"805",2010-01-04,0,42,0,-3.3,1.7,-0.9,1,0,0,0,2010,0
"806",2010-01-05,2,43,0.0465116279069767,-2.8,1.1,-1.4,1,0,0,0,2010,0
"807",2010-01-06,2,38,0.0526315789473684,-4.4,1.1,-2.2,1,0,0,0,2010,0
"808",2010-01-07,3,43,0.0697674418604651,-2.8,5,0,1,0,0,0,2010,0
"809",2010-01-08,0,41,0,-6.1,-1.7,-3.7,1,0,0,0,2010,0
"810",2010-01-11,1,34,0.0294117647058824,-8.3,2.2,-2.8,1,0,0,0,2010,0
"811",2010-01-12,4,45,0.0888888888888889,-8.9,1.1,-2.7,1,0,0,0,2010,0
"812",2010-01-13,4,47,0.0851063829787234,-10,-1.1,-5.7,1,0,0,0,2010,0
"813",2010-01-14,2,34,0.0588235294117647,-6.1,0.6,-2.2,1,0,0,0,2010,0
"814",2010-01-15,1,35,0.0285714285714286,-0.6,7.8,3.3,1,0,0,0,2010,0
"815",2010-01-17,0,2,0,-0.6,5,2.7,1,0,0,0,2010,0
"816",2010-01-19,1,42,0.0238095238095238,-0.6,2.2,0.4,1,0,0,0,2010,0
"817",2010-01-20,4,45,0.0888888888888889,-0.6,2.8,1,1,0,0,0,2010,0
"818",2010-01-21,1,40,0.025,-2.2,5,1,1,0,0,0,2010,0
"819",2010-01-22,1,35,0.0285714285714286,-3.9,2.8,-0.6,1,0,0,0,2010,0
"820",2010-01-24,0,1,0,-3.9,5,0.7,1,0,0,0,2010,0
"821",2010-01-25,2,38,0.0526315789473684,2.8,13.9,9.2,1,0,0,0,2010,0
"822",2010-01-26,1,40,0.025,1.7,11.1,5.8,1,0,0,0,2010,0
"823",2010-01-27,4,34,0.117647058823529,0,6.1,2.6,1,0,0,0,2010,0
"824",2010-01-28,3,34,0.0882352941176471,-6.7,2.8,-0.8,1,0,0,0,2010,0
"825",2010-01-29,1,42,0.0238095238095238,-12.2,-6.1,-8.8,1,0,0,0,2010,0
"826",2010-01-30,0,2,0,-14.4,-5.6,-9.8,1,0,0,0,2010,0
"827",2010-01-31,0,1,0,-10.6,-1.7,-6,1,0,0,0,2010,0
"828",2010-02-01,2,43,0.0465116279069767,-5.6,1.7,-2.2,2,0,0,0,2010,0
"829",2010-02-02,2,48,0.0416666666666667,-4.4,-0.6,-2.7,2,0,0,0,2010,0
"830",2010-02-03,2,40,0.05,-3.9,0.6,-1.6,2,0,0,0,2010,0
"831",2010-02-04,5,53,0.0943396226415094,-3.9,1.1,-2,2,0,0,0,2010,0
"832",2010-02-05,1,43,0.0232558139534884,-5.6,1.7,-1.8,2,0,0,0,2010,0
"833",2010-02-08,0,38,0,-5.6,0.6,-2.7,2,0,0,0,2010,0
"834",2010-02-09,3,39,0.0769230769230769,-5,5,-0.4,2,0,0,0,2010,0
"835",2010-02-10,4,70,0.0571428571428571,-1.7,2.2,0.1,2,0,0,0,2010,0
"836",2010-02-11,7,47,0.148936170212766,-1.7,4.4,1.2,2,0,0,0,2010,0
"837",2010-02-12,5,46,0.108695652173913,-3.9,3.9,-0.2,2,0,0,0,2010,0
"838",2010-02-16,0,44,0,-1.1,1.1,0.3,2,0,0,0,2010,0
"839",2010-02-17,2,47,0.0425531914893617,-2.2,2.8,0.3,2,0,0,0,2010,0
"840",2010-02-18,3,48,0.0625,0.6,7.8,3.1,2,0,0,0,2010,0
"841",2010-02-19,2,41,0.048780487804878,-0.6,6.1,2.7,2,0,0,0,2010,0
"842",2010-02-22,2,47,0.0425531914893617,-1.1,7.8,2.5,2,0,0,0,2010,0
"843",2010-02-23,1,39,0.0256410256410256,0.6,4.4,2.9,2,0,0,0,2010,0
"844",2010-02-24,4,49,0.0816326530612245,2.2,5.6,4.1,2,0,0,0,2010,0
"845",2010-02-25,3,57,0.0526315789473684,2.8,7.2,4.9,2,0,0,0,2010,0
"846",2010-02-26,6,41,0.146341463414634,1.1,6.7,3.1,2,0,0,0,2010,0
"847",2010-02-27,0,1,0,-0.6,4.4,1.4,2,0,0,0,2010,0
"848",2010-03-01,4,49,0.0816326530612245,1.1,8.9,4.6,3,0,0,0,2010,0
"849",2010-03-02,6,53,0.113207547169811,2.2,6.1,4.1,3,0,0,0,2010,0
"850",2010-03-03,1,37,0.027027027027027,1.1,3.3,2.1,3,0,0,0,2010,0
"851",2010-03-04,2,47,0.0425531914893617,0.6,2.2,1.6,3,0,0,0,2010,0
"852",2010-03-05,8,52,0.153846153846154,-0.6,5.6,2.2,3,0,0,0,2010,0
"853",2010-03-08,5,53,0.0943396226415094,5.6,15,9.7,3,0,0,0,2010,0
"854",2010-03-09,1,45,0.0222222222222222,2.8,11.7,7.6,3,0,0,0,2010,0
"855",2010-03-10,5,37,0.135135135135135,0.6,6.7,4,3,0,0,0,2010,0
"856",2010-03-11,3,49,0.0612244897959184,1.7,7.2,4.4,3,0,0,0,2010,0
"857",2010-03-12,5,60,0.0833333333333333,3.9,6.7,4.8,3,0,0,0,2010,0
"858",2010-03-13,0,1,0,3.9,5,4.3,3,0,0,0,2010,0
"859",2010-03-16,3,27,0.111111111111111,2.2,10,5.9,3,0,0,0,2010,0
"860",2010-03-18,0,34,0,8.9,18.9,14.1,3,0,0,0,2010,0
"861",2010-03-19,1,44,0.0227272727272727,6.1,16.1,11.5,3,0,0,0,2010,0
"862",2010-03-22,0,28,0,5,6.1,5.6,3,0,0,0,2010,0
"863",2010-03-23,3,43,0.0697674418604651,5.6,7.8,6.4,3,0,0,0,2010,0
"864",2010-03-24,1,34,0.0294117647058824,4.4,11.1,7.6,3,0,0,0,2010,0
"865",2010-03-25,3,37,0.0810810810810811,3.9,18.3,11.1,3,0,0,0,2010,0
"866",2010-03-26,1,35,0.0285714285714286,-1.1,11.7,4.2,3,0,0,0,2010,0
"867",2010-03-29,1,44,0.0227272727272727,7.2,12.2,10.2,3,0,0,0,2010,0
"868",2010-03-30,3,66,0.0454545454545455,6.7,10,8.3,3,0,0,0,2010,0
"869",2010-03-31,1,53,0.0188679245283019,6.1,8.3,7.4,3,0,0,0,2010,0
"870",2010-04-01,0,53,0,6.7,12.8,9.5,4,0,0,0,2010,0
"871",2010-04-02,1,33,0.0303030303030303,5,12.8,9.5,4,0,0,0,2010,0
"872",2010-04-03,0,1,0,7.8,24.4,14.9,4,0,0,0,2010,0
"873",2010-04-04,0,1,0,10,25,17.2,4,0,0,0,2010,0
"874",2010-04-05,0,55,0,9.4,22.2,16.5,4,0,0,0,2010,0
"875",2010-04-06,0,67,0,8.3,19.4,14.1,4,0,0,0,2010,0
"876",2010-04-07,0,41,0,7.2,32.2,20,4,0,1,0,2010,0
"877",2010-04-08,2,58,0.0344827586206897,7.8,15.6,11.4,4,0,0,0,2010,0
"878",2010-04-09,2,53,0.0377358490566038,6.1,14.4,9.8,4,0,0,0,2010,0
"879",2010-04-12,0,34,0,6.7,16.1,11.9,4,0,0,0,2010,0
"880",2010-04-13,1,38,0.0263157894736842,6.1,10,8.5,4,0,0,0,2010,0
"881",2010-04-14,1,28,0.0357142857142857,4.4,18.9,12.3,4,0,0,0,2010,0
"882",2010-04-15,1,43,0.0232558139534884,6.1,15.6,10.4,4,0,0,0,2010,0
"883",2010-04-16,1,54,0.0185185185185185,2.8,6.7,5.4,4,0,0,0,2010,0
"884",2010-04-18,0,1,0,4.4,10.6,7.1,4,0,0,0,2010,0
"885",2010-04-19,0,2,0,4.4,16.1,10.1,4,0,0,0,2010,0
"886",2010-04-20,2,49,0.0408163265306122,8.9,20.6,14.4,4,0,0,0,2010,0
"887",2010-04-21,3,39,0.0769230769230769,8.3,20.6,14.9,4,0,0,0,2010,0
"888",2010-04-22,0,33,0,8.9,20,13.1,4,0,0,0,2010,0
"889",2010-04-23,2,42,0.0476190476190476,9.4,16.1,11.6,4,0,0,0,2010,0
"890",2010-04-25,0,1,0,10,16.7,13.1,4,0,0,0,2010,0
"891",2010-04-26,2,44,0.0454545454545455,8.3,11.7,9.8,4,0,0,0,2010,0
"892",2010-04-27,0,37,0,3.9,10,8.4,4,0,0,0,2010,0
"893",2010-04-28,1,48,0.0208333333333333,1.7,8.3,5.3,4,0,0,0,2010,0
"894",2010-04-29,1,36,0.0277777777777778,6.7,16.7,11,4,0,0,0,2010,0
"895",2010-04-30,0,35,0,7.8,24.4,16.5,4,0,0,0,2010,0
"896",2010-05-04,2,42,0.0476190476190476,15,27.8,20.4,5,0,0,0,2010,0
"897",2010-05-05,1,49,0.0204081632653061,13.9,25.6,18.9,5,0,0,0,2010,0
"898",2010-05-06,3,48,0.0625,13.9,25.6,19.4,5,0,0,0,2010,0
"899",2010-05-07,1,42,0.0238095238095238,11.1,22.8,16.5,5,0,0,0,2010,0
"900",2010-05-10,3,40,0.075,4.4,15,9.5,5,0,0,0,2010,0
"901",2010-05-11,1,46,0.0217391304347826,4.4,12.2,8.9,5,0,0,0,2010,0
"902",2010-05-12,3,34,0.0882352941176471,8.3,11.7,9.8,5,0,0,0,2010,0
"903",2010-05-13,0,43,0,7.2,20,13.5,5,0,0,0,2010,0
"904",2010-05-14,1,28,0.0357142857142857,10.6,20,13.9,5,0,0,0,2010,0
"905",2010-05-17,3,53,0.0566037735849057,11.7,22.8,16.3,5,0,0,0,2010,0
"906",2010-05-18,3,51,0.0588235294117647,8.9,16.7,12.4,5,0,0,0,2010,0
"907",2010-05-19,3,44,0.0681818181818182,8.9,13.9,11.2,5,0,0,0,2010,0
"908",2010-05-20,3,53,0.0566037735849057,11.7,28.9,20,5,0,0,0,2010,0
"909",2010-05-21,2,40,0.05,12.2,20.6,16.8,5,0,0,0,2010,0
"910",2010-05-24,5,45,0.111111111111111,13.3,27.2,19.7,5,0,0,0,2010,0
"911",2010-05-25,0,40,0,17.2,29.4,23.2,5,0,0,0,2010,0
"912",2010-05-26,1,41,0.024390243902439,14.4,34.4,25.5,5,0,1,0,2010,0
"913",2010-05-27,1,30,0.0333333333333333,13.3,21.1,16.3,5,0,0,0,2010,0
"914",2010-05-28,2,26,0.0769230769230769,13.9,20.6,16.9,5,0,0,0,2010,0
"915",2010-06-01,2,31,0.0645161290322581,16.1,29.4,21.6,6,1,0,0,2010,0
"916",2010-06-02,2,30,0.0666666666666667,15.6,22.8,18.2,6,1,0,0,2010,0
"917",2010-06-03,1,68,0.0147058823529412,15.6,28.9,21.4,6,1,0,0,2010,0
"918",2010-06-04,2,44,0.0454545454545455,15,24.4,18.9,6,1,0,0,2010,0
"919",2010-06-07,1,46,0.0217391304347826,13.3,23.3,18.4,6,1,0,0,2010,0
"920",2010-06-08,0,36,0,13.9,22.2,18.2,6,1,0,0,2010,0
"921",2010-06-09,4,43,0.0930232558139535,12.8,21.7,16.4,6,1,0,0,2010,0
"922",2010-06-10,3,34,0.0882352941176471,11.7,15,13.2,6,1,0,0,2010,0
"923",2010-06-11,3,31,0.0967741935483871,12.8,18.9,15.6,6,1,0,0,2010,0
"924",2010-06-14,1,44,0.0227272727272727,14.4,22.2,17.1,6,1,0,0,2010,0
"925",2010-06-15,2,30,0.0666666666666667,15,21.1,18.2,6,1,0,0,2010,0
"926",2010-06-16,2,32,0.0625,14.4,25.6,18.7,6,1,0,0,2010,0
"927",2010-06-18,2,18,0.111111111111111,17.2,31.1,24.6,6,1,1,0,2010,0
"928",2010-06-21,1,41,0.024390243902439,20,29.4,24.6,6,1,0,0,2010,0
"929",2010-06-22,1,37,0.027027027027027,18.9,24.4,21.5,6,1,0,0,2010,0
"930",2010-06-23,1,27,0.037037037037037,18.9,30.6,25.1,6,1,1,0,2010,0
"931",2010-06-24,2,36,0.0555555555555556,20,34.4,26.6,6,1,1,0,2010,0
"932",2010-06-25,3,32,0.09375,20,26.1,23,6,1,0,0,2010,0
"933",2010-06-28,1,32,0.03125,18.3,34.4,26.8,6,1,1,0,2010,0
"934",2010-06-29,0,28,0,21.7,32.8,27.4,6,1,1,0,2010,0
"935",2010-06-30,1,33,0.0303030303030303,17.2,25.6,21.6,6,1,0,0,2010,0
"936",2010-07-01,2,28,0.0714285714285714,16.1,24.4,19.8,7,1,0,0,2010,0
"937",2010-07-02,1,42,0.0238095238095238,15.6,24.4,19.9,7,1,0,0,2010,0
"938",2010-07-06,1,22,0.0454545454545455,23.9,37.8,30,7,1,1,1,2010,0
"939",2010-07-07,0,18,0,22.8,28.3,25.3,7,1,0,0,2010,0
"940",2010-07-08,0,32,0,21.7,31.1,25.9,7,1,1,1,2010,1
"941",2010-07-09,2,18,0.111111111111111,22.8,32.8,27.2,7,1,1,1,2010,0
"942",2010-07-12,1,23,0.0434782608695652,20.6,31.1,24.5,7,1,1,0,2010,0
"943",2010-07-13,0,12,0,22.2,30,25.8,7,1,1,0,2010,0
"944",2010-07-14,1,19,0.0526315789473684,19.4,26.1,22.2,7,1,0,0,2010,0
"945",2010-07-15,1,26,0.0384615384615385,18.3,23.9,21,7,1,0,0,2010,0
"946",2010-07-16,1,25,0.04,18.9,32.8,25.4,7,1,1,1,2010,1
"947",2010-07-19,0,15,0,20,30.6,26.1,7,1,1,1,2010,0
"948",2010-07-20,0,14,0,20.6,26.7,23.5,7,1,0,0,2010,0
"949",2010-07-21,3,28,0.107142857142857,20,31.1,24.8,7,1,1,0,2010,0
"950",2010-07-22,1,23,0.0434782608695652,20,30,25.2,7,1,1,0,2010,0
"951",2010-07-23,2,26,0.0769230769230769,18.3,27.8,22.7,7,1,0,0,2010,0
"952",2010-07-26,1,29,0.0344827586206897,19.4,29.4,24.8,7,1,0,0,2010,0
"953",2010-07-27,0,28,0,20,33.3,26.9,7,1,1,1,2010,1
"954",2010-07-28,2,36,0.0555555555555556,21.1,32.8,27.2,7,1,1,1,2010,0
"955",2010-07-29,1,37,0.027027027027027,21.1,32.2,27,7,1,1,1,2010,0
"956",2010-07-30,3,43,0.0697674418604651,18.3,25,21.3,7,1,0,0,2010,0
"957",2010-08-02,1,25,0.04,18.3,26.7,21.7,8,1,0,0,2010,0
"958",2010-08-03,2,33,0.0606060606060606,20,30.6,25.1,8,1,1,1,2010,1
"959",2010-08-04,4,37,0.108108108108108,23.3,33.3,27.5,8,1,1,1,2010,0
"960",2010-08-05,1,33,0.0303030303030303,23.9,32.2,26.1,8,1,1,1,2010,0
"961",2010-08-06,3,44,0.0681818181818182,18.9,30.6,26.1,8,1,1,1,2010,0
"962",2010-08-09,3,44,0.0681818181818182,22.2,33.9,27.3,8,1,1,0,2010,0
"963",2010-08-10,1,49,0.0204081632653061,18.3,28.9,24.6,8,1,0,0,2010,0
"964",2010-08-11,2,47,0.0425531914893617,18.3,24.4,21.8,8,1,0,0,2010,0
"965",2010-08-12,0,24,0,17.2,23.9,20,8,1,0,0,2010,0
"966",2010-08-13,0,21,0,17.2,22.8,19.9,8,1,0,0,2010,0
"967",2010-08-16,2,30,0.0666666666666667,17.8,26.7,23,8,1,0,0,2010,0
"968",2010-08-17,2,39,0.0512820512820513,22.8,33.3,27.3,8,1,1,0,2010,0
"969",2010-08-18,3,36,0.0833333333333333,20,27.2,24,8,1,0,0,2010,0
"970",2010-08-19,0,33,0,18.3,27.8,23.3,8,1,0,0,2010,0
"971",2010-08-20,1,34,0.0294117647058824,19.4,30,24.2,8,1,1,0,2010,0
"972",2010-08-21,0,1,0,16.7,22.8,20,8,1,0,0,2010,0
"973",2010-08-23,2,30,0.0666666666666667,16.7,18.3,17.5,8,1,0,0,2010,0
"974",2010-08-24,2,25,0.08,16.1,17.2,16.7,8,1,0,0,2010,0
"975",2010-08-25,1,60,0.0166666666666667,16.1,18.3,17.4,8,1,0,0,2010,0
"976",2010-08-26,0,19,0,17.8,28.3,22.8,8,1,0,0,2010,0
"977",2010-08-27,1,20,0.05,16.1,26.1,20.7,8,1,0,0,2010,0
"978",2010-08-28,0,3,0,16.1,27.8,21.6,8,1,0,0,2010,0
"979",2010-08-30,1,32,0.03125,21.7,33.3,27.8,8,1,1,1,2010,0
"980",2010-08-31,3,25,0.12,23.9,35.6,28.7,8,1,1,1,2010,0
"981",2010-09-01,0,31,0,25,34.4,29.2,9,0,1,1,2010,0
"982",2010-09-02,1,36,0.0277777777777778,22.8,35,29.2,9,0,1,1,2010,0
"983",2010-09-03,0,37,0,21.1,27.8,24,9,0,0,0,2010,0
"984",2010-09-04,0,2,0,18.9,28.3,24.2,9,0,0,0,2010,0
"985",2010-09-06,0,1,0,14.4,25,20.2,9,0,0,0,2010,0
"986",2010-09-07,2,33,0.0606060606060606,18.3,30,23.1,9,0,1,0,2010,0
"987",2010-09-08,1,36,0.0277777777777778,17.8,28.9,23.1,9,0,0,0,2010,0
"988",2010-09-09,0,53,0,16.1,23.3,18.8,9,0,0,0,2010,0
"989",2010-09-10,0,31,0,16.1,21.1,18.3,9,0,0,0,2010,0
"990",2010-09-13,1,29,0.0344827586206897,14.4,19.4,16.2,9,0,0,0,2010,0
"991",2010-09-14,0,22,0,13.3,23.9,18.3,9,0,0,0,2010,0
"992",2010-09-15,0,25,0,13.3,21.1,16.6,9,0,0,0,2010,0
"993",2010-09-16,2,36,0.0555555555555556,11.7,21.7,16.3,9,0,0,0,2010,0
"994",2010-09-17,1,29,0.0344827586206897,13.3,21.7,17.1,9,0,0,0,2010,0
"995",2010-09-20,1,28,0.0357142857142857,13.3,22.2,18.1,9,0,0,0,2010,0
"996",2010-09-21,5,28,0.178571428571429,10.6,22.2,16.3,9,0,0,0,2010,0
"997",2010-09-22,1,25,0.04,16.7,30.6,22.9,9,0,1,0,2010,0
"998",2010-09-23,2,37,0.0540540540540541,16.1,24.4,19.8,9,0,0,0,2010,0
"999",2010-09-24,2,29,0.0689655172413793,15.6,28.9,21.3,9,0,0,0,2010,0
"1000",2010-09-27,0,20,0,14.4,16.1,15.4,9,0,0,0,2010,0
"1001",2010-09-28,3,36,0.0833333333333333,15.6,25.6,20.7,9,0,0,0,2010,0
"1002",2010-09-29,4,41,0.0975609756097561,19.4,28.3,23.3,9,0,0,0,2010,0
"1003",2010-09-30,3,47,0.0638297872340425,17.8,27.2,22.7,9,0,0,0,2010,0
"1004",2010-10-01,2,41,0.048780487804878,14.4,28.9,22,10,0,0,0,2010,0
"1005",2010-10-04,2,39,0.0512820512820513,11.1,15,12.7,10,0,0,0,2010,0
"1006",2010-10-05,4,48,0.0833333333333333,12.2,14.4,13.4,10,0,0,0,2010,0
"1007",2010-10-06,10,40,0.25,11.1,15,13.7,10,0,0,0,2010,0
"1008",2010-10-07,2,45,0.0444444444444444,10,18.9,13.9,10,0,0,0,2010,0
"1009",2010-10-08,3,17,0.176470588235294,11.1,22.8,16.7,10,0,0,0,2010,0
"1010",2010-10-12,3,28,0.107142857142857,9.4,16.7,12.9,10,0,0,0,2010,0
"1011",2010-10-13,4,41,0.0975609756097561,7.2,15.6,11.2,10,0,0,0,2010,0
"1012",2010-10-14,2,34,0.0588235294117647,7.8,15.6,12,10,0,0,0,2010,0
"1013",2010-10-15,1,27,0.037037037037037,6.7,14.4,10.6,10,0,0,0,2010,0
"1014",2010-10-18,4,42,0.0952380952380952,8.9,15.6,11.9,10,0,0,0,2010,0
"1015",2010-10-19,1,35,0.0285714285714286,6.1,15,10.1,10,0,0,0,2010,0
"1016",2010-10-20,3,29,0.103448275862069,7.2,16.7,11.5,10,0,0,0,2010,0
"1017",2010-10-21,3,45,0.0666666666666667,7.2,15.6,10.5,10,0,0,0,2010,0
"1018",2010-10-22,4,38,0.105263157894737,5,10.6,7.2,10,0,0,0,2010,0
"1019",2010-10-25,2,35,0.0571428571428571,10,18.3,11.8,10,0,0,0,2010,0
"1020",2010-10-26,2,29,0.0689655172413793,16.1,22.8,18.6,10,0,0,0,2010,0
"1021",2010-10-27,3,46,0.0652173913043478,17.8,22.2,19.8,10,0,0,0,2010,0
"1022",2010-10-28,0,39,0,13.3,25.6,20.1,10,0,0,0,2010,0
"1023",2010-10-29,3,45,0.0666666666666667,6.7,14.4,11.5,10,0,0,0,2010,0
"1024",2010-11-01,3,36,0.0833333333333333,1.7,10.6,5.4,11,0,0,0,2010,0
"1025",2010-11-02,4,44,0.0909090909090909,2.8,9.4,6.2,11,0,0,0,2010,0
"1026",2010-11-03,3,60,0.05,0,10.6,5,11,0,0,0,2010,0
"1027",2010-11-04,2,44,0.0454545454545455,3.9,11.1,8.9,11,0,0,0,2010,0
"1028",2010-11-05,1,53,0.0188679245283019,8.3,16.7,11.8,11,0,0,0,2010,0
"1029",2010-11-08,0,29,0,2.2,10,6.4,11,0,0,0,2010,0
"1030",2010-11-09,3,41,0.0731707317073171,7.8,11.7,9.7,11,0,0,0,2010,0
"1031",2010-11-10,1,38,0.0263157894736842,5.6,8.9,7.5,11,0,0,0,2010,0
"1032",2010-11-12,2,34,0.0588235294117647,3.9,13.3,8.1,11,0,0,0,2010,0
"1033",2010-11-15,0,32,0,8.3,11.1,9.8,11,0,0,0,2010,0
"1034",2010-11-16,2,34,0.0588235294117647,9.4,11.7,10.1,11,0,0,0,2010,0
"1035",2010-11-17,3,41,0.0731707317073171,9.4,17.8,12.9,11,0,0,0,2010,0
"1036",2010-11-18,2,27,0.0740740740740741,5,12.2,9.3,11,0,0,0,2010,0
"1037",2010-11-19,3,41,0.0731707317073171,1.7,7.2,4.6,11,0,0,0,2010,0
"1038",2010-11-20,0,6,0,1.1,12.2,6.4,11,0,0,0,2010,0
"1039",2010-11-22,2,56,0.0357142857142857,2.8,13.3,8.3,11,0,0,0,2010,0
"1040",2010-11-23,2,37,0.0540540540540541,10.6,16.7,13.6,11,0,0,0,2010,0
"1041",2010-11-24,0,29,0,1.1,10.6,6.6,11,0,0,0,2010,0
"1042",2010-11-26,0,16,0,1.1,8.3,4.8,11,0,0,0,2010,0
"1043",2010-11-29,1,37,0.027027027027027,1.7,7.8,4.1,11,0,0,0,2010,0
"1044",2010-11-30,1,37,0.027027027027027,1.1,9.4,5.8,11,0,0,0,2010,0
"1045",2010-12-01,1,39,0.0256410256410256,7.8,13.3,9.8,12,0,0,0,2010,0
"1046",2010-12-02,3,30,0.1,2.2,10.6,4.8,12,0,0,0,2010,0
"1047",2010-12-03,5,32,0.15625,1.1,5,3.1,12,0,0,0,2010,0
"1048",2010-12-05,0,1,0,-1.7,2.2,0.2,12,0,0,0,2010,0
"1049",2010-12-06,0,35,0,-2.8,1.7,-1.1,12,0,0,0,2010,0
"1050",2010-12-07,0,30,0,-2.2,2.8,-0.2,12,0,0,0,2010,0
"1051",2010-12-08,0,37,0,-3.9,1.1,-1.6,12,0,0,0,2010,0
"1052",2010-12-09,1,28,0.0357142857142857,-7.2,-1.7,-4.6,12,0,0,0,2010,0
"1053",2010-12-10,2,22,0.0909090909090909,-10,-2.2,-5.7,12,0,0,0,2010,0
"1054",2010-12-13,2,34,0.0588235294117647,2.8,13.9,8.8,12,0,0,0,2010,0
"1055",2010-12-14,0,25,0,-6.1,2.8,-2.2,12,0,0,0,2010,0
"1056",2010-12-15,0,44,0,-7.8,-5,-6.5,12,0,0,0,2010,0
"1057",2010-12-16,3,31,0.0967741935483871,-6.7,1.1,-3,12,0,0,0,2010,0
"1058",2010-12-17,1,34,0.0294117647058824,-6.1,2.2,-1.6,12,0,0,0,2010,0
"1059",2010-12-20,0,35,0,-3.3,0.6,-2,12,0,0,0,2010,0
"1060",2010-12-21,1,18,0.0555555555555556,-2.8,5,0.5,12,0,0,0,2010,0
"1061",2010-12-22,0,26,0,0,3.9,1.2,12,0,0,0,2010,0
"1062",2010-12-23,0,10,0,-0.6,4.4,1.1,12,0,0,0,2010,0
"1063",2010-12-28,1,14,0.0714285714285714,-7.8,1.7,-3,12,0,0,0,2010,0
"1064",2010-12-29,3,18,0.166666666666667,-1.7,3.3,0.6,12,0,0,0,2010,0
"1065",2010-12-30,1,30,0.0333333333333333,-1.7,6.1,1.8,12,0,0,0,2010,0
"1066",2010-12-31,0,1,0,-2.2,10,4.1,12,0,0,0,2010,0
"1067",2011-01-03,0,29,0,-1.7,3.3,0.4,1,0,0,0,2011,0
"1068",2011-01-04,1,36,0.0277777777777778,-3.9,3.9,-0.1,1,0,0,0,2011,0
"1069",2011-01-05,1,35,0.0285714285714286,-2.2,3.9,0.6,1,0,0,0,2011,0
"1070",2011-01-06,1,26,0.0384615384615385,-5.6,0,-2.8,1,0,0,0,2011,0
"1071",2011-01-07,0,36,0,-5,1.7,-1.8,1,0,0,0,2011,0
"1072",2011-01-10,0,24,0,-5,1.7,-2.1,1,0,0,0,2011,0
"1073",2011-01-11,1,31,0.032258064516129,-6.1,-0.6,-3.3,1,0,0,0,2011,0
"1074",2011-01-13,2,37,0.0540540540540541,-6.1,-0.6,-2.5,1,0,0,0,2011,0
"1075",2011-01-14,2,26,0.0769230769230769,-7.8,-3.9,-5.9,1,0,0,0,2011,0
"1076",2011-01-15,0,4,0,-9.4,0.6,-5.4,1,0,0,0,2011,0
"1077",2011-01-18,0,32,0,-7.8,4.4,-1.1,1,0,0,0,2011,0
"1078",2011-01-19,1,27,0.037037037037037,0,3.9,2.2,1,0,0,0,2011,0
"1079",2011-01-20,0,12,0,-3.3,0,-1.4,1,0,0,0,2011,0
"1080",2011-01-21,1,28,0.0357142857142857,-5.6,-1.1,-3.1,1,0,0,0,2011,0
"1081",2011-01-24,0,19,0,-18.9,-10.6,-14.2,1,0,0,0,2011,0
"1082",2011-01-25,0,22,0,-11.1,0,-6,1,0,0,0,2011,0
"1083",2011-01-26,1,19,0.0526315789473684,-9.4,1.1,-3.8,1,0,0,0,2011,0
"1084",2011-01-27,0,34,0,-4.4,1.7,-1.5,1,0,0,0,2011,0
"1085",2011-01-28,1,29,0.0344827586206897,-7.8,0.6,-2.2,1,0,0,0,2011,0
"1086",2011-01-31,2,29,0.0689655172413793,-8.9,-3.3,-5.4,1,0,0,0,2011,0
"1087",2011-02-01,2,25,0.08,-8.9,-5.6,-7,2,0,0,0,2011,0
"1088",2011-02-02,0,3,0,-6.7,2.2,-3.2,2,0,0,0,2011,0
"1089",2011-02-03,2,46,0.0434782608695652,-7.2,-2.2,-5.1,2,0,0,0,2011,0
"1090",2011-02-04,1,37,0.027027027027027,-8.9,0.6,-3.5,2,0,0,0,2011,0
"1091",2011-02-07,0,35,0,-1.7,5.6,2.1,2,0,0,0,2011,0
"1092",2011-02-08,0,39,0,-8.3,3.9,-0.3,2,0,0,0,2011,0
"1093",2011-02-09,0,33,0,-10.6,-0.6,-5.7,2,0,0,0,2011,0
"1094",2011-02-10,2,36,0.0555555555555556,-7.2,-2.2,-3.8,2,0,0,0,2011,0
"1095",2011-02-11,1,38,0.0263157894736842,-10.6,-1.7,-5.3,2,0,0,0,2011,0
"1096",2011-02-13,0,2,0,-5,2.8,-0.7,2,0,0,0,2011,0
"1097",2011-02-14,0,35,0,1.7,11.1,6.5,2,0,0,0,2011,0
"1098",2011-02-15,1,33,0.0303030303030303,-6.1,1.7,-3.9,2,0,0,0,2011,0
"1099",2011-02-16,2,35,0.0571428571428571,-7.2,5,-1,2,0,0,0,2011,0
"1100",2011-02-17,4,36,0.111111111111111,2.2,15.6,6.7,2,0,0,0,2011,0
"1101",2011-02-18,0,30,0,2.8,15.6,9,2,0,0,0,2011,0
"1102",2011-02-22,0,27,0,-10.6,3.3,-4.9,2,0,0,0,2011,0
"1103",2011-02-23,1,43,0.0232558139534884,-5.6,5,-1,2,0,0,0,2011,0
"1104",2011-02-24,2,40,0.05,-4.4,6.7,1.2,2,0,0,0,2011,0
"1105",2011-02-25,0,34,0,-1.1,3.9,2,2,0,0,0,2011,0
"1106",2011-02-26,0,1,0,-2.2,2.8,0,2,0,0,0,2011,0
"1107",2011-02-28,0,42,0,-3.9,7.8,1.5,2,0,0,0,2011,0
"1108",2011-03-01,0,37,0,-1.7,4.4,1.4,3,0,0,0,2011,0
"1109",2011-03-02,0,35,0,-5,8.9,2.8,3,0,0,0,2011,0
"1110",2011-03-03,3,33,0.0909090909090909,-11.1,-1.7,-6,3,0,0,0,2011,0
"1111",2011-03-04,2,47,0.0425531914893617,-7.2,3.3,-2.7,3,0,0,0,2011,0
"1112",2011-03-07,1,44,0.0227272727272727,-1.7,13.9,6,3,0,0,0,2011,0
"1113",2011-03-08,1,50,0.02,-3.9,3.9,-0.1,3,0,0,0,2011,0
"1114",2011-03-09,1,44,0.0227272727272727,-1.7,2.8,1.3,3,0,0,0,2011,0
"1115",2011-03-10,1,54,0.0185185185185185,2.2,4.4,3.6,3,0,0,0,2011,0
"1116",2011-03-11,0,55,0,4.4,10.6,7.3,3,0,0,0,2011,0
"1117",2011-03-12,1,5,0.2,2.8,11.1,7.1,3,0,0,0,2011,0
"1118",2011-03-13,0,2,0,2.8,9.4,6.9,3,0,0,0,2011,0
"1119",2011-03-14,2,44,0.0454545454545455,0,5.6,3,3,0,0,0,2011,0
"1120",2011-03-15,1,47,0.0212765957446809,-1.7,6.1,2.2,3,0,0,0,2011,0
"1121",2011-03-16,2,32,0.0625,1.1,6.7,3.6,3,0,0,0,2011,0
"1122",2011-03-17,0,26,0,2.8,17.2,9.6,3,0,0,0,2011,0
"1123",2011-03-18,2,43,0.0465116279069767,7.8,21.1,13.8,3,0,0,0,2011,0
"1124",2011-03-19,0,1,0,1.7,8.9,5.9,3,0,0,0,2011,0
"1125",2011-03-20,0,3,0,-1.1,4.4,2.1,3,0,0,0,2011,0
"1126",2011-03-21,1,41,0.024390243902439,1.1,5,2.2,3,0,0,0,2011,0
"1127",2011-03-22,1,32,0.03125,1.7,6.7,3.8,3,0,0,0,2011,0
"1128",2011-03-23,2,61,0.0327868852459016,0,4.4,2,3,0,0,0,2011,0
"1129",2011-03-24,0,50,0,-0.6,3.9,1.5,3,0,0,0,2011,0
"1130",2011-03-25,4,60,0.0666666666666667,-1.1,7.2,2.4,3,0,0,0,2011,0
"1131",2011-03-26,0,1,0,-3.3,5,0.4,3,0,0,0,2011,0
"1132",2011-03-28,5,52,0.0961538461538462,-2.2,8.9,2.9,3,0,0,0,2011,0
"1133",2011-03-29,1,48,0.0208333333333333,0,9.4,4.2,3,0,0,0,2011,0
"1134",2011-03-30,2,51,0.0392156862745098,1.1,12.8,5.6,3,0,0,0,2011,0
"1135",2011-03-31,1,52,0.0192307692307692,0.6,6.7,4,3,0,0,0,2011,0
"1136",2011-04-01,1,50,0.02,0.6,4.4,2.2,4,0,0,0,2011,0
"1137",2011-04-02,0,2,0,2.8,11.7,6.8,4,0,0,0,2011,0
"1138",2011-04-03,0,1,0,4.4,12.8,8.6,4,0,0,0,2011,0
"1139",2011-04-04,4,72,0.0555555555555556,2.8,10,6.4,4,0,0,0,2011,0
"1140",2011-04-05,1,48,0.0208333333333333,3.9,17.8,10.3,4,0,0,0,2011,0
"1141",2011-04-06,3,42,0.0714285714285714,2.2,12.2,6.9,4,0,0,0,2011,0
"1142",2011-04-07,1,44,0.0227272727272727,1.1,7.8,5.3,4,0,0,0,2011,0
"1143",2011-04-08,0,45,0,2.2,8.9,5.8,4,0,0,0,2011,0
"1144",2011-04-09,0,1,0,1.7,16.1,8.2,4,0,0,0,2011,0
"1145",2011-04-11,3,50,0.06,8.3,22.2,14.2,4,0,0,0,2011,0
"1146",2011-04-12,2,40,0.05,8.3,18.9,14,4,0,0,0,2011,0
"1147",2011-04-13,2,41,0.048780487804878,6.1,9.4,7.4,4,0,0,0,2011,0
"1148",2011-04-14,1,33,0.0303030303030303,6.1,18.3,10.9,4,0,0,0,2011,0
"1149",2011-04-15,3,34,0.0882352941176471,2.8,8.3,5.1,4,0,0,0,2011,0
"1150",2011-04-19,2,49,0.0408163265306122,5.6,11.1,8.5,4,0,0,0,2011,0
"1151",2011-04-20,1,44,0.0227272727272727,5.6,7.8,6.5,4,0,0,0,2011,0
"1152",2011-04-21,2,44,0.0454545454545455,5,13.3,8.9,4,0,0,0,2011,0
"1153",2011-04-22,4,48,0.0833333333333333,3.3,10,7,4,0,0,0,2011,0
"1154",2011-04-23,0,1,0,3.9,12.8,8.2,4,0,0,0,2011,0
"1155",2011-04-25,0,35,0,7.8,13.9,10.7,4,0,0,0,2011,0
"1156",2011-04-26,0,39,0,7.8,12.2,9.4,4,0,0,0,2011,0
"1157",2011-04-27,2,34,0.0588235294117647,8.3,25.6,14.5,4,0,0,0,2011,0
"1158",2011-04-28,3,34,0.0882352941176471,16.7,21.1,19,4,0,0,0,2011,0
"1159",2011-04-29,0,36,0,14.4,23.9,18.5,4,0,0,0,2011,0
"1160",2011-05-01,0,2,0,7.8,12.8,10.6,5,0,0,0,2011,0
"1161",2011-05-02,1,43,0.0232558139534884,6.7,16.7,12.5,5,0,0,0,2011,0
"1162",2011-05-03,0,36,0,12.2,22.2,15.9,5,0,0,0,2011,0
"1163",2011-05-04,3,44,0.0681818181818182,8.9,19.4,15.7,5,0,0,0,2011,0
"1164",2011-05-05,4,36,0.111111111111111,8.3,15.6,10.7,5,0,0,0,2011,0
"1165",2011-05-06,3,35,0.0857142857142857,7.8,22.2,14.8,5,0,0,0,2011,0
"1166",2011-05-09,1,50,0.02,11.1,20,14.7,5,0,0,0,2011,0
"1167",2011-05-10,1,36,0.0277777777777778,10,13.9,12.2,5,0,0,0,2011,0
"1168",2011-05-11,4,37,0.108108108108108,9.4,18.3,12.4,5,0,0,0,2011,0
"1169",2011-05-12,1,33,0.0303030303030303,10.6,15.6,12.6,5,0,0,0,2011,0
"1170",2011-05-13,1,26,0.0384615384615385,7.8,15,11.7,5,0,0,0,2011,0
"1171",2011-05-16,2,32,0.0625,8.9,10,9.4,5,0,0,0,2011,0
"1172",2011-05-17,5,45,0.111111111111111,8.9,10.6,9.2,5,0,0,0,2011,0
"1173",2011-05-18,3,43,0.0697674418604651,10,11.7,11,5,0,0,0,2011,0
"1174",2011-05-19,0,35,0,10.6,16.1,12.5,5,0,0,0,2011,0
"1175",2011-05-20,4,31,0.129032258064516,10.6,18.3,13,5,0,0,0,2011,0
"1176",2011-05-23,0,33,0,10.6,18.3,12.9,5,0,0,0,2011,0
"1177",2011-05-24,2,39,0.0512820512820513,17.8,27.8,22.1,5,0,0,0,2011,0
"1178",2011-05-25,1,36,0.0277777777777778,16.1,23.3,19.3,5,0,0,0,2011,0
"1179",2011-05-26,3,34,0.0882352941176471,13.9,27.2,20.4,5,0,0,0,2011,0
"1180",2011-05-27,0,9,0,18.3,30.6,22.7,5,0,1,0,2011,0
"1181",2011-05-31,2,23,0.0869565217391304,17.8,23.3,20.8,5,0,0,0,2011,0
"1182",2011-06-01,3,61,0.0491803278688525,17.8,27.8,22,6,1,0,0,2011,0
"1183",2011-06-02,3,54,0.0555555555555556,14.4,23.9,20.1,6,1,0,0,2011,0
"1184",2011-06-03,0,40,0,12.8,21.7,16.5,6,1,0,0,2011,0
"1185",2011-06-06,2,27,0.0740740740740741,12.8,21.1,17.5,6,1,0,0,2011,0
"1186",2011-06-07,1,38,0.0263157894736842,15.6,27.8,21.1,6,1,0,0,2011,0
"1187",2011-06-08,1,33,0.0303030303030303,16.7,28.9,21.5,6,1,0,0,2011,0
"1188",2011-06-09,1,37,0.027027027027027,21.1,33.3,26.3,6,1,1,0,2011,0
"1189",2011-06-10,2,24,0.0833333333333333,16.1,24.4,20.1,6,1,0,0,2011,0
"1190",2011-06-13,2,30,0.0666666666666667,12.2,17.8,14.2,6,1,0,0,2011,0
"1191",2011-06-14,1,37,0.027027027027027,12.8,15.6,13.9,6,1,0,0,2011,0
"1192",2011-06-15,2,50,0.04,13.9,20.6,17.5,6,1,0,0,2011,0
"1193",2011-06-16,4,40,0.1,16.1,31.7,23.9,6,1,1,0,2011,0
"1194",2011-06-17,3,20,0.15,18.3,23.9,21.4,6,1,0,0,2011,0
"1195",2011-06-20,2,41,0.048780487804878,16.7,28.3,21.3,6,1,0,0,2011,0
"1196",2011-06-21,0,35,0,18.3,24.4,21.6,6,1,0,0,2011,0
"1197",2011-06-22,2,55,0.0363636363636364,17.8,21.7,19.6,6,1,0,0,2011,0
"1198",2011-06-23,1,32,0.03125,15,18.3,16.7,6,1,0,0,2011,0
"1199",2011-06-24,0,34,0,13.3,16.1,14.7,6,1,0,0,2011,0
"1200",2011-06-27,4,40,0.1,18.9,25.6,22.6,6,1,0,0,2011,0
"1201",2011-06-28,1,30,0.0333333333333333,18.9,27.2,22.7,6,1,0,0,2011,0
"1202",2011-06-29,2,35,0.0571428571428571,20,29.4,24.5,6,1,0,0,2011,0
"1203",2011-06-30,0,22,0,18.3,27.8,23.3,6,1,0,0,2011,0
"1204",2011-07-01,0,34,0,18.9,25.6,21.8,7,1,0,0,2011,0
"1205",2011-07-05,2,33,0.0606060606060606,20,31.1,26.4,7,1,1,1,2011,0
"1206",2011-07-06,1,27,0.037037037037037,21.7,33.3,27.8,7,1,1,1,2011,0
"1207",2011-07-07,2,31,0.0645161290322581,21.1,31.1,25.5,7,1,1,1,2011,0
"1208",2011-07-08,1,22,0.0454545454545455,20,23.9,21.3,7,1,0,0,2011,0
"1209",2011-07-11,3,38,0.0789473684210526,20,33.9,27.3,7,1,1,1,2011,0
"1210",2011-07-12,0,26,0,25,35,29.6,7,1,1,1,2011,0
"1211",2011-07-13,1,30,0.0333333333333333,18.9,30.6,25.4,7,1,1,1,2011,0
"1212",2011-07-14,0,17,0,17.2,22.8,19.5,7,1,0,0,2011,0
"1213",2011-07-15,5,35,0.142857142857143,18.3,26.1,22,7,1,0,0,2011,0
"1214",2011-07-18,0,37,0,23.9,30,26.7,7,1,1,1,2011,0
"1215",2011-07-19,2,35,0.0571428571428571,21.1,31.7,26.3,7,1,1,1,2011,0
"1216",2011-07-20,1,23,0.0434782608695652,21.1,32.8,26.2,7,1,1,1,2011,0
"1217",2011-07-21,3,27,0.111111111111111,22.8,36.1,29,7,1,1,1,2011,0
"1218",2011-07-22,0,17,0,27.2,39.4,33.2,7,1,1,1,2011,0
"1219",2011-07-25,2,33,0.0606060606060606,17.2,23.3,20.1,7,1,0,0,2011,0
"1220",2011-07-26,1,29,0.0344827586206897,18.3,25.6,21.4,7,1,0,0,2011,0
"1221",2011-07-27,5,35,0.142857142857143,20,28.9,24.1,7,1,0,0,2011,0
"1222",2011-07-28,3,37,0.0810810810810811,20,23.9,22,7,1,0,0,2011,0
"1223",2011-07-29,3,36,0.0833333333333333,18.9,26.1,22.3,7,1,0,0,2011,0
"1224",2011-07-30,0,1,0,22.8,31.7,27,7,1,1,1,2011,1
"1225",2011-08-01,2,37,0.0540540540540541,22.2,33.9,27.9,8,1,1,1,2011,0
"1226",2011-08-02,0,35,0,18.9,33.3,25.7,8,1,1,1,2011,0
"1227",2011-08-03,2,27,0.0740740740740741,18.3,23.3,20.9,8,1,0,0,2011,0
"1228",2011-08-04,0,27,0,19.4,24.4,21,8,1,0,0,2011,0
"1229",2011-08-05,2,18,0.111111111111111,19.4,23.9,21.4,8,1,0,0,2011,0
"1230",2011-08-08,5,38,0.131578947368421,21.1,26.7,23.6,8,1,0,0,2011,0
"1231",2011-08-09,1,40,0.025,19.4,24.4,22.1,8,1,0,0,2011,0
"1232",2011-08-10,0,41,0,18.9,25.6,20.7,8,1,0,0,2011,0
"1233",2011-08-11,2,38,0.0526315789473684,17.8,27.8,23,8,1,0,0,2011,0
"1234",2011-08-12,0,29,0,18.3,28.3,23.2,8,1,0,0,2011,0
"1235",2011-08-14,0,3,0,20,25,22.7,8,1,0,0,2011,0
"1236",2011-08-15,1,27,0.037037037037037,17.2,20.6,19.7,8,1,0,0,2011,0
"1237",2011-08-16,3,32,0.09375,16.7,23.3,19.6,8,1,0,0,2011,0
"1238",2011-08-17,1,56,0.0178571428571429,18.3,28.9,23.1,8,1,0,0,2011,0
"1239",2011-08-18,3,36,0.0833333333333333,20,31.1,25.1,8,1,1,0,2011,0
"1240",2011-08-19,3,29,0.103448275862069,22.2,31.1,24.8,8,1,1,0,2011,0
"1241",2011-08-22,3,40,0.075,20,26.7,23.6,8,1,0,0,2011,0
"1242",2011-08-23,1,34,0.0294117647058824,17.2,26.1,21.9,8,1,0,0,2011,0
"1243",2011-08-24,1,34,0.0294117647058824,17.8,27.2,22.4,8,1,0,0,2011,0
"1244",2011-08-25,1,33,0.0303030303030303,20,30.6,25.1,8,1,1,0,2011,0
"1245",2011-08-26,1,28,0.0357142857142857,21.1,28.9,24.3,8,1,0,0,2011,0
"1246",2011-08-29,1,42,0.0238095238095238,16.7,26.7,21.6,8,1,0,0,2011,0
"1247",2011-08-30,1,44,0.0227272727272727,16.7,25,20.8,8,1,0,0,2011,0
"1248",2011-08-31,2,36,0.0555555555555556,17.2,27.2,21.3,8,1,0,0,2011,0
"1249",2011-09-01,4,40,0.1,16.7,21.7,18.8,9,0,0,0,2011,0
"1250",2011-09-02,0,46,0,15.6,20,17.6,9,0,0,0,2011,0
"1251",2011-09-03,0,21,0,15.6,30,22.3,9,0,1,0,2011,0
"1252",2011-09-05,0,2,0,20.6,30.6,24.6,9,0,1,0,2011,0
"1253",2011-09-06,2,40,0.05,15.6,23.3,18.2,9,0,0,0,2011,0
"1254",2011-09-07,1,36,0.0277777777777778,15.6,17.2,16.2,9,0,0,0,2011,0
"1255",2011-09-08,4,41,0.0975609756097561,14.4,17.8,15.8,9,0,0,0,2011,0
"1256",2011-09-09,0,36,0,14.4,27.2,20.5,9,0,0,0,2011,0
"1257",2011-09-12,0,27,0,16.7,27.8,21.9,9,0,0,0,2011,0
"1258",2011-09-13,2,38,0.0526315789473684,17.8,29.4,23.5,9,0,0,0,2011,0
"1259",2011-09-14,2,41,0.048780487804878,20,30,24.1,9,0,1,0,2011,0
"1260",2011-09-15,2,31,0.0645161290322581,12.8,28.3,21.2,9,0,0,0,2011,0
"1261",2011-09-16,0,12,0,10,18.3,14.3,9,0,0,0,2011,0
"1262",2011-09-19,1,27,0.037037037037037,10.6,18.3,14.6,9,0,0,0,2011,0
"1263",2011-09-20,1,30,0.0333333333333333,12.8,19.4,16.3,9,0,0,0,2011,0
"1264",2011-09-21,1,27,0.037037037037037,15,23.9,19.1,9,0,0,0,2011,0
"1265",2011-09-22,3,37,0.0810810810810811,18.3,22.8,20.3,9,0,0,0,2011,0
"1266",2011-09-23,1,35,0.0285714285714286,18.3,22.8,19.9,9,0,0,0,2011,0
"1267",2011-09-24,0,1,0,18.3,26.7,22.5,9,0,0,0,2011,0
"1268",2011-09-26,2,28,0.0714285714285714,18.9,24.4,21.9,9,0,0,0,2011,0
"1269",2011-09-27,0,15,0,17.8,22.8,19.8,9,0,0,0,2011,0
"1270",2011-09-28,1,16,0.0625,17.2,21.1,19,9,0,0,0,2011,0
"1271",2011-09-29,0,11,0,16.7,22.2,18.9,9,0,0,0,2011,0
"1272",2011-09-30,0,37,0,14.4,25,19.3,9,0,0,0,2011,0
"1273",2011-10-03,4,36,0.111111111111111,13.3,20,16.4,10,0,0,0,2011,0
"1274",2011-10-04,2,28,0.0714285714285714,13.3,20,15.8,10,0,0,0,2011,0
"1275",2011-10-05,2,32,0.0625,10.6,20.6,16,10,0,0,0,2011,0
"1276",2011-10-06,2,31,0.0645161290322581,8.9,18.9,13,10,0,0,0,2011,0
"1277",2011-10-07,2,39,0.0512820512820513,7.8,16.7,12.3,10,0,0,0,2011,0
"1278",2011-10-10,0,2,0,17.8,29.4,23.7,10,0,0,0,2011,0
"1279",2011-10-11,3,30,0.1,14.4,18.9,16.5,10,0,0,0,2011,0
"1280",2011-10-12,2,50,0.04,13.9,16.7,15.3,10,0,0,0,2011,0
"1281",2011-10-13,2,39,0.0512820512820513,15,17.2,15.8,10,0,0,0,2011,0
"1282",2011-10-14,6,39,0.153846153846154,15,19.4,16.9,10,0,0,0,2011,0
"1283",2011-10-17,2,38,0.0526315789473684,13.3,18.9,16.5,10,0,0,0,2011,0
"1284",2011-10-18,3,64,0.046875,12.8,20,15.5,10,0,0,0,2011,0
"1285",2011-10-19,2,50,0.04,12.2,15,13.6,10,0,0,0,2011,0
"1286",2011-10-20,1,43,0.0232558139534884,12.2,20.6,15,10,0,0,0,2011,0
"1287",2011-10-21,5,31,0.161290322580645,11.7,17.8,14.7,10,0,0,0,2011,0
"1288",2011-10-22,0,8,0,10,17.2,13.5,10,0,0,0,2011,0
"1289",2011-10-24,5,49,0.102040816326531,6.1,17.2,12.1,10,0,0,0,2011,0
"1290",2011-10-25,3,38,0.0789473684210526,10,16.7,13.4,10,0,0,0,2011,0
"1291",2011-10-26,6,41,0.146341463414634,8.9,10,9.6,10,0,0,0,2011,0
"1292",2011-10-27,1,58,0.0172413793103448,1.1,9.4,6.5,10,0,0,0,2011,0
"1293",2011-10-28,3,47,0.0638297872340425,1.7,9.4,5.1,10,0,0,0,2011,0
"1294",2011-10-31,3,45,0.0666666666666667,3.3,11.1,7.3,10,0,0,0,2011,0
"1295",2011-11-01,5,31,0.161290322580645,4.4,12.2,8.1,11,0,0,0,2011,0
"1296",2011-11-02,3,54,0.0555555555555556,3.9,12.2,7.8,11,0,0,0,2011,0
"1297",2011-11-03,1,29,0.0344827586206897,5.6,17.2,11.3,11,0,0,0,2011,0
"1298",2011-11-04,1,42,0.0238095238095238,3.3,11.7,9.3,11,0,0,0,2011,0
"1299",2011-11-07,3,59,0.0508474576271186,5.6,18.3,11.7,11,0,0,0,2011,0
"1300",2011-11-08,8,38,0.210526315789474,10.6,20.6,14.9,11,0,0,0,2011,0
"1301",2011-11-09,3,44,0.0681818181818182,8.3,19.4,13.1,11,0,0,0,2011,0
"1302",2011-11-10,2,42,0.0476190476190476,11.1,15.6,13.2,11,0,0,0,2011,0
"1303",2011-11-11,0,1,0,5,14.4,8.7,11,0,0,0,2011,0
"1304",2011-11-14,3,46,0.0652173913043478,12.2,20,15.2,11,0,0,0,2011,0
"1305",2011-11-15,1,41,0.024390243902439,13.3,19.4,16.5,11,0,0,0,2011,0
"1306",2011-11-16,4,36,0.111111111111111,10.6,15,12.9,11,0,0,0,2011,0
"1307",2011-11-17,0,43,0,3.9,13.3,8.6,11,0,0,0,2011,0
"1308",2011-11-18,2,25,0.08,2.2,7.2,4.4,11,0,0,0,2011,0
"1309",2011-11-21,3,53,0.0566037735849057,2.2,15,8,11,0,0,0,2011,0
"1310",2011-11-22,1,43,0.0232558139534884,1.1,7.8,5,11,0,0,0,2011,0
"1311",2011-11-23,1,29,0.0344827586206897,1.1,8.9,5.2,11,0,0,0,2011,0
"1312",2011-11-25,1,45,0.0222222222222222,2.2,16.1,9.4,11,0,0,0,2011,0
"1313",2011-11-28,3,47,0.0638297872340425,11.7,19.4,15.3,11,0,0,0,2011,0
"1314",2011-11-29,2,45,0.0444444444444444,11.1,18.9,13.4,11,0,0,0,2011,0
"1315",2011-11-30,1,42,0.0238095238095238,6.7,17.8,12,11,0,0,0,2011,0
"1316",2011-12-01,1,51,0.0196078431372549,3.3,9.4,6.4,12,0,0,0,2011,0
"1317",2011-12-02,3,32,0.09375,1.7,10,5.8,12,0,0,0,2011,0
"1318",2011-12-05,2,40,0.05,6.7,17.2,11.2,12,0,0,0,2011,0
"1319",2011-12-06,2,36,0.0555555555555556,9.4,16.1,13.8,12,0,0,0,2011,0
"1320",2011-12-07,0,18,0,7.2,15,9.8,12,0,0,0,2011,0
"1321",2011-12-08,2,63,0.0317460317460317,2.8,7.8,4.8,12,0,0,0,2011,0
"1322",2011-12-09,4,40,0.1,1.7,11.1,5.9,12,0,0,0,2011,0
"1323",2011-12-12,3,37,0.0810810810810811,-0.6,9.4,3.6,12,0,0,0,2011,0
"1324",2011-12-13,2,41,0.048780487804878,-1.7,8.3,3.2,12,0,0,0,2011,0
"1325",2011-12-14,4,25,0.16,2.8,6.1,4.2,12,0,0,0,2011,0
"1326",2011-12-15,1,38,0.0263157894736842,3.3,12.2,8.5,12,0,0,0,2011,0
"1327",2011-12-16,2,38,0.0526315789473684,5,12.2,8.9,12,0,0,0,2011,0
"1328",2011-12-19,1,29,0.0344827586206897,-7.8,7.2,0.8,12,0,0,0,2011,0
"1329",2011-12-20,2,33,0.0606060606060606,0,7.2,3.8,12,0,0,0,2011,0
"1330",2011-12-21,2,12,0.166666666666667,0,14.4,8.2,12,0,0,0,2011,0
"1331",2011-12-22,2,45,0.0444444444444444,7.2,13.9,11.2,12,0,0,0,2011,0
"1332",2011-12-23,2,35,0.0571428571428571,-0.6,8.3,4.6,12,0,0,0,2011,0
"1333",2011-12-27,1,41,0.024390243902439,-1.7,13.3,5.1,12,0,0,0,2011,0
"1334",2011-12-28,2,29,0.0689655172413793,-2.2,13.9,6.6,12,0,0,0,2011,0
"1335",2011-12-29,1,31,0.032258064516129,-5,0.6,-2,12,0,0,0,2011,0
"1336",2011-12-30,0,53,0,-2.8,6.7,1.7,12,0,0,0,2011,0
"1337",2012-01-03,3,44,0.0681818181818182,-10,1.7,-3.2,1,0,0,0,2012,0
"1338",2012-01-04,3,36,0.0833333333333333,-12.2,-2.2,-7,1,0,0,0,2012,0
"1339",2012-01-05,1,39,0.0256410256410256,-3.9,3.9,-0.7,1,0,0,0,2012,0
"1340",2012-01-06,2,34,0.0588235294117647,-2.2,8.9,1.7,1,0,0,0,2012,0
"1341",2012-01-09,2,45,0.0444444444444444,-3.9,4.4,0,1,0,0,0,2012,0
"1342",2012-01-10,5,53,0.0943396226415094,-1.1,8.3,3.4,1,0,0,0,2012,0
"1343",2012-01-11,3,43,0.0697674418604651,-1.1,3.3,1.7,1,0,0,0,2012,0
"1344",2012-01-12,5,41,0.121951219512195,0.6,5.6,4,1,0,0,0,2012,0
"1345",2012-01-13,6,54,0.111111111111111,-0.6,12.2,3.5,1,0,0,0,2012,0
"1346",2012-01-16,0,2,0,-12.2,1.1,-6.1,1,0,0,0,2012,0
"1347",2012-01-17,5,49,0.102040816326531,0.6,8.9,3.9,1,0,0,0,2012,0
"1348",2012-01-18,0,39,0,-6.1,11.1,2.9,1,0,0,0,2012,0
"1349",2012-01-19,5,36,0.138888888888889,-8.3,0.6,-4.3,1,0,0,0,2012,0
"1350",2012-01-20,5,40,0.125,-5.6,0,-1.8,1,0,0,0,2012,0
"1351",2012-01-23,3,30,0.1,-2.2,8.3,2.6,1,0,0,0,2012,0
"1352",2012-01-24,1,31,0.032258064516129,5.6,13.3,10.2,1,0,0,0,2012,0
"1353",2012-01-25,2,35,0.0571428571428571,2.2,6.1,3.9,1,0,0,0,2012,0
"1354",2012-01-26,4,40,0.1,-0.6,5,1.8,1,0,0,0,2012,0
"1355",2012-01-27,2,40,0.05,2.8,7.8,5.7,1,0,0,0,2012,0
"1356",2012-01-30,2,43,0.0465116279069767,-0.6,4.4,1.9,1,0,0,0,2012,0
"1357",2012-01-31,1,49,0.0204081632653061,-1.1,8.3,2.4,1,0,0,0,2012,0
"1358",2012-02-01,0,47,0,1.7,15,7.4,2,0,0,0,2012,0
"1359",2012-02-02,5,31,0.161290322580645,-0.6,7.2,3.4,2,0,0,0,2012,0
"1360",2012-02-03,2,49,0.0408163265306122,-3.9,3.9,0.3,2,0,0,0,2012,0
"1361",2012-02-06,3,53,0.0566037735849057,-2.2,10,3.8,2,0,0,0,2012,0
"1362",2012-02-07,0,44,0,-1.1,7.8,4.3,2,0,0,0,2012,0
"1363",2012-02-08,4,43,0.0930232558139535,-5.6,3.3,-1,2,0,0,0,2012,0
"1364",2012-02-09,3,45,0.0666666666666667,-1.1,8.3,3.8,2,0,0,0,2012,0
"1365",2012-02-10,4,35,0.114285714285714,-1.1,10,5.1,2,0,0,0,2012,0
"1366",2012-02-13,2,39,0.0512820512820513,-8.3,5,-1,2,0,0,0,2012,0
"1367",2012-02-14,4,45,0.0888888888888889,-2.2,6.7,2.2,2,0,0,0,2012,0
"1368",2012-02-15,5,46,0.108695652173913,1.1,6.1,4,2,0,0,0,2012,0
"1369",2012-02-16,4,42,0.0952380952380952,1.7,7.2,4.3,2,0,0,0,2012,0
"1370",2012-02-17,1,29,0.0344827586206897,3.3,11.7,6.6,2,0,0,0,2012,0
"1371",2012-02-21,3,37,0.0810810810810811,-2.2,6.7,1.8,2,0,0,0,2012,0
"1372",2012-02-22,2,35,0.0571428571428571,2.2,13.9,7.9,2,0,0,0,2012,0
"1373",2012-02-23,6,45,0.133333333333333,5,12.8,8.3,2,0,0,0,2012,0
"1374",2012-02-24,1,23,0.0434782608695652,2.2,5.6,3.9,2,0,0,0,2012,0
"1375",2012-02-27,6,42,0.142857142857143,-3.3,11.1,4,2,0,0,0,2012,0
"1376",2012-02-28,2,55,0.0363636363636364,1.1,8.9,5.4,2,0,0,0,2012,0
"1377",2012-02-29,2,49,0.0408163265306122,-0.6,2.2,1,2,0,0,0,2012,0
"1378",2012-03-01,7,55,0.127272727272727,-3.9,2.8,1.6,3,0,0,0,2012,0
"1379",2012-03-02,4,39,0.102564102564103,-5,1.7,-2.4,3,0,0,0,2012,0
"1380",2012-03-05,6,44,0.136363636363636,-3.9,3.3,0.2,3,0,0,0,2012,0
"1381",2012-03-06,6,42,0.142857142857143,-6.7,3.9,-1.5,3,0,0,0,2012,0
"1382",2012-03-07,2,34,0.0588235294117647,0,16.7,8.1,3,0,0,0,2012,0
"1383",2012-03-08,4,24,0.166666666666667,10,20,14.6,3,0,0,0,2012,0
"1384",2012-03-09,4,53,0.0754716981132075,1.7,16.1,7,3,0,0,0,2012,0
"1385",2012-03-12,3,50,0.06,5.6,21.7,12,3,0,0,0,2012,0
"1386",2012-03-13,4,52,0.0769230769230769,9.4,21.7,14.2,3,0,0,0,2012,0
"1387",2012-03-14,3,32,0.09375,4.4,13.9,7,3,0,0,0,2012,0
"1388",2012-03-15,5,30,0.166666666666667,2.8,5.6,3.7,3,0,0,0,2012,0
"1389",2012-03-16,0,14,0,2.8,7.8,4.9,3,0,0,0,2012,0
"1390",2012-03-17,0,1,0,4.4,9.4,7.2,3,0,0,0,2012,0
"1391",2012-03-19,3,45,0.0666666666666667,7.2,23.3,13.1,3,0,0,0,2012,0
"1392",2012-03-20,5,54,0.0925925925925926,6.7,19.4,12.3,3,0,0,0,2012,0
"1393",2012-03-21,5,53,0.0943396226415094,13.3,25.6,19.1,3,0,0,0,2012,0
"1394",2012-03-22,2,35,0.0571428571428571,13.3,28.3,20.7,3,0,0,0,2012,0
"1395",2012-03-23,6,39,0.153846153846154,14.4,24.4,19.5,3,0,0,0,2012,0
"1396",2012-03-26,5,46,0.108695652173913,0,10,5.4,3,0,0,0,2012,0
"1397",2012-03-27,3,47,0.0638297872340425,-2.8,9.4,2.8,3,0,0,0,2012,0
"1398",2012-03-28,5,44,0.113636363636364,3.9,10,7,3,0,0,0,2012,0
"1399",2012-03-29,4,38,0.105263157894737,4.4,7.8,6.3,3,0,0,0,2012,0
"1400",2012-03-30,3,30,0.1,2.2,10.6,5.9,3,0,0,0,2012,0
"1401",2012-04-01,0,1,0,1.1,10.6,5.6,4,0,0,0,2012,0
"1402",2012-04-02,0,50,0,3.9,11.7,6.2,4,0,0,0,2012,0
"1403",2012-04-03,2,43,0.0465116279069767,2.2,15,8.4,4,0,0,0,2012,0
"1404",2012-04-04,4,34,0.117647058823529,6.1,17.8,11.7,4,0,0,0,2012,0
"1405",2012-04-05,4,35,0.114285714285714,4.4,11.1,7.2,4,0,0,0,2012,0
"1406",2012-04-06,4,75,0.0533333333333333,2.8,11.7,7.2,4,0,0,0,2012,0
"1407",2012-04-07,0,1,0,3.3,11.1,6.3,4,0,0,0,2012,0
"1408",2012-04-09,6,35,0.171428571428571,6.1,14.4,10.4,4,0,0,0,2012,0
"1409",2012-04-10,3,50,0.06,6.1,17.2,12,4,0,0,0,2012,0
"1410",2012-04-11,4,33,0.121212121212121,6.7,12.2,9.4,4,0,0,0,2012,0
"1411",2012-04-12,5,62,0.0806451612903226,6.1,13.3,8.2,4,0,0,0,2012,0
"1412",2012-04-13,7,64,0.109375,5,18.3,11.6,4,0,0,0,2012,0
"1413",2012-04-17,4,41,0.0975609756097561,13.9,28.9,22,4,0,0,0,2012,0
"1414",2012-04-18,4,33,0.121212121212121,9.4,16.7,11.9,4,0,0,0,2012,0
"1415",2012-04-19,5,49,0.102040816326531,8.3,18.9,12.6,4,0,0,0,2012,0
"1416",2012-04-20,5,54,0.0925925925925926,9.4,25,16,4,0,0,0,2012,0
"1417",2012-04-21,0,1,0,12.2,25.6,17.6,4,0,0,0,2012,0
"1418",2012-04-22,0,1,0,6.7,16.7,11,4,0,0,0,2012,0
"1419",2012-04-23,1,25,0.04,6.7,17.2,12.9,4,0,0,0,2012,0
"1420",2012-04-24,1,39,0.0256410256410256,7.8,14.4,10.6,4,0,0,0,2012,0
"1421",2012-04-25,4,47,0.0851063829787234,6.1,16.7,11.3,4,0,0,0,2012,0
"1422",2012-04-26,11,59,0.186440677966102,6.1,17.2,10.6,4,0,0,0,2012,0
"1423",2012-04-27,4,57,0.0701754385964912,4.4,13.9,11,4,0,0,0,2012,0
"1424",2012-04-28,0,1,0,2.8,15.6,8.4,4,0,0,0,2012,0
"1425",2012-04-29,0,1,0,3.9,15,10.2,4,0,0,0,2012,0
"1426",2012-04-30,1,38,0.0263157894736842,5,12.2,9.2,4,0,0,0,2012,0
"1427",2012-05-01,2,37,0.0540540540540541,7.2,10,8.3,5,0,0,0,2012,0
"1428",2012-05-02,4,37,0.108108108108108,7.2,11.1,8.5,5,0,0,0,2012,0
"1429",2012-05-03,3,44,0.0681818181818182,7.8,10,9,5,0,0,0,2012,0
"1430",2012-05-04,4,58,0.0689655172413793,9.4,13.3,10.9,5,0,0,0,2012,0
"1431",2012-05-05,1,4,0.25,7.8,14.4,10.7,5,0,0,0,2012,0
"1432",2012-05-07,2,68,0.0294117647058824,8.9,15,12.4,5,0,0,0,2012,0
"1433",2012-05-08,2,52,0.0384615384615385,10,14.4,12.4,5,0,0,0,2012,0
"1434",2012-05-09,4,57,0.0701754385964912,13.3,17.2,15.2,5,0,0,0,2012,0
"1435",2012-05-10,7,63,0.111111111111111,10,19.4,14.4,5,0,0,0,2012,0
"1436",2012-05-11,3,47,0.0638297872340425,8.3,17.8,12.7,5,0,0,0,2012,0
"1437",2012-05-12,0,3,0,10,26.7,18.3,5,0,0,0,2012,0
"1438",2012-05-13,1,1,1,15,26.7,19.3,5,0,0,0,2012,0
"1439",2012-05-14,3,46,0.0652173913043478,11.7,17.8,13.4,5,0,0,0,2012,0
"1440",2012-05-15,1,51,0.0196078431372549,13.3,22.8,17.2,5,0,0,0,2012,0
"1441",2012-05-16,5,41,0.121951219512195,15.6,22.8,18.1,5,0,0,0,2012,0
"1442",2012-05-17,5,60,0.0833333333333333,12.2,21.1,16.6,5,0,0,0,2012,0
"1443",2012-05-18,3,45,0.0666666666666667,9.4,18.3,14.3,5,0,0,0,2012,0
"1444",2012-05-19,0,2,0,10.6,18.9,15.1,5,0,0,0,2012,0
"1445",2012-05-21,4,53,0.0754716981132075,12.2,15,14,5,0,0,0,2012,0
"1446",2012-05-22,5,50,0.1,13.3,17.2,15.2,5,0,0,0,2012,0
"1447",2012-05-23,1,37,0.027027027027027,15,21.7,17.8,5,0,0,0,2012,0
"1448",2012-05-24,4,59,0.0677966101694915,15.6,21.7,17.9,5,0,0,0,2012,0
"1449",2012-05-25,1,34,0.0294117647058824,14.4,23.3,17.8,5,0,0,0,2012,0
"1450",2012-05-29,3,58,0.0517241379310345,15,19.4,16.9,5,0,0,0,2012,0
"1451",2012-05-30,0,35,0,16.1,23.9,20.9,5,0,0,0,2012,0
"1452",2012-05-31,2,55,0.0363636363636364,17.2,28.3,22.2,5,0,0,0,2012,0
"1453",2012-06-01,2,30,0.0666666666666667,14.4,18.3,16.6,6,1,0,0,2012,0
"1454",2012-06-04,3,33,0.0909090909090909,10,11.7,10.7,6,1,0,0,2012,0
"1455",2012-06-05,3,54,0.0555555555555556,10,13.3,11.2,6,1,0,0,2012,0
"1456",2012-06-06,0,20,0,11.1,16.1,13.5,6,1,0,0,2012,0
"1457",2012-06-07,2,36,0.0555555555555556,12.2,18.3,14.5,6,1,0,0,2012,0
"1458",2012-06-08,1,34,0.0294117647058824,12.2,26.1,17.5,6,1,0,0,2012,0
"1459",2012-06-11,5,42,0.119047619047619,13.9,23.3,17.8,6,1,0,0,2012,0
"1460",2012-06-12,2,46,0.0434782608695652,15.6,23.3,19.2,6,1,0,0,2012,0
"1461",2012-06-13,1,31,0.032258064516129,16.7,18.3,17.4,6,1,0,0,2012,0
"1462",2012-06-14,4,36,0.111111111111111,16.1,20,17.8,6,1,0,0,2012,0
"1463",2012-06-15,2,38,0.0526315789473684,13.9,20.6,17.9,6,1,0,0,2012,0
"1464",2012-06-18,2,32,0.0625,12.8,17.8,15.5,6,1,0,0,2012,0
"1465",2012-06-19,3,31,0.0967741935483871,13.3,24.4,19,6,1,0,0,2012,0
"1466",2012-06-20,4,49,0.0816326530612245,18.9,36.1,27.8,6,1,1,1,2012,1
"1467",2012-06-21,2,28,0.0714285714285714,26.7,35.6,31.1,6,1,1,1,2012,0
"1468",2012-06-22,2,39,0.0512820512820513,23.3,35,29.4,6,1,1,1,2012,0
"1469",2012-06-24,0,1,0,17.8,28.9,23.4,6,1,0,0,2012,0
"1470",2012-06-25,5,41,0.121951219512195,16.1,22.8,20.5,6,1,0,0,2012,0
"1471",2012-06-26,2,29,0.0689655172413793,16.1,22.8,18.7,6,1,0,0,2012,0
"1472",2012-06-27,5,22,0.227272727272727,16.1,25,20.2,6,1,0,0,2012,0
"1473",2012-06-28,3,18,0.166666666666667,18.3,28.3,22.3,6,1,0,0,2012,0
"1474",2012-06-29,1,24,0.0416666666666667,18.9,31.7,23.8,6,1,1,1,2012,1
"1475",2012-07-02,0,23,0,20.6,28.9,24.5,7,1,0,0,2012,0
"1476",2012-07-03,0,14,0,20,30,23.9,7,1,1,0,2012,0
"1477",2012-07-05,1,25,0.04,21.1,28.3,24.4,7,1,0,0,2012,0
"1478",2012-07-06,0,26,0,20,26.7,23.7,7,1,0,0,2012,0
"1479",2012-07-09,2,28,0.0714285714285714,19.4,28.9,24.2,7,1,0,0,2012,0
"1480",2012-07-10,0,27,0,18.3,28.3,22.7,7,1,0,0,2012,0
"1481",2012-07-11,3,28,0.107142857142857,18.9,26.7,23.4,7,1,0,0,2012,0
"1482",2012-07-12,0,17,0,18.9,30,24.6,7,1,1,1,2012,1
"1483",2012-07-13,3,26,0.115384615384615,20.6,32.2,25.7,7,1,1,1,2012,0
"1484",2012-07-14,0,2,0,22.2,32.8,27.4,7,1,1,1,2012,0
"1485",2012-07-16,3,35,0.0857142857142857,22.2,31.1,25.5,7,1,1,1,2012,0
"1486",2012-07-17,1,15,0.0666666666666667,24.4,36.1,29.8,7,1,1,1,2012,0
"1487",2012-07-18,1,35,0.0285714285714286,21.1,31.7,26.6,7,1,1,1,2012,0
"1488",2012-07-19,2,43,0.0465116279069767,18.9,23.3,21.8,7,1,0,0,2012,0
"1489",2012-07-20,3,33,0.0909090909090909,17.8,21.7,19.9,7,1,0,0,2012,0
"1490",2012-07-23,4,29,0.137931034482759,18.9,30,23.5,7,1,1,0,2012,0
"1491",2012-07-24,1,35,0.0285714285714286,20,32.8,24.1,7,1,1,0,2012,0
"1492",2012-07-25,4,41,0.0975609756097561,18.3,28.3,22.7,7,1,0,0,2012,0
"1493",2012-07-26,2,49,0.0408163265306122,18.9,28.9,23.6,7,1,0,0,2012,0
"1494",2012-07-27,2,48,0.0416666666666667,17.8,25,20.8,7,1,0,0,2012,0
"1495",2012-07-30,3,35,0.0857142857142857,17.2,27.2,21.3,7,1,0,0,2012,0
"1496",2012-07-31,1,45,0.0222222222222222,17.2,22.8,19.7,7,1,0,0,2012,0
"1497",2012-08-01,3,42,0.0714285714285714,20,25.6,22,8,1,0,0,2012,0
"1498",2012-08-02,1,49,0.0204081632653061,20,30,24.2,8,1,1,0,2012,0
"1499",2012-08-03,0,31,0,22.2,33.3,27.8,8,1,1,0,2012,0
"1500",2012-08-06,3,42,0.0714285714285714,21.7,29.4,26,8,1,0,0,2012,0
"1501",2012-08-07,4,42,0.0952380952380952,19.4,25,22.5,8,1,0,0,2012,0
"1502",2012-08-08,4,90,0.0444444444444444,18.9,28.3,23.8,8,1,0,0,2012,0
"1503",2012-08-09,1,44,0.0227272727272727,20.6,28.3,24.5,8,1,0,0,2012,0
"1504",2012-08-10,2,49,0.0408163265306122,20.6,28.9,23.6,8,1,0,0,2012,0
"1505",2012-08-13,4,46,0.0869565217391304,21.7,30,25.7,8,1,1,0,2012,0
"1506",2012-08-14,2,28,0.0714285714285714,21.1,28.3,24.9,8,1,0,0,2012,0
"1507",2012-08-15,2,38,0.0526315789473684,18.9,28.9,23.8,8,1,0,0,2012,0
"1508",2012-08-16,1,47,0.0212765957446809,19.4,29.4,23.8,8,1,0,0,2012,0
"1509",2012-08-17,1,33,0.0303030303030303,18.9,30,25.3,8,1,1,0,2012,0
"1510",2012-08-20,2,45,0.0444444444444444,16.7,23.9,20.3,8,1,0,0,2012,0
"1511",2012-08-21,3,34,0.0882352941176471,18.9,28.3,23.2,8,1,0,0,2012,0
"1512",2012-08-22,5,31,0.161290322580645,18.9,25.6,22.2,8,1,0,0,2012,0
"1513",2012-08-23,2,36,0.0555555555555556,18.9,30.6,24.6,8,1,1,0,2012,0
"1514",2012-08-24,1,44,0.0227272727272727,20,25.6,22.6,8,1,0,0,2012,0
"1515",2012-08-25,0,1,0,18.9,25,21.4,8,1,0,0,2012,0
"1516",2012-08-26,0,1,0,17.8,24.4,20.9,8,1,0,0,2012,0
"1517",2012-08-27,3,55,0.0545454545454545,16.7,29.4,22.8,8,1,0,0,2012,0
"1518",2012-08-28,5,44,0.113636363636364,20,30,24.6,8,1,1,0,2012,0
"1519",2012-08-29,2,21,0.0952380952380952,16.7,23.9,20.3,8,1,0,0,2012,0
"1520",2012-08-30,5,33,0.151515151515152,15.6,28.3,22.5,8,1,0,0,2012,0
"1521",2012-08-31,1,22,0.0454545454545455,20,32.2,26.4,8,1,1,0,2012,0
"1522",2012-09-04,2,52,0.0384615384615385,17.2,22.8,19.3,9,0,0,0,2012,0
"1523",2012-09-05,0,41,0,18.9,27.8,23.1,9,0,0,0,2012,0
"1524",2012-09-06,2,40,0.05,18.3,26.1,21.5,9,0,0,0,2012,0
"1525",2012-09-07,4,36,0.111111111111111,20,27.8,22.8,9,0,0,0,2012,0
"1526",2012-09-10,3,42,0.0714285714285714,13.3,20.6,17.1,9,0,0,0,2012,0
"1527",2012-09-11,2,34,0.0588235294117647,11.7,22.8,16.6,9,0,0,0,2012,0
"1528",2012-09-12,0,35,0,11.7,22.8,17.7,9,0,0,0,2012,0
"1529",2012-09-13,1,26,0.0384615384615385,15.6,27.8,21.1,9,0,0,0,2012,0
"1530",2012-09-14,1,29,0.0344827586206897,16.1,27.2,20.9,9,0,0,0,2012,0
"1531",2012-09-17,3,41,0.0731707317073171,11.7,21.1,16.7,9,0,0,0,2012,0
"1532",2012-09-18,0,32,0,14.4,23.9,19.6,9,0,0,0,2012,0
"1533",2012-09-19,1,33,0.0303030303030303,12.8,22.2,19.4,9,0,0,0,2012,0
"1534",2012-09-20,2,31,0.0645161290322581,10.6,16.7,13.9,9,0,0,0,2012,0
"1535",2012-09-21,3,30,0.1,10.6,17.2,13.7,9,0,0,0,2012,0
"1536",2012-09-22,0,3,0,13.3,19.4,15.9,9,0,0,0,2012,0
"1537",2012-09-23,0,1,0,13.3,21.7,18.4,9,0,0,0,2012,0
"1538",2012-09-24,6,43,0.13953488372093,10.6,19.4,14.8,9,0,0,0,2012,0
"1539",2012-09-25,2,49,0.0408163265306122,9.4,22.8,16.1,9,0,0,0,2012,0
"1540",2012-09-26,2,39,0.0512820512820513,15,23.3,19.1,9,0,0,0,2012,0
"1541",2012-09-27,1,34,0.0294117647058824,12.8,20.6,17.2,9,0,0,0,2012,0
"1542",2012-09-28,4,45,0.0888888888888889,12.2,14.4,13.9,9,0,0,0,2012,0
"1543",2012-10-01,2,37,0.0540540540540541,10,20,14.9,10,0,0,0,2012,0
"1544",2012-10-02,4,42,0.0952380952380952,13.3,21.7,17,10,0,0,0,2012,0
"1545",2012-10-03,3,44,0.0681818181818182,15,17.8,16.2,10,0,0,0,2012,0
"1546",2012-10-04,4,49,0.0816326530612245,15,16.7,15.6,10,0,0,0,2012,0
"1547",2012-10-05,4,41,0.0975609756097561,13.9,24.4,18.4,10,0,0,0,2012,0
"1548",2012-10-08,0,1,0,7.8,13.3,10.7,10,0,0,0,2012,0
"1549",2012-10-09,2,37,0.0540540540540541,11.7,14.4,12.8,10,0,0,0,2012,0
"1550",2012-10-10,1,48,0.0208333333333333,11.1,16.7,14,10,0,0,0,2012,0
"1551",2012-10-11,4,61,0.0655737704918033,7.2,15,11.4,10,0,0,0,2012,0
"1552",2012-10-12,1,59,0.0169491525423729,4.4,12.2,9,10,0,0,0,2012,0
"1553",2012-10-15,2,39,0.0512820512820513,15.6,23.3,18.6,10,0,0,0,2012,0
"1554",2012-10-16,4,50,0.08,7.2,17.2,12.8,10,0,0,0,2012,0
"1555",2012-10-17,3,50,0.06,5.6,13.3,9.2,10,0,0,0,2012,0
"1556",2012-10-18,0,46,0,6.7,15.6,11.6,10,0,0,0,2012,0
"1557",2012-10-19,4,68,0.0588235294117647,11.7,20,15,10,0,0,0,2012,0
"1558",2012-10-22,3,58,0.0517241379310345,11.1,20,15,10,0,0,0,2012,0
"1559",2012-10-23,0,57,0,10.6,19.4,14.1,10,0,0,0,2012,0
"1560",2012-10-24,7,44,0.159090909090909,8.3,12.8,10.8,10,0,0,0,2012,0
"1561",2012-10-25,2,54,0.037037037037037,6.7,15,11.1,10,0,0,0,2012,0
"1562",2012-10-26,3,45,0.0666666666666667,8.3,18.9,12.9,10,0,0,0,2012,0
"1563",2012-10-27,0,1,0,9.4,15.6,12.4,10,0,0,0,2012,0
"1564",2012-10-29,0,1,0,11.7,16.1,13.6,10,0,0,0,2012,0
"1565",2012-10-30,3,59,0.0508474576271186,11.1,17.2,14.3,10,0,0,0,2012,0
"1566",2012-10-31,3,49,0.0612244897959184,8.3,13.3,11.6,10,0,0,0,2012,0
"1567",2012-11-01,0,32,0,7.2,13.9,10.3,11,0,0,0,2012,0
"1568",2012-11-02,2,58,0.0344827586206897,7.2,11.1,9.4,11,0,0,0,2012,0
"1569",2012-11-05,4,50,0.08,0.6,7.2,3.8,11,0,0,0,2012,0
"1570",2012-11-06,2,45,0.0444444444444444,-0.6,5,2.1,11,0,0,0,2012,0
"1571",2012-11-07,4,85,0.0470588235294118,0,7.2,4,11,0,0,0,2012,0
"1572",2012-11-08,0,38,0,0,4.4,2.5,11,0,0,0,2012,0
"1573",2012-11-09,2,47,0.0425531914893617,3.3,11.7,7.1,11,0,0,0,2012,0
"1574",2012-11-10,0,1,0,4.4,12.8,7.8,11,0,0,0,2012,0
"1575",2012-11-13,3,49,0.0612244897959184,4.4,17.2,10.5,11,0,0,0,2012,0
"1576",2012-11-14,6,46,0.130434782608696,2.2,7.2,4.5,11,0,0,0,2012,0
"1577",2012-11-15,3,46,0.0652173913043478,1.1,5,2.8,11,0,0,0,2012,0
"1578",2012-11-16,3,38,0.0789473684210526,1.7,7.2,4,11,0,0,0,2012,0
"1579",2012-11-19,2,34,0.0588235294117647,0.6,8.9,4.1,11,0,0,0,2012,0
"1580",2012-11-20,1,29,0.0344827586206897,1.1,8.9,4.7,11,0,0,0,2012,0
"1581",2012-11-21,1,27,0.037037037037037,3.3,9.4,6.3,11,0,0,0,2012,0
"1582",2012-11-23,2,20,0.1,2.2,9.4,6.2,11,0,0,0,2012,0
"1583",2012-11-26,4,42,0.0952380952380952,0.6,7.8,3.7,11,0,0,0,2012,0
"1584",2012-11-27,2,29,0.0689655172413793,1.1,3.9,1.9,11,0,0,0,2012,0
"1585",2012-11-28,1,36,0.0277777777777778,0,2.2,1.2,11,0,0,0,2012,0
"1586",2012-11-29,1,25,0.04,0,6.1,2.8,11,0,0,0,2012,0
"1587",2012-11-30,2,22,0.0909090909090909,-1.1,3.3,0.4,11,0,0,0,2012,0
"1588",2012-12-03,2,38,0.0526315789473684,5,15,10.4,12,0,0,0,2012,0
"1589",2012-12-04,3,33,0.0909090909090909,3.9,13.9,8.2,12,0,0,0,2012,0
"1590",2012-12-05,2,23,0.0869565217391304,0.6,13.9,10.2,12,0,0,0,2012,0
"1591",2012-12-06,2,39,0.0512820512820513,-1.1,5,1.2,12,0,0,0,2012,0
"1592",2012-12-07,0,35,0,-1.1,6.7,3.2,12,0,0,0,2012,0
"1593",2012-12-08,0,1,0,6.1,8.3,6.4,12,0,0,0,2012,0
"1594",2012-12-10,2,35,0.0571428571428571,5.6,15.6,10.6,12,0,0,0,2012,0
"1595",2012-12-11,2,42,0.0476190476190476,1.1,13.3,7.2,12,0,0,0,2012,0
"1596",2012-12-12,4,38,0.105263157894737,-0.6,4.4,1.7,12,0,0,0,2012,0
"1597",2012-12-13,2,31,0.0645161290322581,-1.7,5.6,2.3,12,0,0,0,2012,0
"1598",2012-12-14,1,5,0.2,-0.6,9.4,3.9,12,0,0,0,2012,0
"1599",2012-12-17,0,31,0,2.8,7.2,5.4,12,0,0,0,2012,0
"1600",2012-12-18,3,41,0.0731707317073171,5,10,7.6,12,0,0,0,2012,0
"1601",2012-12-19,4,39,0.102564102564103,3.3,7.2,5.3,12,0,0,0,2012,0
"1602",2012-12-20,0,28,0,0.6,6.1,3.3,12,0,0,0,2012,0
"1603",2012-12-21,2,33,0.0606060606060606,3.3,11.1,6.5,12,0,0,0,2012,0
"1604",2012-12-24,1,8,0.125,-0.6,4.4,1.9,12,0,0,0,2012,0
"1605",2012-12-26,1,17,0.0588235294117647,-5,3.9,-0.4,12,0,0,0,2012,0
"1606",2012-12-27,3,33,0.0909090909090909,-1.1,8.3,3.8,12,0,0,0,2012,0
"1607",2012-12-28,1,34,0.0294117647058824,-2.2,2.8,0,12,0,0,0,2012,0
"1608",2012-12-30,0,4120,0,-5.6,-1.1,-2.5,12,0,0,0,2012,0
"1609",2012-12-31,4,29,0.137931034482759,-6.1,1.1,-2.5,12,0,0,0,2012,0
"1610",2013-01-02,2,25,0.08,-11.1,-1.1,-5.6,1,0,0,0,2013,0
"1611",2013-01-03,2,45,0.0444444444444444,-13.9,-3.9,-8.7,1,0,0,0,2013,0
"1612",2013-01-04,3,38,0.0789473684210526,-6.1,3.3,-0.6,1,0,0,0,2013,0
"1613",2013-01-05,0,3,0,-2.8,5.6,1.3,1,0,0,0,2013,0
"1614",2013-01-06,0,1,0,-2.2,6.1,1.9,1,0,0,0,2013,0
"1615",2013-01-07,5,38,0.131578947368421,-1.7,3.9,1.5,1,0,0,0,2013,0
"1616",2013-01-08,6,49,0.122448979591837,-2.2,7.8,3.2,1,0,0,0,2013,0
"1617",2013-01-09,1,41,0.024390243902439,-2.2,7.8,3.6,1,0,0,0,2013,0
"1618",2013-01-10,2,28,0.0714285714285714,1.7,8.3,5.9,1,0,0,0,2013,0
"1619",2013-01-11,4,48,0.0833333333333333,-0.6,4.4,2.4,1,0,0,0,2013,0
"1620",2013-01-14,6,49,0.122448979591837,5.6,16.1,11.1,1,0,0,0,2013,0
"1621",2013-01-15,2,50,0.04,1.7,5.6,4,1,0,0,0,2013,0
"1622",2013-01-16,3,63,0.0476190476190476,-1.1,2.2,0.6,1,0,0,0,2013,0
"1623",2013-01-17,3,47,0.0638297872340425,-1.1,5.6,2,1,0,0,0,2013,0
"1624",2013-01-18,3,63,0.0476190476190476,-7.2,-1.1,-4.6,1,0,0,0,2013,0
"1625",2013-01-22,1,45,0.0222222222222222,-9.4,-3.9,-5.8,1,0,0,0,2013,0
"1626",2013-01-23,2,35,0.0571428571428571,-13.3,-8.3,-10.8,1,0,0,0,2013,0
"1627",2013-01-24,3,68,0.0441176470588235,-15.6,-6.1,-11.2,1,0,0,0,2013,0
"1628",2013-01-25,3,55,0.0545454545454545,-12.2,-4.4,-8.3,1,0,0,0,2013,0
"1629",2013-01-28,1,32,0.03125,-6.1,-0.6,-3.4,1,0,0,0,2013,0
"1630",2013-01-29,0,15,0,-2.8,1.1,-0.7,1,0,0,0,2013,0
"1631",2013-01-30,0,31,0,0.6,15.6,8.8,1,0,0,0,2013,0
"1632",2013-01-31,1,37,0.027027027027027,0,15.6,9,1,0,0,0,2013,0
"1633",2013-02-01,1,50,0.02,-5,1.1,-1.4,2,0,0,0,2013,0
"1634",2013-02-04,1,38,0.0263157894736842,-5.6,-0.6,-3.4,2,0,0,0,2013,0
"1635",2013-02-05,2,33,0.0606060606060606,-5.6,-2.8,-3.8,2,0,0,0,2013,0
"1636",2013-02-06,0,30,0,-3.3,4.4,-0.5,2,0,0,0,2013,0
"1637",2013-02-07,2,21,0.0952380952380952,-7.8,-1.1,-3.9,2,0,0,0,2013,0
"1638",2013-02-08,0,1,0,-6.7,1.1,-0.8,2,0,0,0,2013,0
"1639",2013-02-11,1,5,0.2,-6.7,7.2,1.1,2,0,0,0,2013,0
"1640",2013-02-12,4,37,0.108108108108108,2.2,6.7,4.3,2,0,0,0,2013,0
"1641",2013-02-13,0,87,0,-1.1,5.6,2.1,2,0,0,0,2013,0
"1642",2013-02-14,1,44,0.0227272727272727,0,5.6,2.2,2,0,0,0,2013,0
"1643",2013-02-15,0,17,0,-1.1,8.3,3.4,2,0,0,0,2013,0
"1644",2013-02-19,1,48,0.0208333333333333,-3.3,7.2,2.2,2,0,0,0,2013,0
"1645",2013-02-20,2,56,0.0357142857142857,-2.8,6.1,1,2,0,0,0,2013,0
"1646",2013-02-21,1,38,0.0263157894736842,-3.9,0.6,-2.1,2,0,0,0,2013,0
"1647",2013-02-22,2,35,0.0571428571428571,-3.3,3.3,-0.3,2,0,0,0,2013,0
"1648",2013-02-25,1,46,0.0217391304347826,-2.2,5,0.9,2,0,0,0,2013,0
"1649",2013-02-26,4,31,0.129032258064516,-1.7,5,1.8,2,0,0,0,2013,0
"1650",2013-02-27,1,46,0.0217391304347826,3.3,4.4,3.7,2,0,0,0,2013,0
"1651",2013-02-28,3,49,0.0612244897959184,0.6,6.7,2.9,2,0,0,0,2013,0
"1652",2013-03-01,3,39,0.0769230769230769,1.1,5,3.2,3,0,0,0,2013,0
"1653",2013-03-04,3,38,0.0789473684210526,-0.6,5,1.8,3,0,0,0,2013,0
"1654",2013-03-05,4,31,0.129032258064516,0,6.1,2.9,3,0,0,0,2013,0
"1655",2013-03-06,3,48,0.0625,1.7,5,3.2,3,0,0,0,2013,0
"1656",2013-03-07,5,42,0.119047619047619,-1.1,2.8,0.4,3,0,0,0,2013,0
"1657",2013-03-08,2,11,0.181818181818182,-2.2,5.6,0.4,3,0,0,0,2013,0
"1658",2013-03-11,3,47,0.0638297872340425,1.7,10,4.8,3,0,0,0,2013,0
"1659",2013-03-12,2,38,0.0526315789473684,3.9,11.7,8.2,3,0,0,0,2013,0
"1660",2013-03-13,2,42,0.0476190476190476,3.9,10.6,7.6,3,0,0,0,2013,0
"1661",2013-03-14,4,35,0.114285714285714,-5,3.9,0.8,3,0,0,0,2013,0
"1662",2013-03-15,6,46,0.130434782608696,-6.1,5,-1,3,0,0,0,2013,0
"1663",2013-03-18,2,37,0.0540540540540541,-6.1,0.6,-2.3,3,0,0,0,2013,0
"1664",2013-03-19,1,34,0.0294117647058824,-2.2,2.2,0.4,3,0,0,0,2013,0
"1665",2013-03-20,2,50,0.04,-3.3,3.9,0.2,3,0,0,0,2013,0
"1666",2013-03-21,1,50,0.02,-1.1,1.7,0,3,0,0,0,2013,0
"1667",2013-03-22,4,39,0.102564102564103,-1.7,4.4,1.4,3,0,0,0,2013,0
"1668",2013-03-25,2,44,0.0454545454545455,0.6,6.7,3.8,3,0,0,0,2013,0
"1669",2013-03-26,4,44,0.0909090909090909,1.1,10,5.4,3,0,0,0,2013,0
"1670",2013-03-27,0,44,0,2.2,12.8,6.8,3,0,0,0,2013,0
"1671",2013-03-28,1,40,0.025,3.3,8.9,5.7,3,0,0,0,2013,0
"1672",2013-03-29,3,53,0.0566037735849057,4.4,13.3,8.4,3,0,0,0,2013,0
"1673",2013-03-30,0,1,0,4.4,12.2,8,3,0,0,0,2013,0
"1674",2013-04-01,1,86,0.0116279069767442,1.7,16.7,9.4,4,0,0,0,2013,0
"1675",2013-04-02,1,40,0.025,-0.5,5.6,2.5,4,0,0,0,2013,0
"1676",2013-04-03,1,30,0.0333333333333333,-0.5,8.3,2.9,4,0,0,0,2013,0
"1677",2013-04-04,2,43,0.0465116279069767,0,13.3,5.2,4,0,0,0,2013,0
"1678",2013-04-05,2,44,0.0454545454545455,3.3,13.9,7.6,4,0,0,0,2013,0
"1679",2013-04-08,2,44,0.0454545454545455,7.8,17.2,10.4,4,0,0,0,2013,0
"1680",2013-04-09,2,36,0.0555555555555556,7.2,22.8,11.7,4,0,0,0,2013,0
"1681",2013-04-10,1,35,0.0285714285714286,7.2,12.2,8.6,4,0,0,0,2013,0
"1682",2013-04-11,1,39,0.0256410256410256,5.6,9.4,7.9,4,0,0,0,2013,0
"1683",2013-04-12,0,41,0,3.3,6.1,4.6,4,0,0,0,2013,0
"1684",2013-04-13,0,1,0,2.2,10.6,4.7,4,0,0,0,2013,0
"1685",2013-04-16,5,27,0.185185185185185,3.9,17.8,10,4,0,0,0,2013,0
"1686",2013-04-17,0,39,0,8.3,18.9,14.3,4,0,0,0,2013,0
"1687",2013-04-18,0,7,0,7.2,17.2,10.6,4,0,0,0,2013,0
"1688",2013-04-22,0,30,0,2.2,9.4,6.2,4,0,0,0,2013,0
"1689",2013-04-23,0,12,0,5,6.1,5.4,4,0,0,0,2013,0
"1690",2013-04-24,1,31,0.032258064516129,6.1,20.6,9.9,4,0,0,0,2013,0
"1691",2013-04-25,3,38,0.0789473684210526,8.9,18.9,13.4,4,0,0,0,2013,0
"1692",2013-04-26,1,34,0.0294117647058824,6.7,11.1,9.7,4,0,0,0,2013,0
"1693",2013-04-27,0,2,0,5.6,13.3,9.6,4,0,0,0,2013,0
"1694",2013-04-29,2,43,0.0465116279069767,8.9,20,13.2,4,0,0,0,2013,0
"1695",2013-04-30,1,39,0.0256410256410256,8.3,16.1,12.3,4,0,0,0,2013,0
"1696",2013-05-01,2,58,0.0344827586206897,7.2,15.6,11.8,5,0,0,0,2013,0
"1697",2013-05-02,2,44,0.0454545454545455,8.3,21.1,13.3,5,0,0,0,2013,0
"1698",2013-05-03,3,24,0.125,6.7,11.7,9.4,5,0,0,0,2013,0
"1699",2013-05-04,0,9,0,6.7,11.1,9.5,5,0,0,0,2013,0
"1700",2013-05-06,2,36,0.0555555555555556,6.1,12.8,8.6,5,0,0,0,2013,0
"1701",2013-05-07,2,46,0.0434782608695652,8.3,22.2,14.1,5,0,0,0,2013,0
"1702",2013-05-08,3,37,0.0810810810810811,11.7,18.9,14.9,5,0,0,0,2013,0
"1703",2013-05-09,4,32,0.125,11.7,17.2,13,5,0,0,0,2013,0
"1704",2013-05-10,2,51,0.0392156862745098,13.3,20.6,15.6,5,0,0,0,2013,0
"1705",2013-05-12,0,1,0,10.6,22.8,17.3,5,0,0,0,2013,0
"1706",2013-05-13,5,46,0.108695652173913,7.8,15.6,12.1,5,0,0,0,2013,0
"1707",2013-05-14,2,47,0.0425531914893617,6.7,15.6,10.8,5,0,0,0,2013,0
"1708",2013-05-15,3,47,0.0638297872340425,6.7,19.4,12.7,5,0,0,0,2013,0
"1709",2013-05-16,3,42,0.0714285714285714,11.7,27.8,19.1,5,0,0,0,2013,0
"1710",2013-05-17,2,48,0.0416666666666667,12.2,21.1,17.2,5,0,0,0,2013,0
"1711",2013-05-20,0,47,0,13.3,27.8,17.9,5,0,0,0,2013,0
"1712",2013-05-21,0,39,0,11.1,18.9,15.4,5,0,0,0,2013,0
"1713",2013-05-22,1,43,0.0232558139534884,10.6,15.6,12.4,5,0,0,0,2013,0
"1714",2013-05-23,4,26,0.153846153846154,11.7,25,15.9,5,0,0,0,2013,0
"1715",2013-05-24,2,42,0.0476190476190476,10.6,21.1,18.8,5,0,0,0,2013,0
"1716",2013-05-28,1,41,0.024390243902439,10.6,17.8,15.2,5,0,0,0,2013,0
"1717",2013-05-29,2,49,0.0408163265306122,13.9,21.1,16.2,5,0,0,0,2013,0
"1718",2013-05-30,0,42,0,18.3,31.1,23.3,5,0,1,1,2013,1
"1719",2013-05-31,0,31,0,22.2,34.4,28.7,5,0,1,1,2013,0
"1720",2013-06-03,2,46,0.0434782608695652,16.7,25,21,6,1,0,0,2013,0
"1721",2013-06-04,1,42,0.0238095238095238,12.8,22.8,18.6,6,1,0,0,2013,0
"1722",2013-06-05,4,51,0.0784313725490196,13.9,22.2,18.2,6,1,0,0,2013,0
"1723",2013-06-06,0,27,0,13.9,20.6,17.6,6,1,0,0,2013,0
"1724",2013-06-07,3,34,0.0882352941176471,12.8,14.4,14.1,6,1,0,0,2013,0
"1725",2013-06-08,0,1,0,12.8,26.1,16.7,6,1,0,0,2013,0
"1726",2013-06-10,2,19,0.105263157894737,14.4,20.6,18.8,6,1,0,0,2013,0
"1727",2013-06-11,0,36,0,13.3,17.8,15.2,6,1,0,0,2013,0
"1728",2013-06-12,4,40,0.1,13.3,21.7,16.3,6,1,0,0,2013,0
"1729",2013-06-13,3,34,0.0882352941176471,11.7,19.4,16.6,6,1,0,0,2013,0
"1730",2013-06-14,5,43,0.116279069767442,11.7,23.3,14.8,6,1,0,0,2013,0
"1731",2013-06-17,2,24,0.0833333333333333,17.2,30.6,23.2,6,1,1,0,2013,0
"1732",2013-06-18,0,37,0,15,21.7,18.2,6,1,0,0,2013,0
"1733",2013-06-19,3,39,0.0769230769230769,14.4,21.7,17.2,6,1,0,0,2013,0
"1734",2013-06-20,3,52,0.0576923076923077,14.4,25,18.4,6,1,0,0,2013,0
"1735",2013-06-21,1,34,0.0294117647058824,16.1,28.9,21.6,6,1,0,0,2013,0
"1736",2013-06-24,1,30,0.0333333333333333,21.1,35,28,6,1,1,1,2013,0
"1737",2013-06-25,1,35,0.0285714285714286,20.6,33.3,27.1,6,1,1,1,2013,0
"1738",2013-06-26,1,38,0.0263157894736842,17.8,28.9,24.8,6,1,0,0,2013,0
"1739",2013-06-27,4,31,0.129032258064516,16.1,18.9,18.1,6,1,0,0,2013,0
"1740",2013-06-28,1,33,0.0303030303030303,16.7,27.2,20.4,6,1,0,0,2013,0
"1741",2013-07-01,0,27,0,21.7,29.4,24.1,7,1,0,0,2013,0
"1742",2013-07-02,1,22,0.0454545454545455,16.1,27.8,23.4,7,1,0,0,2013,0
"1743",2013-07-03,2,16,0.125,16.7,32.8,22.9,7,1,1,1,2013,1
"1744",2013-07-05,0,5,0,26.1,35,29.9,7,1,1,1,2013,0
"1745",2013-07-06,0,1,0,26.1,33.9,29.8,7,1,1,1,2013,0
"1746",2013-07-08,1,30,0.0333333333333333,18.9,29.4,24.8,7,1,0,0,2013,0
"1747",2013-07-09,1,16,0.0625,18.3,22.2,19.9,7,1,0,0,2013,0
"1748",2013-07-10,0,12,0,19.4,30,22.2,7,1,1,0,2013,0
"1749",2013-07-11,1,21,0.0476190476190476,22.8,27.8,25,7,1,0,0,2013,0
"1750",2013-07-12,0,19,0,18.9,23.3,22.3,7,1,0,0,2013,0
"1751",2013-07-15,0,13,0,23.3,33.3,27.4,7,1,1,1,2013,0
"1752",2013-07-16,1,23,0.0434782608695652,23.9,33.9,28.2,7,1,1,1,2013,0
"1753",2013-07-17,0,28,0,22.8,35,27.2,7,1,1,1,2013,0
"1754",2013-07-18,3,26,0.115384615384615,24.4,32.8,27.9,7,1,1,1,2013,0
"1755",2013-07-19,2,13,0.153846153846154,25.6,37.2,30.5,7,1,1,1,2013,0
"1756",2013-07-22,0,37,0,20,24.4,22,7,1,0,0,2013,0
"1757",2013-07-23,4,33,0.121212121212121,20,27.8,21.9,7,1,0,0,2013,0
"1758",2013-07-24,0,23,0,18.9,31.1,25.6,7,1,1,0,2013,0
"1759",2013-07-25,5,28,0.178571428571429,15.6,18.9,18.5,7,1,0,0,2013,0
"1760",2013-07-26,1,29,0.0344827586206897,16.7,22.2,18.1,7,1,0,0,2013,0
"1761",2013-07-29,2,22,0.0909090909090909,18.9,27.2,21.6,7,1,0,0,2013,0
"1762",2013-07-30,0,34,0,18.9,28.9,23.4,7,1,0,0,2013,0
"1763",2013-07-31,1,24,0.0416666666666667,20,26.1,23.1,7,1,0,0,2013,0
"1764",2013-08-01,2,28,0.0714285714285714,18.9,27.8,22.7,8,1,0,0,2013,0
"1765",2013-08-02,3,18,0.166666666666667,18.9,29.4,22.7,8,1,0,0,2013,0
"1766",2013-08-05,1,27,0.037037037037037,16.1,25.6,20.6,8,1,0,0,2013,0
"1767",2013-08-06,2,37,0.0540540540540541,15,23.3,20.2,8,1,0,0,2013,0
"1768",2013-08-07,0,28,0,16.1,26.1,20.5,8,1,0,0,2013,0
"1769",2013-08-08,2,35,0.0571428571428571,18.3,27.2,21.9,8,1,0,0,2013,0
"1770",2013-08-09,3,28,0.107142857142857,21.7,24.4,22.8,8,1,0,0,2013,0
"1771",2013-08-12,0,30,0,18.3,28.9,23.3,8,1,0,0,2013,0
"1772",2013-08-13,3,41,0.0731707317073171,18.9,22.8,21.4,8,1,0,0,2013,0
"1773",2013-08-14,2,26,0.0769230769230769,17.2,24.4,20.8,8,1,0,0,2013,0
"1774",2013-08-15,1,38,0.0263157894736842,15.6,25.6,20.4,8,1,0,0,2013,0
"1775",2013-08-16,4,36,0.111111111111111,16.7,26.7,21.8,8,1,0,0,2013,0
"1776",2013-08-17,0,1,0,17.8,23.3,20.7,8,1,0,0,2013,0
"1777",2013-08-18,0,1,0,17.2,25.6,20.9,8,1,0,0,2013,0
"1778",2013-08-19,2,30,0.0666666666666667,17.8,28.9,23,8,1,0,0,2013,0
"1779",2013-08-20,2,43,0.0465116279069767,20.6,30.6,25.1,8,1,1,1,2013,1
"1780",2013-08-21,3,32,0.09375,19.4,31.7,25.5,8,1,1,1,2013,0
"1781",2013-08-22,0,29,0,21.1,31.7,25.8,8,1,1,1,2013,0
"1782",2013-08-23,1,25,0.04,18.9,25.6,22.9,8,1,0,0,2013,0
"1783",2013-08-26,2,33,0.0606060606060606,19.4,28.9,22.8,8,1,0,0,2013,0
"1784",2013-08-27,2,31,0.0645161290322581,18.3,24.4,22.2,8,1,0,0,2013,0
"1785",2013-08-28,4,27,0.148148148148148,16.1,22.8,19.1,8,1,0,0,2013,0
"1786",2013-08-29,3,23,0.130434782608696,16.7,19.4,17.9,8,1,0,0,2013,0
"1787",2013-08-30,0,17,0,17.2,28.9,21.1,8,1,0,0,2013,0
"1788",2013-08-31,0,1,0,20.6,27.8,23.8,8,1,0,0,2013,0
"1789",2013-09-03,4,42,0.0952380952380952,19.4,27.2,23.8,9,0,0,0,2013,0
"1790",2013-09-04,4,47,0.0851063829787234,17.2,27.8,22.3,9,0,0,0,2013,0
"1791",2013-09-05,3,30,0.1,13.9,21.1,19.7,9,0,0,0,2013,0
"1792",2013-09-06,0,39,0,11.1,21.7,16.1,9,0,0,0,2013,0
"1793",2013-09-09,3,19,0.157894736842105,11.1,21.7,16.1,9,0,0,0,2013,0
"1794",2013-09-10,3,31,0.0967741935483871,15,25,18.8,9,0,0,0,2013,0
"1795",2013-09-11,4,38,0.105263157894737,20,36.1,26.4,9,0,1,0,2013,0
"1796",2013-09-12,3,46,0.0652173913043478,19.4,31.1,25.7,9,0,1,0,2013,0
"1797",2013-09-13,0,21,0,16.1,24.4,21.1,9,0,0,0,2013,0
"1798",2013-09-16,3,15,0.2,10,21.1,17.1,9,0,0,0,2013,0
"1799",2013-09-17,3,25,0.12,6.7,15.6,11.7,9,0,0,0,2013,0
"1800",2013-09-18,2,42,0.0476190476190476,10.6,23.9,16.4,9,0,0,0,2013,0
"1801",2013-09-19,4,47,0.0851063829787234,12.2,21.7,17.3,9,0,0,0,2013,0
"1802",2013-09-20,2,38,0.0526315789473684,12.8,21.7,17.5,9,0,0,0,2013,0
"1803",2013-09-21,0,7,0,13.9,25,18.6,9,0,0,0,2013,0
"1804",2013-09-23,1,38,0.0263157894736842,10,18.3,13.9,9,0,0,0,2013,0
"1805",2013-09-24,1,45,0.0222222222222222,8.3,20,12.9,9,0,0,0,2013,0
"1806",2013-09-25,5,62,0.0806451612903226,11.1,17.2,13.9,9,0,0,0,2013,0
"1807",2013-09-26,3,47,0.0638297872340425,12.8,17.2,14.8,9,0,0,0,2013,0
"1808",2013-09-27,1,46,0.0217391304347826,13.9,18.9,15.6,9,0,0,0,2013,0
"1809",2013-09-28,0,6,0,12.8,20.6,15.8,9,0,0,0,2013,0
"1810",2013-09-29,0,2,0,10.6,16.7,13.8,9,0,0,0,2013,0
"1811",2013-09-30,4,43,0.0930232558139535,10.6,18.3,14,9,0,0,0,2013,0
"1812",2013-10-01,2,56,0.0357142857142857,11.1,23.9,16.4,10,0,0,0,2013,0
"1813",2013-10-02,3,49,0.0612244897959184,16.7,27.8,21.2,10,0,0,0,2013,0
"1814",2013-10-03,0,10,0,16.1,26.1,21.1,10,0,0,0,2013,0
"1815",2013-10-04,4,56,0.0714285714285714,15,19.4,17.6,10,0,0,0,2013,0
"1816",2013-10-05,2,25,0.08,15,20,16.9,10,0,0,0,2013,0
"1817",2013-10-07,0,46,0,15.6,25.6,18.9,10,0,0,0,2013,0
"1818",2013-10-08,0,48,0,11.1,20,17.2,10,0,0,0,2013,0
"1819",2013-10-09,0,30,0,9.4,16.1,12.9,10,0,0,0,2013,0
"1820",2013-10-10,1,38,0.0263157894736842,8.9,16.1,12.4,10,0,0,0,2013,0
"1821",2013-10-11,4,36,0.111111111111111,11.1,18.9,14.5,10,0,0,0,2013,0
"1822",2013-10-13,0,1,0,9.4,16.1,12.9,10,0,0,0,2013,0
"1823",2013-10-15,2,50,0.04,11.1,17.8,13.9,10,0,0,0,2013,0
"1824",2013-10-16,3,42,0.0714285714285714,10.6,16.7,13.8,10,0,0,0,2013,0
"1825",2013-10-17,3,40,0.075,12.2,22.8,16.4,10,0,0,0,2013,0
"1826",2013-10-18,2,49,0.0408163265306122,13.3,21.1,17.8,10,0,0,0,2013,0
"1827",2013-10-19,0,3,0,10,19.4,14.7,10,0,0,0,2013,0
"1828",2013-10-21,4,23,0.173913043478261,7.2,20,13.2,10,0,0,0,2013,0
"1829",2013-10-22,5,47,0.106382978723404,8.9,21.7,14.4,10,0,0,0,2013,0
"1830",2013-10-23,0,15,0,7.8,11.7,10.7,10,0,0,0,2013,0
"1831",2013-10-24,2,38,0.0526315789473684,6.1,13.3,9.4,10,0,0,0,2013,0
"1832",2013-10-25,4,29,0.137931034482759,3.9,11.1,7.6,10,0,0,0,2013,0
"1833",2013-10-28,5,27,0.185185185185185,3.9,15.6,9.4,10,0,0,0,2013,0
"1834",2013-10-29,4,54,0.0740740740740741,1.7,9.4,5.8,10,0,0,0,2013,0
"1835",2013-10-30,1,27,0.037037037037037,3.9,11.7,6.7,10,0,0,0,2013,0
"1836",2013-10-31,4,49,0.0816326530612245,4.4,17.2,9.7,10,0,0,0,2013,0
"1837",2013-11-01,1,24,0.0416666666666667,15.6,22.2,18.6,11,0,0,0,2013,0
"1838",2013-11-04,3,27,0.111111111111111,-0.5,5.6,2.5,11,0,0,0,2013,0
"1839",2013-11-05,6,51,0.117647058823529,0,8.9,3.9,11,0,0,0,2013,0
"1840",2013-11-06,2,32,0.0625,5.6,16.1,9.6,11,0,0,0,2013,0
"1841",2013-11-07,1,32,0.03125,6.1,20,14.1,11,0,0,0,2013,0
"1842",2013-11-08,3,32,0.09375,3.3,10,6.8,11,0,0,0,2013,0
"1843",2013-11-09,0,1,0,1.7,8.3,4.7,11,0,0,0,2013,0
"1844",2013-11-12,7,47,0.148936170212766,-1.6,10,5.2,11,0,0,0,2013,0
"1845",2013-11-13,3,47,0.0638297872340425,-3.2,3.3,-0.3,11,0,0,0,2013,0
"1846",2013-11-14,3,82,0.0365853658536585,-1,11.1,3.6,11,0,0,0,2013,0
"1847",2013-11-15,2,15,0.133333333333333,3.3,16.7,8.3,11,0,0,0,2013,0
"1848",2013-11-18,1,19,0.0526315789473684,10,19.4,15,11,0,0,0,2013,0
"1849",2013-11-19,3,44,0.0681818181818182,0,10,7.6,11,0,0,0,2013,0
"1850",2013-11-20,2,28,0.0714285714285714,-1.6,6.1,1.9,11,0,0,0,2013,0
"1851",2013-11-21,1,46,0.0217391304347826,-1.6,8.9,3.1,11,0,0,0,2013,0
"1852",2013-11-22,2,27,0.0740740740740741,5.6,8.9,6.8,11,0,0,0,2013,0
"1853",2013-11-25,3,29,0.103448275862069,-7.7,1.1,-4.1,11,0,0,0,2013,0
"1854",2013-11-26,4,45,0.0888888888888889,0,6.7,2.2,11,0,0,0,2013,0
"1855",2013-11-27,4,37,0.108108108108108,3.9,16.7,10.7,11,0,0,0,2013,0
"1856",2013-11-29,1,10,0.1,-4.9,1.7,-1.7,11,0,0,0,2013,0
"1857",2013-12-02,3,37,0.0810810810810811,2.8,5,3.8,12,0,0,0,2013,0
"1858",2013-12-03,1,28,0.0357142857142857,2.2,9.4,4.6,12,0,0,0,2013,0
"1859",2013-12-04,3,36,0.0833333333333333,1.7,7.2,4.2,12,0,0,0,2013,0
"1860",2013-12-05,0,11,0,2.2,13.9,5.9,12,0,0,0,2013,0
"1861",2013-12-06,3,42,0.0714285714285714,1.7,13.9,11.2,12,0,0,0,2013,0
"1862",2013-12-09,2,35,0.0571428571428571,-3.2,6.1,1.2,12,0,0,0,2013,0
"1863",2013-12-10,3,46,0.0652173913043478,-2.7,3.3,1.9,12,0,0,0,2013,0
"1864",2013-12-11,1,44,0.0227272727272727,-4.3,0,-2.2,12,0,0,0,2013,0
"1865",2013-12-12,1,34,0.0294117647058824,-7.7,-2.7,-3.9,12,0,0,0,2013,0
"1866",2013-12-13,1,28,0.0357142857142857,-8.8,-1,-4.9,12,0,0,0,2013,0
"1867",2013-12-16,3,42,0.0714285714285714,-6.6,-1,-2.4,12,0,0,0,2013,0
"1868",2013-12-17,6,43,0.13953488372093,-12.7,-2.1,-7.7,12,0,0,0,2013,0
"1869",2013-12-18,1,14,0.0714285714285714,-7.1,2.2,-3.8,12,0,0,0,2013,0
"1870",2013-12-19,1,33,0.0303030303030303,-2.7,6.1,0.8,12,0,0,0,2013,0
"1871",2013-12-20,2,40,0.05,0,10.6,4.3,12,0,0,0,2013,0
"1872",2013-12-23,1,45,0.0222222222222222,0.6,4.4,1.5,12,0,0,0,2013,0
"1873",2013-12-24,0,24,0,-2.1,4.4,1.8,12,0,0,0,2013,0
"1874",2013-12-26,3,32,0.09375,-6,2.2,-2.6,12,0,0,0,2013,0
"1875",2013-12-27,0,21,0,-2.1,1.7,-0.7,12,0,0,0,2013,0
"1876",2013-12-30,3,2138,0.00140318054256314,-7.1,6.7,3.6,12,0,0,0,2013,0
"1877",2013-12-31,2,25,0.08,-9.9,-3.2,-6.3,12,0,0,0,2013,0
"1878",2014-01-02,0,2,0,-16.6,-3.2,-6.4,1,0,0,0,2014,0
"1879",2014-01-03,0,3,0,-16.6,-9.9,-14.2,1,0,0,0,2014,0
"1880",2014-01-04,0,3,0,-16.6,-2.7,-12,1,0,0,0,2014,0
"1881",2014-01-05,0,1,0,-4.3,3.3,-1.7,1,0,0,0,2014,0
"1882",2014-01-06,1,34,0.0294117647058824,-1.6,13.3,6.8,1,0,0,0,2014,0
"1883",2014-01-07,1,36,0.0277777777777778,-12.7,-1.6,-6.3,1,0,0,0,2014,0
"1884",2014-01-08,5,33,0.151515151515152,-13.8,-5.5,-10.6,1,0,0,0,2014,0
"1885",2014-01-09,3,25,0.12,-7.1,-1,-5.2,1,0,0,0,2014,0
"1886",2014-01-10,5,32,0.15625,-7.7,2.8,-3.8,1,0,0,0,2014,0
"1887",2014-01-13,2,32,0.0625,-0.5,10.6,4.6,1,0,0,0,2014,0
"1888",2014-01-14,2,35,0.0571428571428571,6.7,10,8.3,1,0,0,0,2014,0
"1889",2014-01-15,1,26,0.0384615384615385,1.7,8.9,6.1,1,0,0,0,2014,0
"1890",2014-01-16,2,48,0.0416666666666667,0.6,3.9,2.8,1,0,0,0,2014,0
"1891",2014-01-17,4,47,0.0851063829787234,0.6,7.8,4,1,0,0,0,2014,0
"1892",2014-01-20,0,1,0,-3.2,5,1.6,1,0,0,0,2014,0
"1893",2014-01-21,5,52,0.0961538461538462,-11.6,-3.2,-6.6,1,0,0,0,2014,0
"1894",2014-01-22,6,42,0.142857142857143,-13.8,-7.7,-11.3,1,0,0,0,2014,0
"1895",2014-01-23,1,32,0.03125,-14.3,-5.5,-10.9,1,0,0,0,2014,0
"1896",2014-01-24,2,43,0.0465116279069767,-13.8,-7.1,-10.7,1,0,0,0,2014,0
"1897",2014-01-27,0,42,0,-6,8.3,-0.5,1,0,0,0,2014,0
"1898",2014-01-28,3,45,0.0666666666666667,-10.5,-6,-7.4,1,0,0,0,2014,0
"1899",2014-01-29,1,40,0.025,-9.3,-2.7,-6.9,1,0,0,0,2014,0
"1900",2014-01-30,1,55,0.0181818181818182,-8.8,-1,-5.4,1,0,0,0,2014,0
"1901",2014-01-31,0,43,0,-5.5,6.1,-1.1,1,0,0,0,2014,0
"1902",2014-02-03,2,39,0.0512820512820513,-2.7,5,2.4,2,0,0,0,2014,0
"1903",2014-02-04,4,48,0.0833333333333333,-4.9,1.7,-1.8,2,0,0,0,2014,0
"1904",2014-02-05,0,11,0,-4.3,0.6,-0.7,2,0,0,0,2014,0
"1905",2014-02-06,2,49,0.0408163265306122,-7.1,-2.1,-4.8,2,0,0,0,2014,0
"1906",2014-02-07,4,39,0.102564102564103,-7.1,-1,-4.3,2,0,0,0,2014,0
"1907",2014-02-10,2,37,0.0540540540540541,-6.6,-1,-3.6,2,0,0,0,2014,0
"1908",2014-02-11,2,41,0.048780487804878,-9.9,-3.8,-6.4,2,0,0,0,2014,0
"1909",2014-02-12,0,32,0,-13.2,-4.9,-8.6,2,0,0,0,2014,0
"1910",2014-02-13,1,42,0.0238095238095238,-6,2.2,-1.6,2,0,0,0,2014,0
"1911",2014-02-14,3,37,0.0810810810810811,-1.6,2.8,1.1,2,0,0,0,2014,0
"1912",2014-02-15,0,1,0,-2.7,1.7,-0.1,2,0,0,0,2014,0
"1913",2014-02-18,4,42,0.0952380952380952,-9.9,1.7,-4.7,2,0,0,0,2014,0
"1914",2014-02-19,1,49,0.0204081632653061,-6,2.2,-1.7,2,0,0,0,2014,0
"1915",2014-02-20,2,38,0.0526315789473684,0.6,8.9,3.7,2,0,0,0,2014,0
"1916",2014-02-21,1,32,0.03125,1.1,6.7,2.8,2,0,0,0,2014,0
"1917",2014-02-24,1,38,0.0263157894736842,-4.3,7.2,3.3,2,0,0,0,2014,0
"1918",2014-02-25,0,42,0,-5.5,-1.6,-3.7,2,0,0,0,2014,0
"1919",2014-02-26,0,31,0,-8.8,0,-4.7,2,0,0,0,2014,0
"1920",2014-02-27,4,38,0.105263157894737,-11,-1,-6.6,2,0,0,0,2014,0
"1921",2014-02-28,0,44,0,-12.1,-3.8,-7.7,2,0,0,0,2014,0
"1922",2014-03-03,3,41,0.0731707317073171,-8.8,-1,-4.1,3,0,0,0,2014,0
"1923",2014-03-04,4,33,0.121212121212121,-11,-0.5,-6.6,3,0,0,0,2014,0
"1924",2014-03-05,3,39,0.0769230769230769,-6.6,-1.6,-3.2,3,0,0,0,2014,0
"1925",2014-03-06,1,41,0.024390243902439,-11.6,-3.8,-7,3,0,0,0,2014,0
"1926",2014-03-07,4,36,0.111111111111111,-8.8,1.1,-3.7,3,0,0,0,2014,0
"1927",2014-03-10,4,47,0.0851063829787234,-2.1,6.7,1.7,3,0,0,0,2014,0
"1928",2014-03-11,6,49,0.122448979591837,1.1,15.6,6.7,3,0,0,0,2014,0
"1929",2014-03-12,2,42,0.0476190476190476,2.8,7.8,5.7,3,0,0,0,2014,0
"1930",2014-03-13,1,42,0.0238095238095238,-8.2,2.8,-2.3,3,0,0,0,2014,0
"1931",2014-03-14,4,38,0.105263157894737,-8.8,3.9,-4.3,3,0,0,0,2014,0
"1932",2014-03-17,2,26,0.0769230769230769,-8.8,-2.7,-5.1,3,0,0,0,2014,0
"1933",2014-03-18,3,25,0.12,-6.6,0.6,-2.9,3,0,0,0,2014,0
"1934",2014-03-19,2,40,0.05,-2.7,5,0.4,3,0,0,0,2014,0
"1935",2014-03-20,0,54,0,2.8,11.1,5.4,3,0,0,0,2014,0
"1936",2014-03-21,7,42,0.166666666666667,1.1,7.2,4.3,3,0,0,0,2014,0
"1937",2014-03-24,3,39,0.0769230769230769,-8.2,0.6,-3.8,3,0,0,0,2014,0
"1938",2014-03-25,3,32,0.09375,-6,3.9,-1.5,3,0,0,0,2014,0
"1939",2014-03-26,3,38,0.0789473684210526,-4.3,1.7,0,3,0,0,0,2014,0
"1940",2014-03-27,0,54,0,-6,7.8,-0.9,3,0,0,0,2014,0
"1941",2014-03-28,5,38,0.131578947368421,1.7,15.6,6.7,3,0,0,0,2014,0
"1942",2014-03-29,0,1,0,3.9,11.1,8.6,3,0,0,0,2014,0
"1943",2014-03-31,4,77,0.051948051948052,1.1,5.6,2.4,3,0,0,0,2014,0
"1944",2014-04-01,2,43,0.0465116279069767,1.1,8.3,4.7,4,0,0,0,2014,0
"1945",2014-04-02,4,49,0.0816326530612245,2.8,7.8,5.6,4,0,0,0,2014,0
"1946",2014-04-03,0,40,0,1.1,12.2,5.9,4,0,0,0,2014,0
"1947",2014-04-04,6,38,0.157894736842105,2.8,6.7,4.3,4,0,0,0,2014,0
"1948",2014-04-07,1,43,0.0232558139534884,3.3,15,9.2,4,0,0,0,2014,0
"1949",2014-04-08,2,38,0.0526315789473684,6.1,18.3,11.1,4,0,0,0,2014,0
"1950",2014-04-09,1,54,0.0185185185185185,5,15,10.1,4,0,0,0,2014,0
"1951",2014-04-10,1,32,0.03125,1.1,15.6,8.6,4,0,0,0,2014,0
"1952",2014-04-11,4,42,0.0952380952380952,8.9,20.6,13.4,4,0,0,0,2014,0
"1953",2014-04-13,0,4,0,7.2,17.2,11.1,4,0,0,0,2014,0
"1954",2014-04-14,0,37,0,13.9,23.9,17.6,4,0,0,0,2014,0
"1955",2014-04-15,1,42,0.0238095238095238,5,20,16.4,4,0,0,0,2014,0
"1956",2014-04-16,2,49,0.0408163265306122,-0.5,7.2,5.6,4,0,0,0,2014,0
"1957",2014-04-17,1,31,0.032258064516129,0,4.4,2.2,4,0,0,0,2014,0
"1958",2014-04-18,4,37,0.108108108108108,-0.5,5.6,2.9,4,0,0,0,2014,0
"1959",2014-04-19,0,1,0,2.8,17.2,8.8,4,0,0,0,2014,0
"1960",2014-04-22,3,43,0.0697674418604651,8.3,22.8,14.3,4,0,0,0,2014,0
"1961",2014-04-23,0,37,0,7.8,13.9,11.8,4,0,0,0,2014,0
"1962",2014-04-24,2,34,0.0588235294117647,5.6,15,9.8,4,0,0,0,2014,0
"1963",2014-04-25,3,51,0.0588235294117647,6.1,13.9,10.3,4,0,0,0,2014,0
"1964",2014-04-28,2,38,0.0526315789473684,5.6,12.2,8.5,4,0,0,0,2014,0
"1965",2014-04-29,2,34,0.0588235294117647,5.6,6.7,6.6,4,0,0,0,2014,0
"1966",2014-04-30,0,44,0,5,7.2,5.9,4,0,0,0,2014,0
"1967",2014-05-01,1,34,0.0294117647058824,6.7,15.6,9.7,5,0,0,0,2014,0
"1968",2014-05-02,2,39,0.0512820512820513,10,20.6,13.9,5,0,0,0,2014,0
"1969",2014-05-05,1,34,0.0294117647058824,10,18.9,13.4,5,0,0,0,2014,0
"1970",2014-05-06,3,46,0.0652173913043478,8.3,17.8,13.2,5,0,0,0,2014,0
"1971",2014-05-07,2,44,0.0454545454545455,8.3,20.6,13,5,0,0,0,2014,0
"1972",2014-05-08,0,44,0,8.9,16.7,13.1,5,0,0,0,2014,0
"1973",2014-05-09,2,34,0.0588235294117647,10,15,12.1,5,0,0,0,2014,0
"1974",2014-05-12,1,37,0.027027027027027,11.1,29.4,21.9,5,0,0,0,2014,0
"1975",2014-05-13,1,37,0.027027027027027,7.8,11.1,12.4,5,0,0,0,2014,0
"1976",2014-05-14,2,44,0.0454545454545455,7.8,17.2,10.4,5,0,0,0,2014,0
"1977",2014-05-15,2,52,0.0384615384615385,13.9,25,17.6,5,0,0,0,2014,0
"1978",2014-05-16,2,38,0.0526315789473684,15,22.8,18.4,5,0,0,0,2014,0
"1979",2014-05-17,0,1,0,14.4,23.9,18.8,5,0,0,0,2014,0
"1980",2014-05-19,2,36,0.0555555555555556,11.1,20,14.9,5,0,0,0,2014,0
"1981",2014-05-20,2,45,0.0444444444444444,11.7,20.6,14.7,5,0,0,0,2014,0
"1982",2014-05-21,3,48,0.0625,11.1,18.3,14.9,5,0,0,0,2014,0
"1983",2014-05-22,1,16,0.0625,10.6,15,12.8,5,0,0,0,2014,0
"1984",2014-05-23,3,25,0.12,11.1,13.9,12.6,5,0,0,0,2014,0
"1985",2014-05-25,0,1,0,11.1,18.9,13.3,5,0,0,0,2014,0
"1986",2014-05-27,4,47,0.0851063829787234,10,23.3,17.7,5,0,0,0,2014,0
"1987",2014-05-28,3,41,0.0731707317073171,6.7,10,9.7,5,0,0,0,2014,0
"1988",2014-05-29,5,40,0.125,6.1,14.4,10.3,5,0,0,0,2014,0
"1989",2014-05-30,2,28,0.0714285714285714,8.9,18.9,13.4,5,0,0,0,2014,0
"1990",2014-06-02,3,28,0.107142857142857,13.3,28.3,19.9,6,1,0,0,2014,0
"1991",2014-06-03,3,44,0.0681818181818182,13.9,22.2,18.6,6,1,0,0,2014,0
"1992",2014-06-04,6,51,0.117647058823529,12.8,15.6,14.6,6,1,0,0,2014,0
"1993",2014-06-05,4,43,0.0930232558139535,13.9,15.6,14.6,6,1,0,0,2014,0
"1994",2014-06-06,4,35,0.114285714285714,13.9,24.4,18.6,6,1,0,0,2014,0
"1995",2014-06-07,0,1,0,16.1,26.7,21.3,6,1,0,0,2014,0
"1996",2014-06-09,2,38,0.0526315789473684,18.9,27.2,22.6,6,1,0,0,2014,0
"1997",2014-06-10,2,26,0.0769230769230769,15,26.1,20.1,6,1,0,0,2014,0
"1998",2014-06-11,5,44,0.113636363636364,14.4,17.2,16.1,6,1,0,0,2014,0
"1999",2014-06-12,2,44,0.0454545454545455,15,18.9,16.1,6,1,0,0,2014,0
"2000",2014-06-13,1,41,0.024390243902439,15,17.8,16.4,6,1,0,0,2014,0
"2001",2014-06-16,0,42,0,16.7,22.8,20.3,6,1,0,0,2014,0
"2002",2014-06-17,2,31,0.0645161290322581,16.7,28.9,22.6,6,1,0,0,2014,0
"2003",2014-06-18,0,76,0,20,30.6,25.3,6,1,1,0,2014,0
"2004",2014-06-19,3,45,0.0666666666666667,19.4,28.9,25.1,6,1,0,0,2014,0
"2005",2014-06-20,1,20,0.05,16.1,25,21.5,6,1,0,0,2014,0
"2006",2014-06-21,0,1,0,13.9,23.9,18.6,6,1,0,0,2014,0
"2007",2014-06-23,0,29,0,15,25,19.1,6,1,0,0,2014,0
"2008",2014-06-24,3,32,0.09375,15.6,28.9,21.4,6,1,0,0,2014,0
"2009",2014-06-25,0,39,0,18.9,31.7,24.3,6,1,1,0,2014,0
"2010",2014-06-26,0,25,0,15.6,27.2,21.8,6,1,0,0,2014,0
"2011",2014-06-27,1,19,0.0526315789473684,15,22.2,18.7,6,1,0,0,2014,0
"2012",2014-06-30,0,28,0,17.8,31.7,24.4,6,1,1,1,2014,0
"2013",2014-07-01,2,18,0.111111111111111,20.6,31.7,26,7,1,1,1,2014,0
"2014",2014-07-02,1,25,0.04,22.8,32.8,27.2,7,1,1,1,2014,0
"2015",2014-07-03,1,22,0.0454545454545455,20.6,33.3,26.9,7,1,1,1,2014,0
"2016",2014-07-07,2,12,0.166666666666667,20.6,31.1,24.9,7,1,1,1,2014,1
"2017",2014-07-08,2,25,0.08,22.8,33.3,27.1,7,1,1,1,2014,0
"2018",2014-07-09,0,7,0,22.8,31.1,26.2,7,1,1,1,2014,0
"2019",2014-07-10,0,30,0,18.9,27.8,24.9,7,1,0,0,2014,0
"2020",2014-07-11,1,22,0.0454545454545455,17.2,22.8,20.9,7,1,0,0,2014,0
"2021",2014-07-14,1,14,0.0714285714285714,21.7,30,24.5,7,1,1,0,2014,0
"2022",2014-07-15,1,14,0.0714285714285714,21.7,29.4,24.4,7,1,0,0,2014,0
"2023",2014-07-16,1,17,0.0588235294117647,20.6,24.4,22.9,7,1,0,0,2014,0
"2024",2014-07-17,2,23,0.0869565217391304,19.4,27.2,22.5,7,1,0,0,2014,0
"2025",2014-07-18,1,15,0.0666666666666667,18.3,24.4,22.2,7,1,0,0,2014,0
"2026",2014-07-21,1,31,0.032258064516129,16.1,22.8,18.8,7,1,0,0,2014,0
"2027",2014-07-22,3,36,0.0833333333333333,17.2,30.6,22.2,7,1,1,0,2014,0
"2028",2014-07-23,0,21,0,21.7,33.3,26.8,7,1,1,0,2014,0
"2029",2014-07-24,3,23,0.130434782608696,17.2,24.4,22.8,7,1,0,0,2014,0
"2030",2014-07-25,2,18,0.111111111111111,16.7,28.3,21.4,7,1,0,0,2014,0
"2031",2014-07-28,2,16,0.125,18.3,28.9,23.2,7,1,0,0,2014,0
"2032",2014-07-29,0,23,0,17.8,26.1,21.7,7,1,0,0,2014,0
"2033",2014-07-30,3,38,0.0789473684210526,17.2,25.6,21.1,7,1,0,0,2014,0
"2034",2014-07-31,2,21,0.0952380952380952,16.7,27.2,21.9,7,1,0,0,2014,0
"2035",2014-08-01,1,18,0.0555555555555556,18.3,27.8,22.3,8,1,0,0,2014,0
"2036",2014-08-04,2,29,0.0689655172413793,16.7,26.7,21,8,1,0,0,2014,0
"2037",2014-08-05,1,38,0.0263157894736842,21.1,27.8,24.3,8,1,0,0,2014,0
"2038",2014-08-06,1,31,0.032258064516129,21.1,28.3,23.8,8,1,0,0,2014,0
"2039",2014-08-07,5,39,0.128205128205128,17.8,26.1,22.3,8,1,0,0,2014,0
"2040",2014-08-08,0,29,0,16.1,29.4,21.7,8,1,0,0,2014,0
"2041",2014-08-11,3,28,0.107142857142857,18.3,28.9,22.9,8,1,0,0,2014,0
"2042",2014-08-12,1,27,0.037037037037037,17.8,27.8,22.3,8,1,0,0,2014,0
"2043",2014-08-13,1,42,0.0238095238095238,17.8,20.6,19.3,8,1,0,0,2014,0
"2044",2014-08-14,3,23,0.130434782608696,16.7,25,20.2,8,1,0,0,2014,0
"2045",2014-08-15,2,31,0.0645161290322581,15.6,23.9,19.7,8,1,0,0,2014,0
"2046",2014-08-18,0,31,0,16.7,26.1,21.1,8,1,0,0,2014,0
"2047",2014-08-19,0,19,0,15,23.3,19.1,8,1,0,0,2014,0
"2048",2014-08-20,1,23,0.0434782608695652,15,23.3,19.3,8,1,0,0,2014,0
"2049",2014-08-21,2,21,0.0952380952380952,15.6,22.2,18.7,8,1,0,0,2014,0
"2050",2014-08-22,1,17,0.0588235294117647,17.2,22.2,19.6,8,1,0,0,2014,0
"2051",2014-08-25,3,28,0.107142857142857,19.4,27.2,22.7,8,1,0,0,2014,0
"2052",2014-08-26,1,41,0.024390243902439,17.8,29.4,23.3,8,1,0,0,2014,0
"2053",2014-08-27,2,23,0.0869565217391304,19.4,32.8,25.3,8,1,1,0,2014,0
"2054",2014-08-28,1,20,0.05,17.8,27.8,24.5,8,1,0,0,2014,0
"2055",2014-08-29,1,20,0.05,15,21.7,18.9,8,1,0,0,2014,0
"2056",2014-09-02,4,34,0.117647058823529,21.7,33.9,26.4,9,0,1,0,2014,0
"2057",2014-09-03,3,35,0.0857142857142857,22.2,29.4,25.3,9,0,0,0,2014,0
"2058",2014-09-04,3,35,0.0857142857142857,18.9,28.3,23.7,9,0,0,0,2014,0
"2059",2014-09-05,3,23,0.130434782608696,19.4,32.8,25.5,9,0,1,0,2014,0
"2060",2014-09-08,2,26,0.0769230769230769,15,21.7,18.5,9,0,0,0,2014,0
"2061",2014-09-09,4,52,0.0769230769230769,16.1,20.6,18.1,9,0,0,0,2014,0
"2062",2014-09-10,0,21,0,15.6,21.1,17.7,9,0,0,0,2014,0
"2063",2014-09-11,1,20,0.05,16.7,26.7,20.2,9,0,0,0,2014,0
"2064",2014-09-12,1,14,0.0714285714285714,13.3,20,18.7,9,0,0,0,2014,0
"2065",2014-09-15,2,39,0.0512820512820513,8.9,19.4,13.5,9,0,0,0,2014,0
"2066",2014-09-16,1,24,0.0416666666666667,12.8,18.3,15.1,9,0,0,0,2014,0
"2067",2014-09-17,1,28,0.0357142857142857,12.2,20.6,16.4,9,0,0,0,2014,0
"2068",2014-09-18,0,19,0,12.8,23.9,17.4,9,0,0,0,2014,0
"2069",2014-09-19,1,22,0.0454545454545455,7.8,13.3,12.4,9,0,0,0,2014,0
"2070",2014-09-21,0,2,0,17.2,27.8,20.4,9,0,0,0,2014,0
"2071",2014-09-22,0,31,0,11.7,23.3,20.5,9,0,0,0,2014,0
"2072",2014-09-23,1,30,0.0333333333333333,10,22.2,15.1,9,0,0,0,2014,0
"2073",2014-09-24,0,27,0,12.2,18.9,16.1,9,0,0,0,2014,0
"2074",2014-09-25,3,29,0.103448275862069,11.7,16.7,14.7,9,0,0,0,2014,0
"2075",2014-09-26,2,38,0.0526315789473684,12.2,20.6,16,9,0,0,0,2014,0
"2076",2014-09-29,6,41,0.146341463414634,13.9,23.3,20.6,9,0,0,0,2014,0
"2077",2014-09-30,2,27,0.0740740740740741,13.3,13.9,13.8,9,0,0,0,2014,0
"2078",2014-10-01,1,37,0.027027027027027,13.3,13.9,13.8,10,0,0,0,2014,0
"2079",2014-10-02,2,36,0.0555555555555556,10.6,13.3,12.7,10,0,0,0,2014,0
"2080",2014-10-03,1,48,0.0208333333333333,8.9,12.8,11,10,0,0,0,2014,0
"2081",2014-10-06,2,49,0.0408163265306122,6.1,19.4,12.4,10,0,0,0,2014,0
"2082",2014-10-07,3,57,0.0526315789473684,12.8,22.8,16.9,10,0,0,0,2014,0
"2083",2014-10-08,2,30,0.0666666666666667,14.4,22.8,19.4,10,0,0,0,2014,0
"2084",2014-10-09,1,36,0.0277777777777778,10,18.9,15.1,10,0,0,0,2014,0
"2085",2014-10-10,2,32,0.0625,10.6,17.2,14.1,10,0,0,0,2014,0
"2086",2014-10-13,0,1,0,7.2,17.2,11.9,10,0,0,0,2014,0
"2087",2014-10-14,1,27,0.037037037037037,13.9,25.6,19,10,0,0,0,2014,0
"2088",2014-10-15,4,43,0.0930232558139535,16.1,27.2,20.2,10,0,0,0,2014,0
"2089",2014-10-16,0,52,0,15.6,21.1,19.2,10,0,0,0,2014,0
"2090",2014-10-17,3,58,0.0517241379310345,13.9,21.7,17.5,10,0,0,0,2014,0
"2091",2014-10-20,2,44,0.0454545454545455,3.9,14.4,8.3,10,0,0,0,2014,0
"2092",2014-10-21,1,47,0.0212765957446809,9.4,16.7,12.5,10,0,0,0,2014,0
"2093",2014-10-22,3,53,0.0566037735849057,10,13.3,11.8,10,0,0,0,2014,0
"2094",2014-10-23,0,48,0,8.9,12.2,10.7,10,0,0,0,2014,0
"2095",2014-10-24,3,52,0.0576923076923077,7.8,11.1,9.6,10,0,0,0,2014,0
"2096",2014-10-25,0,1,0,7.8,17.8,11.8,10,0,0,0,2014,0
"2097",2014-10-27,4,52,0.0769230769230769,7.8,17.2,11.8,10,0,0,0,2014,0
"2098",2014-10-28,1,46,0.0217391304347826,7.2,15.6,11.4,10,0,0,0,2014,0
"2099",2014-10-29,0,49,0,11.1,23.3,15.6,10,0,0,0,2014,0
"2100",2014-10-30,0,42,0,7.8,15,11.8,10,0,0,0,2014,0
"2101",2014-10-31,1,46,0.0217391304347826,7.2,12.2,9.3,10,0,0,0,2014,0
"2102",2014-11-01,0,1,0,3.9,9.4,7.8,11,0,0,0,2014,0
"2103",2014-11-03,3,39,0.0769230769230769,2.2,11.7,6.1,11,0,0,0,2014,0
"2104",2014-11-04,1,37,0.027027027027027,7.2,13.9,10.1,11,0,0,0,2014,0
"2105",2014-11-05,1,40,0.025,8.3,18.9,14.2,11,0,0,0,2014,0
"2106",2014-11-06,3,50,0.06,7.8,10.6,9.9,11,0,0,0,2014,0
"2107",2014-11-07,4,47,0.0851063829787234,3.9,9.4,8.4,11,0,0,0,2014,0
"2108",2014-11-08,0,12,0,1.7,8.9,5,11,0,0,0,2014,0
"2109",2014-11-10,0,26,0,2.8,14.4,8.7,11,0,0,0,2014,0
"2110",2014-11-12,3,42,0.0714285714285714,7.8,15.6,11.4,11,0,0,0,2014,0
"2111",2014-11-13,3,65,0.0461538461538462,3.3,10,7.5,11,0,0,0,2014,0
"2112",2014-11-14,0,35,0,0.6,6.7,4.2,11,0,0,0,2014,0
"2113",2014-11-17,2,31,0.0645161290322581,2.8,8.9,5.3,11,0,0,0,2014,0
"2114",2014-11-18,3,39,0.0769230769230769,-2.7,6.7,4.1,11,0,0,0,2014,0
"2115",2014-11-19,0,51,0,-4.3,2.8,-1.6,11,0,0,0,2014,0
"2116",2014-11-20,3,38,0.0789473684210526,-0.5,8.9,2.6,11,0,0,0,2014,0
"2117",2014-11-21,1,43,0.0232558139534884,-2.7,2.2,0.1,11,0,0,0,2014,0
"2118",2014-11-22,0,1,0,-4.3,6.7,0.2,11,0,0,0,2014,0
"2119",2014-11-24,1,41,0.024390243902439,5.6,18.3,11.8,11,0,0,0,2014,0
"2120",2014-11-25,5,45,0.111111111111111,8.9,16.7,15.1,11,0,0,0,2014,0
"2121",2014-11-26,2,18,0.111111111111111,0.6,10,7,11,0,0,0,2014,0
"2122",2014-11-28,0,51,0,-2.7,1.7,-0.4,11,0,0,0,2014,0
"2123",2014-12-01,4,51,0.0784313725490196,3.9,17.8,12.3,12,0,0,0,2014,0
"2124",2014-12-02,2,45,0.0444444444444444,0.6,5.6,3.2,12,0,0,0,2014,0
"2125",2014-12-03,0,41,0,2.8,10.6,6.5,12,0,0,0,2014,0
"2126",2014-12-04,2,37,0.0540540540540541,-1,6.1,4.6,12,0,0,0,2014,0
"2127",2014-12-05,3,28,0.107142857142857,-3.2,5.6,0.5,12,0,0,0,2014,0
"2128",2014-12-06,0,1,0,3.3,7.2,5.1,12,0,0,0,2014,0
"2129",2014-12-08,4,59,0.0677966101694915,-7.7,-1.6,-5.6,12,0,0,0,2014,0
"2130",2014-12-09,3,41,0.0731707317073171,-1.6,9.4,3.6,12,0,0,0,2014,0
"2131",2014-12-10,3,68,0.0441176470588235,3.3,8.9,6.2,12,0,0,0,2014,0
"2132",2014-12-11,1,51,0.0196078431372549,0,3.9,2.4,12,0,0,0,2014,0
"2133",2014-12-12,2,47,0.0425531914893617,-0.5,3.9,1,12,0,0,0,2014,0
"2134",2014-12-15,3,42,0.0714285714285714,0,5.6,2.2,12,0,0,0,2014,0
"2135",2014-12-16,3,37,0.0810810810810811,1.7,6.7,3.4,12,0,0,0,2014,0
"2136",2014-12-17,3,44,0.0681818181818182,5,9.4,7,12,0,0,0,2014,0
"2137",2014-12-18,2,37,0.0540540540540541,2.2,6.7,4.8,12,0,0,0,2014,0
"2138",2014-12-19,2,43,0.0465116279069767,-1.6,2.8,2.1,12,0,0,0,2014,0
"2139",2014-12-22,1,39,0.0256410256410256,0.6,6.7,2.6,12,0,0,0,2014,0
"2140",2014-12-23,3,53,0.0566037735849057,5.6,8.3,6.4,12,0,0,0,2014,0
"2141",2014-12-24,1,11,0.0909090909090909,5,7.8,6.4,12,0,0,0,2014,0
"2142",2014-12-26,0,11,0,2.8,10,6.9,12,0,0,0,2014,0
"2143",2014-12-29,1,26,0.0384615384615385,-1,5,4.1,12,0,0,0,2014,0
"2144",2014-12-30,1,25,0.04,-5.5,-1,-2.4,12,0,0,0,2014,0
"2145",2014-12-31,1,22,0.0454545454545455,-6.6,-1,-4.3,12,0,0,0,2014,0
"2146",2015-01-02,0,24,0,-0.5,5,1.3,1,0,0,0,2015,0
"2147",2015-01-05,1,32,0.03125,-8.2,10,4.2,1,0,0,0,2015,0
"2148",2015-01-06,2,35,0.0571428571428571,-9.3,-7.7,-8.2,1,0,0,0,2015,0
"2149",2015-01-07,5,48,0.104166666666667,-15.5,-3.2,-7.3,1,0,0,0,2015,0
"2150",2015-01-08,0,21,0,-18.2,-7.1,-13.4,1,0,0,0,2015,0
"2151",2015-01-09,0,43,0,-7.1,-1,-4.8,1,0,0,0,2015,0
"2152",2015-01-12,2,33,0.0606060606060606,0.6,3.3,1.7,1,0,0,0,2015,0
"2153",2015-01-13,3,46,0.0652173913043478,-9.3,1.7,-2.7,1,0,0,0,2015,0
"2154",2015-01-14,4,46,0.0869565217391304,-9.9,-3.8,-7.6,1,0,0,0,2015,0
"2155",2015-01-15,5,53,0.0943396226415094,-3.8,-0.5,-3.3,1,0,0,0,2015,0
"2156",2015-01-16,2,49,0.0408163265306122,-9.3,3.3,-2.1,1,0,0,0,2015,0
"2157",2015-01-17,0,1,0,-12.7,-5.5,-8.8,1,0,0,0,2015,0
"2158",2015-01-20,0,51,0,-2.7,3.9,0.8,1,0,0,0,2015,0
"2159",2015-01-21,4,45,0.0888888888888889,-5.5,1.1,-2.7,1,0,0,0,2015,0
"2160",2015-01-22,5,47,0.106382978723404,-1.6,2.8,0,1,0,0,0,2015,0
"2161",2015-01-23,2,48,0.0416666666666667,-4.3,2.8,-0.7,1,0,0,0,2015,0
"2162",2015-01-26,1,3,0.333333333333333,-11.6,-1.6,-6.6,1,0,0,0,2015,0
"2163",2015-01-29,4,53,0.0754716981132075,-12.1,0,-5.9,1,0,0,0,2015,0
"2164",2015-01-30,4,57,0.0701754385964912,-7.1,1.1,-0.7,1,0,0,0,2015,0
"2165",2015-02-02,0,1,0,-12.1,-0.5,-6.7,2,0,0,0,2015,0
"2166",2015-02-03,4,44,0.0909090909090909,-14.3,-5.5,-10.5,2,0,0,0,2015,0
"2167",2015-02-04,4,21,0.19047619047619,-9.9,3.3,-4.9,2,0,0,0,2015,0
"2168",2015-02-05,1,45,0.0222222222222222,-13.8,2.2,-0.7,2,0,0,0,2015,0
"2169",2015-02-06,4,36,0.111111111111111,-14.9,-6,-11.3,2,0,0,0,2015,0
"2170",2015-02-10,0,1,0,-9.9,-1,-6.7,2,0,0,0,2015,0
"2171",2015-02-11,5,39,0.128205128205128,-9.9,-3.8,-5.8,2,0,0,0,2015,0
"2172",2015-02-12,2,39,0.0512820512820513,-8.8,-1,-6.2,2,0,0,0,2015,0
"2173",2015-02-13,2,35,0.0571428571428571,-13.8,-5.5,-8.8,2,0,0,0,2015,0
"2174",2015-02-14,0,1,0,-16,-1,-10.4,2,0,0,0,2015,0
"2175",2015-02-16,0,4,0,-19.3,-7.1,-14.2,2,0,0,0,2015,0
"2176",2015-02-17,4,38,0.105263157894737,-12.1,-4.9,-9.7,2,0,0,0,2015,0
"2177",2015-02-18,7,41,0.170731707317073,-8.2,-1.6,-4.8,2,0,0,0,2015,0
"2178",2015-02-19,1,47,0.0212765957446809,-12.1,-1,-3.7,2,0,0,0,2015,0
"2179",2015-02-20,2,43,0.0465116279069767,-14.9,-6.6,-11.4,2,0,0,0,2015,0
"2180",2015-02-22,1,3,0.333333333333333,-2.1,3.9,0.8,2,0,0,0,2015,0
"2181",2015-02-23,2,44,0.0454545454545455,-15.5,0.6,-3,2,0,0,0,2015,0
"2182",2015-02-24,5,44,0.113636363636364,-16.6,-7.1,-12.9,2,0,0,0,2015,0
"2183",2015-02-25,3,40,0.075,-9.9,1.7,-5,2,0,0,0,2015,0
"2184",2015-02-26,3,44,0.0681818181818182,-8.2,-5.5,-6,2,0,0,0,2015,0
"2185",2015-02-27,2,48,0.0416666666666667,-9.3,-2.7,-6.5,2,0,0,0,2015,0
"2186",2015-03-02,1,37,0.027027027027027,-3.2,2.8,-0.9,3,0,0,0,2015,0
"2187",2015-03-03,1,42,0.0238095238095238,-6.6,0.6,-3.3,3,0,0,0,2015,0
"2188",2015-03-04,3,40,0.075,0.6,6.1,2.3,3,0,0,0,2015,0
"2189",2015-03-05,3,36,0.0833333333333333,-7.7,3.9,0.8,3,0,0,0,2015,0
"2190",2015-03-06,3,38,0.0789473684210526,-12.7,-4.3,-7.9,3,0,0,0,2015,0
"2191",2015-03-09,3,41,0.0731707317073171,-3.2,8.9,2.6,3,0,0,0,2015,0
"2192",2015-03-10,3,33,0.0909090909090909,-0.5,8.9,3.8,3,0,0,0,2015,0
"2193",2015-03-11,1,31,0.032258064516129,2.8,13.9,7.7,3,0,0,0,2015,0
"2194",2015-03-12,6,43,0.13953488372093,-3.8,6.1,3.9,3,0,0,0,2015,0
"2195",2015-03-13,0,38,0,-4.3,4.4,-1.3,3,0,0,0,2015,0
"2196",2015-03-16,4,35,0.114285714285714,-3.2,7.2,0.7,3,0,0,0,2015,0
"2197",2015-03-17,6,39,0.153846153846154,-2.1,10.6,3.9,3,0,0,0,2015,0
"2198",2015-03-18,3,28,0.107142857142857,-5.5,-1,-2.5,3,0,0,0,2015,0
"2199",2015-03-19,1,36,0.0277777777777778,-7.1,1.1,-3.8,3,0,0,0,2015,0
"2200",2015-03-20,5,44,0.113636363636364,-4.9,0,-2.5,3,0,0,0,2015,0
"2201",2015-03-23,4,30,0.133333333333333,-7.7,0.6,-4.4,3,0,0,0,2015,0
"2202",2015-03-24,4,52,0.0769230769230769,-6.6,1.7,-2.6,3,0,0,0,2015,0
"2203",2015-03-25,3,30,0.1,-2.1,9.4,1.7,3,0,0,0,2015,0
"2204",2015-03-26,2,41,0.048780487804878,3.3,13.3,6.8,3,0,0,0,2015,0
"2205",2015-03-27,6,46,0.130434782608696,2.8,6.7,5.5,3,0,0,0,2015,0
"2206",2015-03-30,7,37,0.189189189189189,-1,7.2,2.3,3,0,0,0,2015,0
"2207",2015-03-31,5,40,0.125,2.8,10,5.8,3,0,0,0,2015,0
"2208",2015-04-01,4,39,0.102564102564103,-1,8.3,3.9,4,0,0,0,2015,0
"2209",2015-04-02,3,37,0.0810810810810811,-1,16.1,6,4,0,0,0,2015,0
"2210",2015-04-03,5,42,0.119047619047619,7.2,15,12,4,0,0,0,2015,0
"2211",2015-04-06,4,44,0.0909090909090909,2.2,5.6,4.1,4,0,0,0,2015,0
"2212",2015-04-07,5,42,0.119047619047619,2.2,5.6,4.1,4,0,0,0,2015,0
"2213",2015-04-08,5,78,0.0641025641025641,1.1,5.6,2.8,4,0,0,0,2015,0
"2214",2015-04-09,3,35,0.0857142857142857,0.6,2.8,1.9,4,0,0,0,2015,0
"2215",2015-04-10,6,37,0.162162162162162,2.2,12.8,4.4,4,0,0,0,2015,0
"2216",2015-04-13,3,46,0.0652173913043478,5,20.6,13.6,4,0,0,0,2015,0
"2217",2015-04-14,6,58,0.103448275862069,11.1,18.3,14.8,4,0,0,0,2015,0
"2218",2015-04-15,8,39,0.205128205128205,10,19.4,14.8,4,0,0,0,2015,0
"2219",2015-04-16,3,56,0.0535714285714286,5,15.6,10.3,4,0,0,0,2015,0
"2220",2015-04-17,1,39,0.0256410256410256,8.3,18.3,12,4,0,0,0,2015,0
"2221",2015-04-21,3,37,0.0810810810810811,7.8,18.3,13.1,4,0,0,0,2015,0
"2222",2015-04-22,1,40,0.025,6.1,19.4,13.1,4,0,0,0,2015,0
"2223",2015-04-23,3,46,0.0652173913043478,3.3,10.6,8.4,4,0,0,0,2015,0
"2224",2015-04-24,1,43,0.0232558139534884,2.8,10,6.1,4,0,0,0,2015,0
"2225",2015-04-26,0,1,0,6.1,13.3,8.6,4,0,0,0,2015,0
"2226",2015-04-27,0,41,0,7.2,13.9,10.8,4,0,0,0,2015,0
"2227",2015-04-28,1,59,0.0169491525423729,5.6,17.8,9.5,4,0,0,0,2015,0
"2228",2015-04-29,0,51,0,8.9,12.2,10.9,4,0,0,0,2015,0
"2229",2015-04-30,1,45,0.0222222222222222,6.7,12.8,9.9,4,0,0,0,2015,0
"2230",2015-05-01,4,53,0.0754716981132075,3.9,9.4,7.4,5,0,0,0,2015,0
"2231",2015-05-04,2,41,0.048780487804878,9.4,28.9,17.3,5,0,0,0,2015,0
"2232",2015-05-05,2,53,0.0377358490566038,12.2,21.1,19.1,5,0,0,0,2015,0
"2233",2015-05-06,0,45,0,11.1,22.8,16.1,5,0,0,0,2015,0
"2234",2015-05-07,3,54,0.0555555555555556,11.7,26.1,18.3,5,0,0,0,2015,0
"2235",2015-05-08,5,48,0.104166666666667,7.8,21.7,15.6,5,0,0,0,2015,0
"2236",2015-05-11,0,47,0,10,26.7,19.8,5,0,0,0,2015,0
"2237",2015-05-12,4,48,0.0833333333333333,8.9,30.6,14.1,5,0,1,0,2015,0
"2238",2015-05-13,5,47,0.106382978723404,11.7,20.6,17.7,5,0,0,0,2015,0
"2239",2015-05-14,1,40,0.025,9.4,20.6,14.2,5,0,0,0,2015,0
"2240",2015-05-15,1,45,0.0222222222222222,8.9,19.4,14.9,5,0,0,0,2015,0
"2241",2015-05-18,0,43,0,9.4,14.4,11.7,5,0,0,0,2015,0
"2242",2015-05-19,3,53,0.0566037735849057,11.1,18.3,13.4,5,0,0,0,2015,0
"2243",2015-05-20,0,21,0,10.6,18.9,16.2,5,0,0,0,2015,0
"2244",2015-05-21,2,40,0.05,7.2,19.4,13.7,5,0,0,0,2015,0
"2245",2015-05-22,1,38,0.0263157894736842,11.1,24.4,16.5,5,0,0,0,2015,0
"2246",2015-05-26,3,47,0.0638297872340425,17.8,30.6,22.8,5,0,1,0,2015,0
"2247",2015-05-27,0,45,0,18.3,29.4,23.5,5,0,0,0,2015,0
"2248",2015-05-28,2,51,0.0392156862745098,17.8,30,23.1,5,0,1,0,2015,0
"2249",2015-05-29,2,37,0.0540540540540541,12.8,22.2,19.6,5,0,0,0,2015,0
"2250",2015-05-31,0,1,0,8.9,25,19.6,5,0,0,0,2015,0
"2251",2015-06-01,1,43,0.0232558139534884,8.3,9.4,9,6,1,0,0,2015,0
"2252",2015-06-02,1,49,0.0204081632653061,7.8,9.4,8.5,6,1,0,0,2015,0
"2253",2015-06-03,2,40,0.05,8.3,13.3,9.9,6,1,0,0,2015,0
"2254",2015-06-04,2,23,0.0869565217391304,9.4,14.4,11.3,6,1,0,0,2015,0
"2255",2015-06-05,3,42,0.0714285714285714,10,15,12.2,6,1,0,0,2015,0
"2256",2015-06-08,2,54,0.037037037037037,11.7,24.4,17.3,6,1,0,0,2015,0
"2257",2015-06-09,3,39,0.0769230769230769,17.8,25.6,20.6,6,1,0,0,2015,0
"2258",2015-06-10,2,30,0.0666666666666667,16.7,27.8,21.9,6,1,0,0,2015,0
"2259",2015-06-11,0,45,0,17.8,31.1,23.9,6,1,1,0,2015,0
"2260",2015-06-12,1,37,0.027027027027027,18.3,26.1,23.2,6,1,0,0,2015,0
"2261",2015-06-15,1,46,0.0217391304347826,12.2,17.2,14.4,6,1,0,0,2015,0
"2262",2015-06-16,2,38,0.0526315789473684,13.3,21.7,15.2,6,1,0,0,2015,0
"2263",2015-06-17,4,39,0.102564102564103,15,20.6,18.8,6,1,0,0,2015,0
"2264",2015-06-18,3,37,0.0810810810810811,13.9,24.4,18.1,6,1,0,0,2015,0
"2265",2015-06-19,1,43,0.0232558139534884,17.2,30,20.5,6,1,1,0,2015,0
"2266",2015-06-22,2,36,0.0555555555555556,16.1,25,18.7,6,1,0,0,2015,0
"2267",2015-06-23,1,31,0.032258064516129,15.6,31.1,22.2,6,1,1,0,2015,0
"2268",2015-06-24,2,34,0.0588235294117647,19.4,28.9,24.4,6,1,0,0,2015,0
"2269",2015-06-25,1,77,0.012987012987013,17.8,27.2,22.9,6,1,0,0,2015,0
"2270",2015-06-26,4,48,0.0833333333333333,15,22.2,20,6,1,0,0,2015,0
"2271",2015-06-29,1,26,0.0384615384615385,11.7,23.9,15.3,6,1,0,0,2015,0
"2272",2015-06-30,0,17,0,15.6,23.9,19.9,6,1,0,0,2015,0
"2273",2015-07-01,0,34,0,16.7,27.8,20.8,7,1,0,0,2015,0
"2274",2015-07-02,3,24,0.125,17.8,26.7,22.4,7,1,0,0,2015,0
"2275",2015-07-06,1,20,0.05,20,26.7,23.8,7,1,0,0,2015,0
"2276",2015-07-07,0,8,0,18.3,28.9,23.3,7,1,0,0,2015,0
"2277",2015-07-08,1,26,0.0384615384615385,20.6,31.1,26.2,7,1,1,0,2015,0
"2278",2015-07-09,4,27,0.148148148148148,17.2,20.6,20.3,7,1,0,0,2015,0
"2279",2015-07-10,1,27,0.037037037037037,15.6,25,19.4,7,1,0,0,2015,0
"2280",2015-07-13,0,25,0,19.4,25,23.7,7,1,0,0,2015,0
"2281",2015-07-14,0,14,0,18.3,27.8,21.7,7,1,0,0,2015,0
"2282",2015-07-15,2,32,0.0625,19.4,27.8,23.2,7,1,0,0,2015,0
"2283",2015-07-16,2,38,0.0526315789473684,15,20,18.5,7,1,0,0,2015,0
"2284",2015-07-17,2,18,0.111111111111111,15.6,23.9,19.4,7,1,0,0,2015,0
"2285",2015-07-19,0,1,0,21.7,32.2,25.5,7,1,1,0,2015,0
"2286",2015-07-20,4,32,0.125,21.1,33.3,28.3,7,1,1,0,2015,0
"2287",2015-07-21,0,29,0,21.1,27.2,25.4,7,1,0,0,2015,0
"2288",2015-07-22,3,49,0.0612244897959184,20.6,28.9,24.6,7,1,0,0,2015,0
"2289",2015-07-23,3,31,0.0967741935483871,19.4,27.8,23.2,7,1,0,0,2015,0
"2290",2015-07-24,1,37,0.027027027027027,18.9,27.2,22.3,7,1,0,0,2015,0
"2291",2015-07-26,0,1,0,17.2,26.1,20,7,1,0,0,2015,0
"2292",2015-07-27,3,46,0.0652173913043478,20,30,23.9,7,1,1,1,2015,1
"2293",2015-07-28,1,58,0.0172413793103448,21.1,30,24,7,1,1,1,2015,0
"2294",2015-07-29,3,41,0.0731707317073171,21.7,33.3,26.6,7,1,1,1,2015,0
"2295",2015-07-30,0,30,0,23.3,32.8,28.6,7,1,1,1,2015,0
"2296",2015-07-31,0,27,0,22.8,31.7,26.4,7,1,1,1,2015,0
"2297",2015-08-03,6,49,0.122448979591837,20,32.2,25.7,8,1,1,1,2015,0
"2298",2015-08-04,2,51,0.0392156862745098,18.9,31.7,24.6,8,1,1,1,2015,0
"2299",2015-08-05,0,40,0,18.3,29.4,24.1,8,1,0,0,2015,0
"2300",2015-08-06,1,46,0.0217391304347826,18.3,27.8,23.1,8,1,0,0,2015,0
"2301",2015-08-07,0,43,0,17.8,22.8,21.3,8,1,0,0,2015,0
"2302",2015-08-10,1,40,0.025,17.2,28.3,21.3,8,1,0,0,2015,0
"2303",2015-08-11,2,46,0.0434782608695652,17.8,22.2,20.1,8,1,0,0,2015,0
"2304",2015-08-12,3,50,0.06,20,29.4,23.7,8,1,0,0,2015,0
"2305",2015-08-13,2,44,0.0454545454545455,18.9,27.8,23,8,1,0,0,2015,0
"2306",2015-08-14,1,48,0.0208333333333333,17.2,30,23.9,8,1,1,1,2015,1
"2307",2015-08-17,1,38,0.0263157894736842,21.7,32.8,26.6,8,1,1,1,2015,0
"2308",2015-08-18,0,35,0,21.7,30.6,25.8,8,1,1,1,2015,0
"2309",2015-08-19,2,39,0.0512820512820513,21.7,31.1,25.6,8,1,1,1,2015,0
"2310",2015-08-20,1,52,0.0192307692307692,20,25.6,22.9,8,1,0,0,2015,0
"2311",2015-08-21,3,36,0.0833333333333333,19.4,28.3,22.1,8,1,0,0,2015,0
"2312",2015-08-24,0,18,0,20,23.9,21.4,8,1,0,0,2015,0
"2313",2015-08-25,1,31,0.032258064516129,19.4,27.2,21.9,8,1,0,0,2015,0
"2314",2015-08-26,1,32,0.03125,20.6,29.4,24.5,8,1,0,0,2015,0
"2315",2015-08-27,0,45,0,18.3,27.8,23.3,8,1,0,0,2015,0
"2316",2015-08-28,0,26,0,17.8,23.9,21.2,8,1,0,0,2015,0
"2317",2015-08-31,1,35,0.0285714285714286,21.7,32.2,26.7,8,1,1,0,2015,0
"2318",2015-09-01,0,41,0,20.6,26.1,24.2,9,0,0,0,2015,0
"2319",2015-09-02,3,45,0.0666666666666667,18.9,32.8,25,9,0,1,0,2015,0
"2320",2015-09-03,0,41,0,21.1,27.8,24.7,9,0,0,0,2015,0
"2321",2015-09-04,0,26,0,16.7,22.2,20.5,9,0,0,0,2015,0
"2322",2015-09-06,0,1,0,16.1,27.8,21.2,9,0,0,0,2015,0
"2323",2015-09-08,2,45,0.0444444444444444,22.2,35.6,27.3,9,0,1,1,2015,0
"2324",2015-09-09,0,53,0,22.2,33.9,26.6,9,0,1,1,2015,0
"2325",2015-09-10,2,40,0.05,17.8,25,23.1,9,0,0,0,2015,0
"2326",2015-09-11,1,36,0.0277777777777778,17.2,22.8,18.6,9,0,0,0,2015,0
"2327",2015-09-14,2,39,0.0512820512820513,13.9,22.2,18.2,9,0,0,0,2015,0
"2328",2015-09-15,2,31,0.0645161290322581,16.7,28.9,21.4,9,0,0,0,2015,0
"2329",2015-09-16,0,37,0,18.3,27.2,22.7,9,0,0,0,2015,0
"2330",2015-09-17,1,20,0.05,17.8,31.7,24.2,9,0,1,0,2015,0
"2331",2015-09-18,1,36,0.0277777777777778,18.3,29.4,23.8,9,0,0,0,2015,0
"2332",2015-09-19,0,1,0,16.7,26.1,21.1,9,0,0,0,2015,0
"2333",2015-09-21,0,44,0,11.7,18.9,15.8,9,0,0,0,2015,0
"2334",2015-09-22,1,15,0.0666666666666667,13.3,20,17.3,9,0,0,0,2015,0
"2335",2015-09-23,0,23,0,12.2,20,16.1,9,0,0,0,2015,0
"2336",2015-09-24,4,47,0.0851063829787234,14.4,23.3,18.1,9,0,0,0,2015,0
"2337",2015-09-25,9,44,0.204545454545455,12.8,18.9,16.3,9,0,0,0,2015,0
"2338",2015-09-26,0,2,0,10,17.2,14.3,9,0,0,0,2015,0
"2339",2015-09-28,1,33,0.0303030303030303,13.3,25.6,18.4,9,0,0,0,2015,0
"2340",2015-09-29,1,52,0.0192307692307692,18.3,28.9,22.1,9,0,0,0,2015,0
"2341",2015-09-30,0,61,0,13.9,25.6,21.5,9,0,0,0,2015,0
"2342",2015-10-01,3,71,0.0422535211267606,12.2,15,14.3,10,0,0,0,2015,0
"2343",2015-10-02,3,41,0.0731707317073171,10,12.2,11.4,10,0,0,0,2015,0
"2344",2015-10-03,0,2,0,9.4,12.2,11.1,10,0,0,0,2015,0
"2345",2015-10-05,7,45,0.155555555555556,8.9,16.1,12.1,10,0,0,0,2015,0
"2346",2015-10-06,1,45,0.0222222222222222,8.9,17.8,12.9,10,0,0,0,2015,0
"2347",2015-10-07,1,66,0.0151515151515152,11.1,22.2,15.6,10,0,0,0,2015,0
"2348",2015-10-08,2,41,0.048780487804878,10.6,16.7,14.6,10,0,0,0,2015,0
"2349",2015-10-09,0,40,0,11.1,22.2,15.6,10,0,0,0,2015,0
"2350",2015-10-10,1,16,0.0625,8.9,16.1,13.7,10,0,0,0,2015,0
"2351",2015-10-11,0,1,0,8.9,20,13.6,10,0,0,0,2015,0
"2352",2015-10-12,0,1,0,10.6,24.4,16.5,10,0,0,0,2015,0
"2353",2015-10-13,0,41,0,12.8,22.2,16.3,10,0,0,0,2015,0
"2354",2015-10-14,3,39,0.0769230769230769,10.6,20,17.2,10,0,0,0,2015,0
"2355",2015-10-15,2,33,0.0606060606060606,8.3,16.7,12.4,10,0,0,0,2015,0
"2356",2015-10-16,3,77,0.038961038961039,10,16.1,12.7,10,0,0,0,2015,0
"2357",2015-10-19,1,41,0.024390243902439,-0.5,8.9,3.5,10,0,0,0,2015,0
"2358",2015-10-20,4,49,0.0816326530612245,7.2,18.9,11.9,10,0,0,0,2015,0
"2359",2015-10-21,1,52,0.0192307692307692,11.7,16.1,14.2,10,0,0,0,2015,0
"2360",2015-10-22,1,45,0.0222222222222222,11.1,22.8,15.7,10,0,0,0,2015,0
"2361",2015-10-23,3,57,0.0526315789473684,4.4,15,12.1,10,0,0,0,2015,0
"2362",2015-10-24,0,7,0,3.3,9.4,6.2,10,0,0,0,2015,0
"2363",2015-10-26,3,53,0.0566037735849057,6.1,11.1,9.4,10,0,0,0,2015,0
"2364",2015-10-27,1,49,0.0204081632653061,3.3,12.2,7.6,10,0,0,0,2015,0
"2365",2015-10-28,0,30,0,5.6,18.3,9.7,10,0,0,0,2015,0
"2366",2015-10-29,0,40,0,13.9,23.9,19.2,10,0,0,0,2015,0
"2367",2015-10-30,2,36,0.0555555555555556,5.6,16.1,13.3,10,0,0,0,2015,0
"2368",2015-11-02,3,57,0.0526315789473684,10.6,17.8,13.8,11,0,0,0,2015,0
"2369",2015-11-03,4,44,0.0909090909090909,8.3,22.8,14.1,11,0,0,0,2015,0
"2370",2015-11-04,0,43,0,9.4,15.6,13.9,11,0,0,0,2015,0
"2371",2015-11-05,2,52,0.0384615384615385,10,24.4,16,11,0,0,0,2015,0
"2372",2015-11-06,2,37,0.0540540540540541,16.7,22.8,19.3,11,0,0,0,2015,0
"2373",2015-11-09,2,33,0.0606060606060606,5,15.6,10.3,11,0,0,0,2015,0
"2374",2015-11-10,1,30,0.0333333333333333,6.7,11.7,9.6,11,0,0,0,2015,0
"2375",2015-11-12,5,42,0.119047619047619,7.8,13.9,8.6,11,0,0,0,2015,0
"2376",2015-11-13,2,54,0.037037037037037,7.8,15,12.4,11,0,0,0,2015,0
"2377",2015-11-16,3,46,0.0652173913043478,3.9,16.1,11.4,11,0,0,0,2015,0
"2378",2015-11-17,4,45,0.0888888888888889,0.6,7.2,4.7,11,0,0,0,2015,0
"2379",2015-11-18,1,41,0.024390243902439,-0.5,8.9,4.4,11,0,0,0,2015,0
"2380",2015-11-19,2,73,0.0273972602739726,6.1,12.8,8.4,11,0,0,0,2015,0
"2381",2015-11-20,1,48,0.0208333333333333,6.7,16.1,13.3,11,0,0,0,2015,0
"2382",2015-11-21,0,4,0,3.3,8.9,6.6,11,0,0,0,2015,0
"2383",2015-11-23,2,39,0.0512820512820513,-1,5.6,4.2,11,0,0,0,2015,0
"2384",2015-11-24,4,43,0.0930232558139535,-1.6,6.7,1.7,11,0,0,0,2015,0
"2385",2015-11-25,2,35,0.0571428571428571,-1,6.7,3.7,11,0,0,0,2015,0
"2386",2015-11-27,1,20,0.05,8.9,17.8,12.1,11,0,0,0,2015,0
"2387",2015-11-30,1,46,0.0217391304347826,-2.1,3.3,0.8,11,0,0,0,2015,0
"2388",2015-12-01,4,39,0.102564102564103,0,7.2,3.2,12,0,0,0,2015,0
"2389",2015-12-02,4,28,0.142857142857143,3.9,10.6,6.1,12,0,0,0,2015,0
"2390",2015-12-03,2,42,0.0476190476190476,5,11.1,9,12,0,0,0,2015,0
"2391",2015-12-04,1,45,0.0222222222222222,3.3,8.9,5.9,12,0,0,0,2015,0
"2392",2015-12-07,1,46,0.0217391304347826,2.8,13.3,7.4,12,0,0,0,2015,0
"2393",2015-12-08,1,40,0.025,2.8,6.7,5.6,12,0,0,0,2015,0
"2394",2015-12-09,0,22,0,2.8,7.8,4.7,12,0,0,0,2015,0
"2395",2015-12-10,0,46,0,6.1,14.4,8.9,12,0,0,0,2015,0
"2396",2015-12-11,2,51,0.0392156862745098,6.1,14.4,9.6,12,0,0,0,2015,0
"2397",2015-12-14,3,48,0.0625,7.8,14.4,8.4,12,0,0,0,2015,0
"2398",2015-12-15,0,24,0,8.9,16.1,12.7,12,0,0,0,2015,0
"2399",2015-12-16,0,38,0,3.3,8.9,6.8,12,0,0,0,2015,0
"2400",2015-12-17,0,16,0,3.9,11.1,6.6,12,0,0,0,2015,0
"2401",2015-12-18,2,45,0.0444444444444444,3.9,11.1,9.4,12,0,0,0,2015,0
"2402",2015-12-21,0,41,0,0,11.7,5.3,12,0,0,0,2015,0
"2403",2015-12-22,1,41,0.024390243902439,8.9,15.6,11.3,12,0,0,0,2015,0
"2404",2015-12-23,1,37,0.027027027027027,7.2,13.3,10.9,12,0,0,0,2015,0
"2405",2015-12-24,1,14,0.0714285714285714,8.9,20.6,12.6,12,0,0,0,2015,0
"2406",2015-12-28,2,30,0.0666666666666667,-1.6,3.3,1.9,12,0,0,0,2015,0
"2407",2015-12-29,4,33,0.121212121212121,-4.3,4.4,0.7,12,0,0,0,2015,0
"2408",2015-12-30,1,28,0.0357142857142857,-3.8,2.8,-3.1,12,0,0,0,2015,0
"2409",2015-12-31,1,6,0.166666666666667,0.6,8.3,3.2,12,0,0,0,2015,0
"2410",2016-01-02,0,1,0,-0.5,4.4,1.7,1,0,0,0,2016,0
"2411",2016-01-04,1,20,0.05,-9.9,2.2,-1.1,1,0,0,0,2016,0
"2412",2016-01-05,2,29,0.0689655172413793,-13.2,-3.2,-8.9,1,0,0,0,2016,0
"2413",2016-01-06,0,38,0,-6,7.2,-1.2,1,0,0,0,2016,0
"2414",2016-01-07,4,35,0.114285714285714,-3.2,6.1,0.6,1,0,0,0,2016,0
"2415",2016-01-08,6,40,0.15,-1,5.6,1.4,1,0,0,0,2016,0
"2416",2016-01-11,1,38,0.0263157894736842,-3.8,10.6,4.3,1,0,0,0,2016,0
"2417",2016-01-12,2,48,0.0416666666666667,-6,2.8,-1.9,1,0,0,0,2016,0
"2418",2016-01-13,0,43,0,-6,0.6,-1.5,1,0,0,0,2016,0
"2419",2016-01-14,2,42,0.0476190476190476,-6,-1,-4.3,1,0,0,0,2016,0
"2420",2016-01-15,3,52,0.0576923076923077,-3.2,5.6,-0.4,1,0,0,0,2016,0
"2421",2016-01-19,0,61,0,-8.8,-3.8,-6.6,1,0,0,0,2016,0
"2422",2016-01-20,4,66,0.0606060606060606,-7.1,0.6,-4.7,1,0,0,0,2016,0
"2423",2016-01-21,3,55,0.0545454545454545,-6,0.6,-2.8,1,0,0,0,2016,0
"2424",2016-01-22,6,58,0.103448275862069,-7.1,0,-4.3,1,0,0,0,2016,0
"2425",2016-01-25,2,52,0.0384615384615385,-3.2,1.7,-0.6,1,0,0,0,2016,0
"2426",2016-01-26,0,54,0,-2.1,10.6,2.6,1,0,0,0,2016,0
"2427",2016-01-27,1,33,0.0303030303030303,-0.5,7.2,6.1,1,0,0,0,2016,0
"2428",2016-01-28,1,40,0.025,-3.2,5.6,1.1,1,0,0,0,2016,0
"2429",2016-01-29,3,57,0.0526315789473684,0.6,5,2.1,1,0,0,0,2016,0
"2430",2016-01-31,0,1,0,3.3,13.9,6.1,1,0,0,0,2016,0
"2431",2016-02-01,6,64,0.09375,3.9,18.3,9.7,2,0,0,0,2016,0
"2432",2016-02-02,1,66,0.0151515151515152,2.2,10,6.6,2,0,0,0,2016,0
"2433",2016-02-03,4,53,0.0754716981132075,1.7,13.9,5.3,2,0,0,0,2016,0
"2434",2016-02-04,4,34,0.117647058823529,6.1,13.3,12.5,2,0,0,0,2016,0
"2435",2016-02-05,1,33,0.0303030303030303,-3.8,6.1,2.8,2,0,0,0,2016,0
"2436",2016-02-06,0,1,0,-4.3,1.7,-1.8,2,0,0,0,2016,0
"2437",2016-02-08,2,23,0.0869565217391304,-7.7,3.3,-1.7,2,0,0,0,2016,0
"2438",2016-02-09,2,56,0.0357142857142857,-6.6,-1.6,-5.2,2,0,0,0,2016,0
"2439",2016-02-10,5,70,0.0714285714285714,-6.6,2.2,-2,2,0,0,0,2016,0
"2440",2016-02-11,4,54,0.0740740740740741,-11.6,-0.5,-2.4,2,0,0,0,2016,0
"2441",2016-02-12,2,58,0.0344827586206897,-13.2,-4.3,-9.7,2,0,0,0,2016,0
"2442",2016-02-14,0,3,0,-22.7,-11,-17.7,2,0,0,0,2016,0
"2443",2016-02-15,0,4,0,-15.5,1.7,-11.6,2,0,0,0,2016,0
"2444",2016-02-16,1,56,0.0178571428571429,-0.5,12.2,4.3,2,0,0,0,2016,0
"2445",2016-02-17,2,51,0.0392156862745098,1.1,7.8,5.3,2,0,0,0,2016,0
"2446",2016-02-18,4,58,0.0689655172413793,-4.3,1.7,0.4,2,0,0,0,2016,0
"2447",2016-02-19,3,53,0.0566037735849057,-6.6,2.8,-2.4,2,0,0,0,2016,0
"2448",2016-02-22,2,37,0.0540540540540541,-1,6.1,4.3,2,0,0,0,2016,0
"2449",2016-02-23,0,38,0,-3.2,3.9,0.3,2,0,0,0,2016,0
"2450",2016-02-24,3,45,0.0666666666666667,3.3,13.9,3.8,2,0,0,0,2016,0
"2451",2016-02-25,3,41,0.0731707317073171,5,16.7,12.1,2,0,0,0,2016,0
"2452",2016-02-26,1,50,0.02,-3.2,5,3.5,2,0,0,0,2016,0
"2453",2016-02-29,3,46,0.0652173913043478,6.1,17.8,10.1,2,0,0,0,2016,0
"2454",2016-03-01,0,46,0,1.1,9.4,5.3,3,0,0,0,2016,0
"2455",2016-03-02,3,42,0.0714285714285714,-3.8,11.7,6.1,3,0,0,0,2016,0
"2456",2016-03-03,3,51,0.0588235294117647,-6,1.1,-2.6,3,0,0,0,2016,0
"2457",2016-03-04,1,28,0.0357142857142857,-3.2,-0.5,-1.9,3,0,0,0,2016,0
"2458",2016-03-07,5,50,0.1,-1,10.6,3.6,3,0,0,0,2016,0
"2459",2016-03-08,2,44,0.0454545454545455,2.2,8.9,6.4,3,0,0,0,2016,0
"2460",2016-03-09,5,54,0.0925925925925926,4.4,25,11.9,3,0,0,0,2016,0
"2461",2016-03-10,2,38,0.0526315789473684,8.3,18.9,16.7,3,0,0,0,2016,0
"2462",2016-03-11,0,45,0,5,10,8.9,3,0,0,0,2016,0
"2463",2016-03-14,4,41,0.0975609756097561,3.9,7.2,6,3,0,0,0,2016,0
"2464",2016-03-15,1,43,0.0232558139534884,5,7.2,5.9,3,0,0,0,2016,0
"2465",2016-03-16,0,37,0,5,8.9,6.3,3,0,0,0,2016,0
"2466",2016-03-17,1,48,0.0208333333333333,6.1,17.8,9.5,3,0,0,0,2016,0
"2467",2016-03-18,1,32,0.03125,1.7,11.1,8.6,3,0,0,0,2016,0
"2468",2016-03-21,2,43,0.0465116279069767,-2.1,6.7,0.8,3,0,0,0,2016,0
"2469",2016-03-22,2,48,0.0416666666666667,0.6,9.4,4.3,3,0,0,0,2016,0
"2470",2016-03-23,4,37,0.108108108108108,5.6,17.2,9.3,3,0,0,0,2016,0
"2471",2016-03-24,1,41,0.024390243902439,2.2,6.1,4.6,3,0,0,0,2016,0
"2472",2016-03-25,1,61,0.0163934426229508,2.8,7.8,3.8,3,0,0,0,2016,0
"2473",2016-03-28,2,38,0.0526315789473684,3.3,8.3,4.6,3,0,0,0,2016,0
"2474",2016-03-29,4,56,0.0714285714285714,3.3,10.6,7.5,3,0,0,0,2016,0
"2475",2016-03-30,2,48,0.0416666666666667,1.1,15,6.7,3,0,0,0,2016,0
"2476",2016-03-31,3,46,0.0652173913043478,6.1,21.7,12.8,3,0,0,0,2016,0
"2477",2016-04-01,2,38,0.0526315789473684,15,20.6,17.3,4,0,0,0,2016,0
"2478",2016-04-04,1,39,0.0256410256410256,-4.3,-1,-2.2,4,0,0,0,2016,0
"2479",2016-04-05,4,54,0.0740740740740741,-5.5,2.8,-1.8,4,0,0,0,2016,0
"2480",2016-04-06,3,48,0.0625,-3.8,5.6,0.7,4,0,0,0,2016,0
"2481",2016-04-07,1,82,0.0121951219512195,5.6,14.4,9.4,4,0,0,0,2016,0
"2482",2016-04-08,2,55,0.0363636363636364,2.8,11.7,9.6,4,0,0,0,2016,0
"2483",2016-04-11,1,52,0.0192307692307692,5.6,15.6,8.9,4,0,0,0,2016,0
"2484",2016-04-12,1,26,0.0384615384615385,6.1,15.6,12.8,4,0,0,0,2016,0
"2485",2016-04-13,4,47,0.0851063829787234,3.3,10,7,4,0,0,0,2016,0
"2486",2016-04-14,4,49,0.0816326530612245,3.3,9.4,6.1,4,0,0,0,2016,0
"2487",2016-04-15,4,55,0.0727272727272727,3.3,12.2,7,4,0,0,0,2016,0
"2488",2016-04-19,7,45,0.155555555555556,6.7,12.2,8.3,4,0,0,0,2016,0
"2489",2016-04-20,2,40,0.05,6.7,10.6,9.4,4,0,0,0,2016,0
"2490",2016-04-21,2,40,0.05,6.1,25,12.9,4,0,0,0,2016,0
"2491",2016-04-22,2,36,0.0555555555555556,14.4,25.6,18.6,4,0,0,0,2016,0
"2492",2016-04-25,2,48,0.0416666666666667,6.7,13.9,9.1,4,0,0,0,2016,0
"2493",2016-04-26,3,37,0.0810810810810811,2.8,10.6,7.3,4,0,0,0,2016,0
"2494",2016-04-27,0,32,0,2.8,16.7,7.3,4,0,0,0,2016,0
"2495",2016-04-28,0,22,0,5,12.2,9.2,4,0,0,0,2016,0
"2496",2016-04-29,3,40,0.075,6.1,10.6,8.4,4,0,0,0,2016,0
"2497",2016-05-02,2,49,0.0408163265306122,6.1,10.6,8.1,5,0,0,0,2016,0
"2498",2016-05-03,5,58,0.0862068965517241,7.2,9.4,8.2,5,0,0,0,2016,0
"2499",2016-05-04,3,52,0.0576923076923077,6.1,10,8,5,0,0,0,2016,0
"2500",2016-05-05,1,58,0.0172413793103448,6.7,8.3,7.1,5,0,0,0,2016,0
"2501",2016-05-06,5,46,0.108695652173913,7.8,11.7,8.9,5,0,0,0,2016,0
"2502",2016-05-07,0,2,0,7.8,10.6,8.5,5,0,0,0,2016,0
"2503",2016-05-09,2,51,0.0392156862745098,7.8,18.9,13,5,0,0,0,2016,0
"2504",2016-05-10,3,49,0.0612244897959184,8.3,21.7,13.9,5,0,0,0,2016,0
"2505",2016-05-11,8,54,0.148148148148148,12.2,20,16.2,5,0,0,0,2016,0
"2506",2016-05-12,3,60,0.05,12.2,18.9,16.1,5,0,0,0,2016,0
"2507",2016-05-13,2,44,0.0454545454545455,11.1,23.3,15.9,5,0,0,0,2016,0
"2508",2016-05-16,4,42,0.0952380952380952,5.6,15,9.6,5,0,0,0,2016,0
"2509",2016-05-17,3,51,0.0588235294117647,10,21.1,15.2,5,0,0,0,2016,0
"2510",2016-05-18,8,53,0.150943396226415,9.4,15,13.7,5,0,0,0,2016,0
"2511",2016-05-19,6,44,0.136363636363636,10,15.6,12.4,5,0,0,0,2016,0
"2512",2016-05-20,10,44,0.227272727272727,10.6,21.7,15.4,5,0,0,0,2016,0
"2513",2016-05-23,2,59,0.0338983050847458,10.6,22.8,15.7,5,0,0,0,2016,0
"2514",2016-05-24,2,58,0.0344827586206897,11.1,15,13.2,5,0,0,0,2016,0
"2515",2016-05-25,0,48,0,11.7,31.1,17.1,5,0,1,0,2016,0
"2516",2016-05-26,2,37,0.0540540540540541,14.4,26.1,22.5,5,0,0,0,2016,0
"2517",2016-05-27,3,20,0.15,14.4,22.8,16.6,5,0,0,0,2016,0
"2518",2016-05-28,0,1,0,19.4,33.3,24.4,5,0,1,0,2016,0
"2519",2016-05-31,4,47,0.0851063829787234,20,30.6,24.2,5,0,1,0,2016,0
"2520",2016-06-01,2,35,0.0571428571428571,13.9,22.8,20.4,6,1,0,0,2016,0
"2521",2016-06-02,7,56,0.125,13.3,16.7,14.4,6,1,0,0,2016,0
"2522",2016-06-03,5,37,0.135135135135135,13.9,21.1,15.7,6,1,0,0,2016,0
"2523",2016-06-04,0,1,0,16.1,21.1,18.4,6,1,0,0,2016,0
"2524",2016-06-06,4,48,0.0833333333333333,18.3,28.9,22.2,6,1,0,0,2016,0
"2525",2016-06-07,1,34,0.0294117647058824,17.2,30,23.6,6,1,1,0,2016,0
"2526",2016-06-08,1,29,0.0344827586206897,13.9,23.3,19.2,6,1,0,0,2016,0
"2527",2016-06-09,5,37,0.135135135135135,12.2,20.6,16.2,6,1,0,0,2016,0
"2528",2016-06-10,3,26,0.115384615384615,12.8,22.2,16.7,6,1,0,0,2016,0
"2529",2016-06-13,6,39,0.153846153846154,12.2,22.8,16.7,6,1,0,0,2016,0
"2530",2016-06-14,4,46,0.0869565217391304,12.8,26.1,19.2,6,1,0,0,2016,0
"2531",2016-06-15,5,46,0.108695652173913,18.9,29.4,23.2,6,1,0,0,2016,0
"2532",2016-06-16,6,48,0.125,16.1,25,21.9,6,1,0,0,2016,0
"2533",2016-06-17,3,27,0.111111111111111,15,23.3,19,6,1,0,0,2016,0
"2534",2016-06-19,0,1,0,13.9,27.8,19.8,6,1,0,0,2016,0
"2535",2016-06-20,1,32,0.03125,15.6,28.3,21.6,6,1,0,0,2016,0
"2536",2016-06-21,2,33,0.0606060606060606,17.8,30.6,23,6,1,1,0,2016,0
"2537",2016-06-22,6,51,0.117647058823529,17.8,25.6,22.3,6,1,0,0,2016,0
"2538",2016-06-23,4,40,0.1,15.6,25,20.8,6,1,0,0,2016,0
"2539",2016-06-24,4,47,0.0851063829787234,16.1,22.2,19.6,6,1,0,0,2016,0
"2540",2016-06-27,4,23,0.173913043478261,17.8,30,23.1,6,1,1,0,2016,0
"2541",2016-06-28,2,29,0.0689655172413793,20,26.1,22.7,6,1,0,0,2016,0
"2542",2016-06-29,3,41,0.0731707317073171,19.4,30.6,23.5,6,1,1,0,2016,0
"2543",2016-06-30,3,48,0.0625,20,27.2,23,6,1,0,0,2016,0
"2544",2016-07-01,2,31,0.0645161290322581,20,30,24.2,7,1,1,0,2016,0
"2545",2016-07-05,1,9,0.111111111111111,17.8,24.4,21.3,7,1,0,0,2016,0
"2546",2016-07-06,1,28,0.0357142857142857,21.7,34.4,25.8,7,1,1,0,2016,0
"2547",2016-07-07,3,44,0.0681818181818182,16.1,26.1,21.3,7,1,0,0,2016,0
"2548",2016-07-08,0,34,0,16.1,19.4,17.3,7,1,0,0,2016,0
"2549",2016-07-11,1,13,0.0769230769230769,15,22.2,18.1,7,1,0,0,2016,0
"2550",2016-07-12,1,34,0.0294117647058824,18.3,31.1,24,7,1,1,1,2016,1
"2551",2016-07-13,4,31,0.129032258064516,18.3,33.3,25.5,7,1,1,1,2016,0
"2552",2016-07-14,2,34,0.0588235294117647,20.6,30.6,24.7,7,1,1,1,2016,0
"2553",2016-07-15,3,21,0.142857142857143,22.2,35.6,27.4,7,1,1,1,2016,0
"2554",2016-07-18,0,28,0,19.4,35,25.6,7,1,1,0,2016,0
"2555",2016-07-19,2,43,0.0465116279069767,20,28.9,25.5,7,1,0,0,2016,0
"2556",2016-07-20,1,39,0.0256410256410256,18.3,28.9,23.3,7,1,0,0,2016,0
"2557",2016-07-21,6,41,0.146341463414634,19.4,32.8,26.2,7,1,1,1,2016,1
"2558",2016-07-22,3,25,0.12,22.8,36.7,28.7,7,1,1,1,2016,0
"2559",2016-07-23,1,1,1,22.2,34.4,28.1,7,1,1,1,2016,0
"2560",2016-07-24,0,1,0,20,32.8,24.9,7,1,1,1,2016,0
"2561",2016-07-25,1,42,0.0238095238095238,19.4,33.3,24.2,7,1,1,1,2016,0
"2562",2016-07-26,4,35,0.114285714285714,24.4,34.4,28.9,7,1,1,1,2016,0
"2563",2016-07-27,1,35,0.0285714285714286,22.8,30.6,27.1,7,1,1,1,2016,0
"2564",2016-07-28,2,39,0.0512820512820513,22.8,33.3,27.6,7,1,1,1,2016,0
"2565",2016-07-29,2,36,0.0555555555555556,22.2,26.1,24.8,7,1,0,0,2016,0
"2566",2016-08-01,4,39,0.102564102564103,20.6,23.9,21.4,8,1,0,0,2016,0
"2567",2016-08-02,1,34,0.0294117647058824,18.3,23.3,21.1,8,1,0,0,2016,0
"2568",2016-08-03,3,31,0.0967741935483871,16.7,26.1,21,8,1,0,0,2016,0
"2569",2016-08-04,2,37,0.0540540540540541,17.8,27.8,23.2,8,1,0,0,2016,0
"2570",2016-08-05,2,24,0.0833333333333333,17.8,31.7,24.1,8,1,1,1,2016,1
"2571",2016-08-08,4,46,0.0869565217391304,20.6,27.8,24.6,8,1,0,0,2016,0
"2572",2016-08-09,4,44,0.0909090909090909,21.1,28.9,23.9,8,1,0,0,2016,0
"2573",2016-08-10,3,39,0.0769230769230769,20,26.7,23.6,8,1,0,0,2016,0
"2574",2016-08-11,1,36,0.0277777777777778,23.9,35.6,28.6,8,1,1,0,2016,0
"2575",2016-08-12,1,32,0.03125,25.6,36.7,29.9,8,1,1,0,2016,0
"2576",2016-08-15,5,35,0.142857142857143,22.8,32.2,28.2,8,1,1,0,2016,0
"2577",2016-08-16,1,49,0.0204081632653061,20.6,27.2,23.6,8,1,0,0,2016,0
"2578",2016-08-17,3,41,0.0731707317073171,22.2,29.4,27.1,8,1,0,0,2016,0
"2579",2016-08-18,3,46,0.0652173913043478,20.6,32.2,25.2,8,1,1,0,2016,0
"2580",2016-08-19,1,30,0.0333333333333333,19.4,27.2,25.4,8,1,0,0,2016,0
"2581",2016-08-22,2,39,0.0512820512820513,18.3,26.7,22.9,8,1,0,0,2016,0
"2582",2016-08-23,2,54,0.037037037037037,16.1,27.8,21.4,8,1,0,0,2016,0
"2583",2016-08-24,2,50,0.04,18.3,31.1,23.6,8,1,1,1,2016,1
"2584",2016-08-25,1,52,0.0192307692307692,20,31.1,25.3,8,1,1,1,2016,0
"2585",2016-08-26,1,35,0.0285714285714286,22.8,32.8,26.6,8,1,1,1,2016,0
"2586",2016-08-27,0,1,0,20.6,28.3,25.6,8,1,0,0,2016,0
"2587",2016-08-29,1,49,0.0204081632653061,20.6,32.2,25,8,1,1,0,2016,0
"2588",2016-08-30,3,41,0.0731707317073171,17.8,25,21.9,8,1,0,0,2016,0
"2589",2016-08-31,1,86,0.0116279069767442,20,27.8,23.5,8,1,0,0,2016,0
"2590",2016-09-01,1,47,0.0212765957446809,20,24.4,23.6,9,0,0,0,2016,0
"2591",2016-09-02,1,34,0.0294117647058824,17.8,23.9,20.7,9,0,0,0,2016,0
"2592",2016-09-06,0,50,0,17.2,22.2,18.4,9,0,0,0,2016,0
"2593",2016-09-07,1,45,0.0222222222222222,18.3,24.4,20.4,9,0,0,0,2016,0
"2594",2016-09-08,1,46,0.0217391304347826,18.9,24.4,20.9,9,0,0,0,2016,0
"2595",2016-09-09,1,47,0.0212765957446809,22.8,33.9,26.2,9,0,1,0,2016,0
"2596",2016-09-12,1,34,0.0294117647058824,15,22.2,19.1,9,0,0,0,2016,0
"2597",2016-09-13,5,68,0.0735294117647059,15.6,28.3,21.3,9,0,0,0,2016,0
"2598",2016-09-14,0,47,0,16.7,32.2,23.2,9,0,1,0,2016,0
"2599",2016-09-15,0,36,0,13.9,18.9,17.2,9,0,0,0,2016,0
"2600",2016-09-16,0,30,0,12.2,21.1,16.8,9,0,0,0,2016,0
"2601",2016-09-19,3,45,0.0666666666666667,19.4,23.3,22.2,9,0,0,0,2016,0
"2602",2016-09-20,3,34,0.0882352941176471,19.4,23.9,21.2,9,0,0,0,2016,0
"2603",2016-09-21,0,37,0,20.6,28.3,23.7,9,0,0,0,2016,0
"2604",2016-09-22,2,34,0.0588235294117647,16.1,26.1,21.7,9,0,0,0,2016,0
"2605",2016-09-23,1,43,0.0232558139534884,13.3,27.8,20.9,9,0,0,0,2016,0
"2606",2016-09-24,1,24,0.0416666666666667,12.2,19.4,15.4,9,0,0,0,2016,0
"2607",2016-09-26,2,45,0.0444444444444444,8.9,17.8,13.6,9,0,0,0,2016,0
"2608",2016-09-27,4,68,0.0588235294117647,15,22.2,17.3,9,0,0,0,2016,0
"2609",2016-09-28,2,66,0.0303030303030303,13.3,16.1,15,9,0,0,0,2016,0
"2610",2016-09-29,1,57,0.0175438596491228,12.2,15.6,13.9,9,0,0,0,2016,0
"2611",2016-09-30,3,56,0.0535714285714286,13.3,16.7,14.6,9,0,0,0,2016,0
"2612",2016-10-03,3,38,0.0789473684210526,12.8,20,15.3,10,0,0,0,2016,0
"2613",2016-10-04,2,83,0.0240963855421687,10,17.2,15.2,10,0,0,0,2016,0
"2614",2016-10-05,3,66,0.0454545454545455,8.9,15.6,12.2,10,0,0,0,2016,0
"2615",2016-10-06,2,63,0.0317460317460317,9.4,19.4,13.6,10,0,0,0,2016,0
"2616",2016-10-07,0,30,0,11.7,20,15.6,10,0,0,0,2016,0
"2617",2016-10-08,1,4,0.25,11.1,20,15.3,10,0,0,0,2016,0
"2618",2016-10-11,3,77,0.038961038961039,6.7,15,10.5,10,0,0,0,2016,0
"2619",2016-10-12,3,43,0.0697674418604651,8.9,16.7,12.6,10,0,0,0,2016,0
"2620",2016-10-13,3,63,0.0476190476190476,10.6,22.2,15.6,10,0,0,0,2016,0
"2621",2016-10-14,3,55,0.0545454545454545,7.8,15.6,12.2,10,0,0,0,2016,0
"2622",2016-10-17,4,47,0.0851063829787234,16.7,23.9,18.8,10,0,0,0,2016,0
"2623",2016-10-18,7,61,0.114754098360656,13.9,20.6,16.4,10,0,0,0,2016,0
"2624",2016-10-19,1,48,0.0208333333333333,16.7,27.2,21.9,10,0,0,0,2016,0
"2625",2016-10-20,4,54,0.0740740740740741,13.3,16.7,15.8,10,0,0,0,2016,0
"2626",2016-10-21,1,34,0.0294117647058824,15,23.9,16.8,10,0,0,0,2016,0
"2627",2016-10-22,0,1,0,6.7,18.3,16.1,10,0,0,0,2016,0
"2628",2016-10-23,0,1,0,6.7,14.4,9.8,10,0,0,0,2016,0
"2629",2016-10-24,4,43,0.0930232558139535,7.8,16.1,12.3,10,0,0,0,2016,0
"2630",2016-10-25,4,44,0.0909090909090909,3.9,9.4,7.6,10,0,0,0,2016,0
"2631",2016-10-26,2,47,0.0425531914893617,2.8,9.4,5.4,10,0,0,0,2016,0
"2632",2016-10-27,4,42,0.0952380952380952,1.1,9.4,4.7,10,0,0,0,2016,0
"2633",2016-10-28,1,43,0.0232558139534884,6.7,12.8,8.9,10,0,0,0,2016,0
"2634",2016-10-31,2,45,0.0444444444444444,3.3,11.1,8.2,10,0,0,0,2016,0
"2635",2016-11-01,4,38,0.105263157894737,1.1,10.6,5.8,11,0,0,0,2016,0
"2636",2016-11-02,1,36,0.0277777777777778,7.2,21.1,12.6,11,0,0,0,2016,0
"2637",2016-11-03,4,51,0.0784313725490196,10.6,17.8,13.5,11,0,0,0,2016,0
"2638",2016-11-04,0,20,0,3.9,13.9,11.3,11,0,0,0,2016,0
"2639",2016-11-05,0,1,0,1.7,13.9,7.2,11,0,0,0,2016,0
"2640",2016-11-07,1,51,0.0196078431372549,2.2,8.3,5.8,11,0,0,0,2016,0
"2641",2016-11-08,3,41,0.0731707317073171,3.3,15,7.9,11,0,0,0,2016,0
"2642",2016-11-09,1,37,0.027027027027027,6.7,16.7,11.3,11,0,0,0,2016,0
"2643",2016-11-10,2,42,0.0476190476190476,3.9,11.7,8.2,11,0,0,0,2016,0
"2644",2016-11-11,1,2,0.5,3.3,15.6,10.1,11,0,0,0,2016,0
"2645",2016-11-14,1,45,0.0222222222222222,3.9,18.9,11.6,11,0,0,0,2016,0
"2646",2016-11-15,3,55,0.0545454545454545,7.8,14.4,10.6,11,0,0,0,2016,0
"2647",2016-11-16,2,81,0.0246913580246914,10.6,12.8,11.6,11,0,0,0,2016,0
"2648",2016-11-17,5,59,0.0847457627118644,7.2,13.9,10.8,11,0,0,0,2016,0
"2649",2016-11-18,2,42,0.0476190476190476,6.1,17.2,10.1,11,0,0,0,2016,0
"2650",2016-11-21,0,35,0,-1,3.3,1.2,11,0,0,0,2016,0
"2651",2016-11-22,0,51,0,0,6.1,2.1,11,0,0,0,2016,0
"2652",2016-11-23,5,52,0.0961538461538462,0.6,7.2,2.9,11,0,0,0,2016,0
"2653",2016-11-25,0,20,0,3.9,8.9,5.8,11,0,0,0,2016,0
"2654",2016-11-28,2,46,0.0434782608695652,0.6,7.8,3.9,11,0,0,0,2016,0
"2655",2016-11-29,2,49,0.0408163265306122,0.6,14.4,5.8,11,0,0,0,2016,0
"2656",2016-11-30,2,54,0.037037037037037,5.6,11.1,9.1,11,0,0,0,2016,0
"2657",2016-12-01,3,41,0.0731707317073171,6.1,13.9,10.1,12,0,0,0,2016,0
"2658",2016-12-02,2,40,0.05,3.3,10.6,7.2,12,0,0,0,2016,0
"2659",2016-12-05,1,44,0.0227272727272727,-0.5,4.4,1.3,12,0,0,0,2016,0
"2660",2016-12-06,2,47,0.0425531914893617,1.1,6.7,3.8,12,0,0,0,2016,0
"2661",2016-12-07,5,47,0.106382978723404,2.2,5.6,4.4,12,0,0,0,2016,0
"2662",2016-12-08,2,42,0.0476190476190476,1.1,6.1,3.9,12,0,0,0,2016,0
"2663",2016-12-09,2,36,0.0555555555555556,-3.8,2.8,1.2,12,0,0,0,2016,0
"2664",2016-12-10,1,2,0.5,-6,-1.6,-3.6,12,0,0,0,2016,0
"2665",2016-12-12,2,36,0.0555555555555556,-1.6,6.7,2.5,12,0,0,0,2016,0
"2666",2016-12-13,2,39,0.0512820512820513,1.7,6.1,3.4,12,0,0,0,2016,0
"2667",2016-12-14,3,48,0.0625,-2.7,5.6,3.1,12,0,0,0,2016,0
"2668",2016-12-15,1,39,0.0256410256410256,-9.9,0,-2.7,12,0,0,0,2016,0
"2669",2016-12-16,1,40,0.025,-15.5,-6,-10.8,12,0,0,0,2016,0
"2670",2016-12-19,0,27,0,-7.1,0.6,-2.6,12,0,0,0,2016,0
"2671",2016-12-20,3,33,0.0909090909090909,-7.7,1.1,-4.6,12,0,0,0,2016,0
"2672",2016-12-21,2,33,0.0606060606060606,-1.6,7.2,1.8,12,0,0,0,2016,0
"2673",2016-12-22,0,44,0,-0.5,3.9,1.8,12,0,0,0,2016,0
"2674",2016-12-23,2,14,0.142857142857143,1.7,7.8,3.7,12,0,0,0,2016,0
"2675",2016-12-27,0,30,0,3.9,14.4,10.5,12,0,0,0,2016,0
"2676",2016-12-28,2,29,0.0689655172413793,0,5.6,4,12,0,0,0,2016,0
"2677",2016-12-29,0,16,0,-1.6,6.1,1.6,12,0,0,0,2016,0
"2678",2016-12-30,1,16,0.0625,-1,5,2.4,12,0,0,0,2016,0
"2679",2016-12-31,0,1,0,-3.2,5.6,-0.3,12,0,0,0,2016,0
"2680",2017-01-03,0,35,0,4.4,6.7,5.2,1,0,0,0,2017,0
"2681",2017-01-04,3,35,0.0857142857142857,0.6,8.9,5.9,1,0,0,0,2017,0
"2682",2017-01-05,3,60,0.05,-2.7,1.1,-0.1,1,0,0,0,2017,0
"2683",2017-01-06,1,43,0.0232558139534884,-4.3,-0.5,-1.8,1,0,0,0,2017,0
"2684",2017-01-09,1,35,0.0285714285714286,-11.6,-6.6,-9.2,1,0,0,0,2017,0
"2685",2017-01-10,0,32,0,-8.8,3.9,-5.1,1,0,0,0,2017,0
"2686",2017-01-11,3,48,0.0625,3.9,12.8,7.4,1,0,0,0,2017,0
"2687",2017-01-12,4,58,0.0689655172413793,5,16.1,10.1,1,0,0,0,2017,0
"2688",2017-01-13,3,45,0.0666666666666667,-3.8,14.4,9.2,1,0,0,0,2017,0
"2689",2017-01-16,0,1,0,-4.9,5.6,-0.4,1,0,0,0,2017,0
"2690",2017-01-17,3,42,0.0714285714285714,0,5.6,2.9,1,0,0,0,2017,0
"2691",2017-01-18,1,37,0.027027027027027,0,4.4,3.2,1,0,0,0,2017,0
"2692",2017-01-19,4,26,0.153846153846154,-0.5,7.8,2.6,1,0,0,0,2017,0
"2693",2017-01-20,0,41,0,1.1,4.4,3.4,1,0,0,0,2017,0
"2694",2017-01-23,5,60,0.0833333333333333,1.7,4.4,3.3,1,0,0,0,2017,0
"2695",2017-01-24,2,8,0.25,1.7,5.6,3.8,1,0,0,0,2017,0
"2696",2017-01-25,1,25,0.04,2.2,6.7,3.6,1,0,0,0,2017,0
"2697",2017-01-26,0,40,0,2.8,10.6,5.7,1,0,0,0,2017,0
"2698",2017-01-27,4,43,0.0930232558139535,2.2,6.7,4.8,1,0,0,0,2017,0
"2699",2017-01-30,4,43,0.0930232558139535,-4.3,2.2,0.5,1,0,0,0,2017,0
"2700",2017-01-31,3,37,0.0810810810810811,-6.6,-2.1,-3.9,1,0,0,0,2017,0
"2701",2017-02-01,0,39,0,-2.7,6.1,0.1,2,0,0,0,2017,0
"2702",2017-02-02,3,39,0.0769230769230769,-1.6,4.4,2.1,2,0,0,0,2017,0
"2703",2017-02-03,3,24,0.125,-3.8,0.6,-1.3,2,0,0,0,2017,0
"2704",2017-02-06,2,23,0.0869565217391304,0,3.9,2.2,2,0,0,0,2017,0
"2705",2017-02-07,6,38,0.157894736842105,0.6,3.3,1.4,2,0,0,0,2017,0
"2706",2017-02-08,1,31,0.032258064516129,-3.8,11.1,2.6,2,0,0,0,2017,0
"2707",2017-02-09,0,1,0,-11.6,3.9,0.2,2,0,0,0,2017,0
"2708",2017-02-10,2,37,0.0540540540540541,-11.6,-3.8,-8.6,2,0,0,0,2017,0
"2709",2017-02-11,0,1,0,-9.3,-1,-6.2,2,0,0,0,2017,0
"2710",2017-02-13,1,1,1,-4.3,1.1,-0.9,2,0,0,0,2017,0
"2711",2017-02-14,3,45,0.0666666666666667,-5.5,1.1,-2.7,2,0,0,0,2017,0
"2712",2017-02-15,2,40,0.05,-2.7,4.4,0.2,2,0,0,0,2017,0
"2713",2017-02-16,8,51,0.156862745098039,-2.7,1.7,0.8,2,0,0,0,2017,0
"2714",2017-02-17,5,42,0.119047619047619,-4.9,5,-0.9,2,0,0,0,2017,0
"2715",2017-02-21,2,46,0.0434782608695652,-1,4.4,1.9,2,0,0,0,2017,0
"2716",2017-02-22,1,31,0.032258064516129,3.3,13.3,5.9,2,0,0,0,2017,0
"2717",2017-02-23,4,51,0.0784313725490196,3.9,20,9.6,2,0,0,0,2017,0
"2718",2017-02-24,2,48,0.0416666666666667,7.8,22.8,13.8,2,0,0,0,2017,0
"2719",2017-02-27,4,37,0.108108108108108,-1,12.8,4.2,2,0,0,0,2017,0
"2720",2017-02-28,1,42,0.0238095238095238,3.9,10.6,6.7,2,0,0,0,2017,0
"2721",2017-03-01,2,37,0.0540540540540541,8.9,17.2,11.6,3,0,0,0,2017,0
"2722",2017-03-02,2,35,0.0571428571428571,-0.5,14.4,10,3,0,0,0,2017,0
"2723",2017-03-03,1,38,0.0263157894736842,-6.6,2.2,-0.4,3,0,0,0,2017,0
"2724",2017-03-05,0,2,0,-12.7,0,-7.8,3,0,0,0,2017,0
"2725",2017-03-06,1,23,0.0434782608695652,-8.8,2.8,-3.8,3,0,0,0,2017,0
"2726",2017-03-07,3,42,0.0714285714285714,-1,8.9,2.5,3,0,0,0,2017,0
"2727",2017-03-08,4,38,0.105263157894737,6.1,13.9,10.4,3,0,0,0,2017,0
"2728",2017-03-09,0,30,0,3.3,10.6,8,3,0,0,0,2017,0
"2729",2017-03-10,1,45,0.0222222222222222,-4.9,3.3,1.2,3,0,0,0,2017,0
"2730",2017-03-13,1,19,0.0526315789473684,-9.9,1.1,-5.7,3,0,0,0,2017,0
"2731",2017-03-14,0,1,0,-2.7,3.3,-0.8,3,0,0,0,2017,0
"2732",2017-03-15,0,33,0,-7.1,-2.1,-3.3,3,0,0,0,2017,0
"2733",2017-03-16,3,43,0.0697674418604651,-5.5,1.7,-3.3,3,0,0,0,2017,0
"2734",2017-03-17,2,28,0.0714285714285714,-2.7,5.6,0.4,3,0,0,0,2017,0
"2735",2017-03-20,2,29,0.0689655172413793,0,11.7,4.6,3,0,0,0,2017,0
"2736",2017-03-21,1,32,0.03125,4.4,11.7,7.1,3,0,0,0,2017,0
"2737",2017-03-22,0,36,0,-7.7,6.1,3.1,3,0,0,0,2017,0
"2738",2017-03-23,0,49,0,-7.7,3.3,-3.8,3,0,0,0,2017,0
"2739",2017-03-24,1,45,0.0222222222222222,-2.7,8.3,1.7,3,0,0,0,2017,0
"2740",2017-03-25,0,2,0,1.1,8.3,5.3,3,0,0,0,2017,0
"2741",2017-03-26,0,1,0,-1,5,2,3,0,0,0,2017,0
"2742",2017-03-27,1,34,0.0294117647058824,2.2,6.7,3.9,3,0,0,0,2017,0
"2743",2017-03-28,4,85,0.0470588235294118,2.2,4.4,3.3,3,0,0,0,2017,0
"2744",2017-03-29,2,40,0.05,2.8,8.3,4.7,3,0,0,0,2017,0
"2745",2017-03-30,2,42,0.0476190476190476,1.1,8.9,4.2,3,0,0,0,2017,0
"2746",2017-03-31,5,46,0.108695652173913,0.6,4.4,2.9,3,0,0,0,2017,0
"2747",2017-04-03,0,53,0,3.3,12.8,8.2,4,0,0,0,2017,0
"2748",2017-04-04,3,45,0.0666666666666667,3.3,6.1,5.3,4,0,0,0,2017,0
"2749",2017-04-05,1,52,0.0192307692307692,2.8,5,4.2,4,0,0,0,2017,0
"2750",2017-04-06,2,41,0.048780487804878,2.8,11.7,3.8,4,0,0,0,2017,0
"2751",2017-04-07,4,40,0.1,5,12.2,9.1,4,0,0,0,2017,0
"2752",2017-04-10,2,46,0.0434782608695652,6.7,24.4,15,4,0,0,0,2017,0
"2753",2017-04-11,1,12,0.0833333333333333,11.1,28.9,17.7,4,0,0,0,2017,0
"2754",2017-04-12,1,45,0.0222222222222222,8.9,15.6,12.8,4,0,0,0,2017,0
"2755",2017-04-13,2,33,0.0606060606060606,7.2,15,11.7,4,0,0,0,2017,0
"2756",2017-04-14,2,40,0.05,6.7,15.6,10.7,4,0,0,0,2017,0
"2757",2017-04-17,0,1,0,9.4,23.9,20.9,4,0,0,0,2017,0
"2758",2017-04-18,5,42,0.119047619047619,3.9,10.6,9.7,4,0,0,0,2017,0
"2759",2017-04-19,1,54,0.0185185185185185,3.9,13.3,7,4,0,0,0,2017,0
"2760",2017-04-20,3,40,0.075,6.7,12.8,8.8,4,0,0,0,2017,0
"2761",2017-04-21,1,39,0.0256410256410256,6.7,7.2,7.1,4,0,0,0,2017,0
"2762",2017-04-24,2,40,0.05,7.2,17.8,11.8,4,0,0,0,2017,0
"2763",2017-04-25,2,55,0.0363636363636364,7.2,10,9.3,4,0,0,0,2017,0
"2764",2017-04-26,0,44,0,7.2,13.3,10.1,4,0,0,0,2017,0
"2765",2017-04-27,1,48,0.0208333333333333,10,15,11.5,4,0,0,0,2017,0
"2766",2017-04-28,3,48,0.0625,10.6,27.8,17.2,4,0,0,0,2017,0
"2767",2017-05-01,1,37,0.027027027027027,7.2,8.9,8.3,5,0,0,0,2017,0
"2768",2017-05-02,2,50,0.04,6.7,18.9,9.7,5,0,0,0,2017,0
"2769",2017-05-03,0,41,0,9.4,17.8,13.6,5,0,0,0,2017,0
"2770",2017-05-04,2,48,0.0416666666666667,7.8,13.3,10.7,5,0,0,0,2017,0
"2771",2017-05-05,3,45,0.0666666666666667,8.3,10.6,9.4,5,0,0,0,2017,0
"2772",2017-05-08,2,56,0.0357142857142857,6.7,12.8,10.1,5,0,0,0,2017,0
"2773",2017-05-09,2,55,0.0363636363636364,5.6,11.1,8.1,5,0,0,0,2017,0
"2774",2017-05-10,4,50,0.08,8.3,12.8,10,5,0,0,0,2017,0
"2775",2017-05-11,2,45,0.0444444444444444,8.9,12.2,10.3,5,0,0,0,2017,0
"2776",2017-05-12,5,50,0.1,8.3,11.7,9.7,5,0,0,0,2017,0
"2777",2017-05-15,1,52,0.0192307692307692,8.3,16.1,10.8,5,0,0,0,2017,0
"2778",2017-05-16,0,40,0,12.8,27.2,18.3,5,0,0,0,2017,0
"2779",2017-05-17,3,43,0.0697674418604651,15.6,33.3,24,5,0,1,1,2017,1
"2780",2017-05-18,3,41,0.0731707317073171,21.7,35,28.7,5,0,1,1,2017,0
"2781",2017-05-19,3,36,0.0833333333333333,14.4,32.2,26.8,5,0,1,1,2017,0
"2782",2017-05-22,3,45,0.0666666666666667,10,13.3,12.2,5,0,0,0,2017,0
"2783",2017-05-23,0,45,0,11.7,20,13.9,5,0,0,0,2017,0
"2784",2017-05-24,1,49,0.0204081632653061,12.2,17.8,14.8,5,0,0,0,2017,0
"2785",2017-05-25,2,37,0.0540540540540541,10,12.8,11.9,5,0,0,0,2017,0
"2786",2017-05-26,5,38,0.131578947368421,9.4,15.6,11.5,5,0,0,0,2017,0
"2787",2017-05-30,2,40,0.05,9.4,15,10.7,5,0,0,0,2017,0
"2788",2017-05-31,3,46,0.0652173913043478,12.2,20,15.1,5,0,0,0,2017,0
"2789",2017-06-01,3,38,0.0789473684210526,13.3,26.1,19.2,6,1,0,0,2017,0
"2790",2017-06-02,4,42,0.0952380952380952,10.6,22.2,18.4,6,1,0,0,2017,0
"2791",2017-06-05,2,37,0.0540540540540541,11.1,13.9,13.1,6,1,0,0,2017,0
"2792",2017-06-06,3,53,0.0566037735849057,8.3,11.1,9.9,6,1,0,0,2017,0
"2793",2017-06-07,4,49,0.0816326530612245,10,16.7,12.5,6,1,0,0,2017,0
"2794",2017-06-08,4,44,0.0909090909090909,10.6,21.7,15.9,6,1,0,0,2017,0
"2795",2017-06-09,2,24,0.0833333333333333,12.8,26.1,17.5,6,1,0,0,2017,0
"2796",2017-06-12,1,39,0.0256410256410256,21.7,35,28.9,6,1,1,1,2017,0
"2797",2017-06-13,3,43,0.0697674418604651,22.2,35,29.3,6,1,1,1,2017,0
"2798",2017-06-14,1,39,0.0256410256410256,15,22.8,21.7,6,1,0,0,2017,0
"2799",2017-06-15,1,33,0.0303030303030303,13.9,23.9,17.9,6,1,0,0,2017,0
"2800",2017-06-16,0,19,0,13.9,21.7,17.6,6,1,0,0,2017,0
"2801",2017-06-19,1,19,0.0526315789473684,21.1,29.4,24,6,1,0,0,2017,0
"2802",2017-06-20,5,51,0.0980392156862745,20,30,24.3,6,1,1,0,2017,0
"2803",2017-06-21,0,31,0,19.4,28.9,24.5,6,1,0,0,2017,0
"2804",2017-06-22,0,33,0,18.3,28.9,23.4,6,1,0,0,2017,0
"2805",2017-06-23,1,23,0.0434782608695652,18.3,32.2,24.7,6,1,1,0,2017,0
"2806",2017-06-26,0,11,0,16.7,26.7,21.6,6,1,0,0,2017,0
"2807",2017-06-27,1,33,0.0303030303030303,14.4,25,19.8,6,1,0,0,2017,0
"2808",2017-06-28,1,27,0.037037037037037,14.4,26.1,19.3,6,1,0,0,2017,0
"2809",2017-06-29,1,28,0.0357142857142857,17.2,26.1,21.6,6,1,0,0,2017,0
"2810",2017-06-30,0,21,0,20,28.9,23.2,6,1,0,0,2017,0
"2811",2017-07-03,1,4,0.25,21.7,30.6,26.7,7,1,1,1,2017,0
"2812",2017-07-04,0,1,0,19.4,27.8,24.4,7,1,0,0,2017,0
"2813",2017-07-05,0,24,0,16.7,26.1,21.8,7,1,0,0,2017,0
"2814",2017-07-06,3,23,0.130434782608696,16.1,28.3,21.8,7,1,0,0,2017,0
"2815",2017-07-07,3,40,0.075,16.7,21.1,19.3,7,1,0,0,2017,0
"2816",2017-07-08,0,1,0,17.2,30.6,21.9,7,1,1,0,2017,0
"2817",2017-07-09,0,1,0,18.9,28.3,23.4,7,1,0,0,2017,0
"2818",2017-07-10,0,4,0,18.3,30.6,24.9,7,1,1,0,2017,0
"2819",2017-07-11,2,31,0.0645161290322581,19.4,28.3,22.6,7,1,0,0,2017,0
"2820",2017-07-12,3,41,0.0731707317073171,20.6,27.8,24.4,7,1,0,0,2017,0
"2821",2017-07-13,4,35,0.114285714285714,14.4,21.1,18.7,7,1,0,0,2017,0
"2822",2017-07-14,4,41,0.0975609756097561,15.6,19.4,16.4,7,1,0,0,2017,0
"2823",2017-07-17,0,27,0,20,28.3,24.3,7,1,0,0,2017,0
"2824",2017-07-18,1,40,0.025,20,27.8,23.3,7,1,0,0,2017,0
"2825",2017-07-19,4,49,0.0816326530612245,22.2,33.9,26.3,7,1,1,1,2017,1
"2826",2017-07-20,3,36,0.0833333333333333,21.7,33.3,28.7,7,1,1,1,2017,0
"2827",2017-07-21,3,40,0.075,22.8,32.8,27.3,7,1,1,1,2017,0
"2828",2017-07-24,3,39,0.0769230769230769,13.9,18.3,16.6,7,1,0,0,2017,0
"2829",2017-07-25,2,39,0.0512820512820513,13.3,18.3,15.4,7,1,0,0,2017,0
"2830",2017-07-26,1,44,0.0227272727272727,15,25,19.2,7,1,0,0,2017,0
"2831",2017-07-27,6,48,0.125,17.2,23.9,19.7,7,1,0,0,2017,0
"2832",2017-07-28,1,40,0.025,18.9,27.8,22.3,7,1,0,0,2017,0
"2833",2017-07-30,0,1,0,15.6,22.8,19.1,7,1,0,0,2017,0
"2834",2017-07-31,1,37,0.027027027027027,16.1,26.7,21.1,7,1,0,0,2017,0
"2835",2017-08-01,1,39,0.0256410256410256,19.4,26.7,23.6,8,1,0,0,2017,0
"2836",2017-08-02,1,45,0.0222222222222222,20,27.2,23.2,8,1,0,0,2017,0
"2837",2017-08-03,1,48,0.0208333333333333,18.9,28.9,23.1,8,1,0,0,2017,0
"2838",2017-08-04,4,49,0.0816326530612245,20,29.4,23.9,8,1,0,0,2017,0
"2839",2017-08-07,1,44,0.0227272727272727,17.8,25.6,21.7,8,1,0,0,2017,0
"2840",2017-08-08,3,37,0.0810810810810811,16.7,23.9,19.6,8,1,0,0,2017,0
"2841",2017-08-09,6,44,0.136363636363636,18.3,29.4,22.8,8,1,0,0,2017,0
"2842",2017-08-10,1,31,0.032258064516129,18.9,27.8,23.2,8,1,0,0,2017,0
"2843",2017-08-11,3,31,0.0967741935483871,17.2,25,21.7,8,1,0,0,2017,0
"2844",2017-08-13,0,1,0,21.1,30,24.6,8,1,1,0,2017,0
"2845",2017-08-14,1,39,0.0256410256410256,17.2,25.6,22.2,8,1,0,0,2017,0
"2846",2017-08-15,1,28,0.0357142857142857,18.9,26.7,22.6,8,1,0,0,2017,0
"2847",2017-08-16,2,45,0.0444444444444444,18.9,29.4,23.7,8,1,0,0,2017,0
"2848",2017-08-17,4,45,0.0888888888888889,17.2,28.3,22.7,8,1,0,0,2017,0
"2849",2017-08-18,0,50,0,18.3,27.2,22.3,8,1,0,0,2017,0
"2850",2017-08-21,1,35,0.0285714285714286,20.6,30.6,25.1,8,1,1,0,2017,0
"2851",2017-08-22,0,27,0,21.1,32.8,25.9,8,1,1,0,2017,0
"2852",2017-08-23,6,43,0.13953488372093,20.6,28.9,25.4,8,1,0,0,2017,0
"2853",2017-08-24,2,40,0.05,17.8,27.2,22.5,8,1,0,0,2017,0
"2854",2017-08-25,0,35,0,17.2,24.4,19.9,8,1,0,0,2017,0
"2855",2017-08-26,0,2,0,15.6,23.3,19.3,8,1,0,0,2017,0
"2856",2017-08-27,0,1,0,14.4,21.7,18.1,8,1,0,0,2017,0
"2857",2017-08-28,5,41,0.121951219512195,13.9,22.2,18.1,8,1,0,0,2017,0
"2858",2017-08-29,1,43,0.0232558139534884,14.4,20,17.1,8,1,0,0,2017,0
"2859",2017-08-30,0,33,0,15,22.2,18.1,8,1,0,0,2017,0
"2860",2017-08-31,2,36,0.0555555555555556,15.6,26.1,20,8,1,0,0,2017,0
"2861",2017-09-01,2,21,0.0952380952380952,11.7,20.6,16.8,9,0,0,0,2017,0
"2862",2017-09-05,3,48,0.0625,18.3,31.1,23.2,9,0,1,0,2017,0
"2863",2017-09-06,2,55,0.0363636363636364,16.7,26.1,21.3,9,0,0,0,2017,0
"2864",2017-09-07,1,37,0.027027027027027,15.6,24.4,18.9,9,0,0,0,2017,0
"2865",2017-09-08,2,32,0.0625,15,23.3,18.6,9,0,0,0,2017,0
"2866",2017-09-11,2,31,0.0645161290322581,12.8,26.7,19,9,0,0,0,2017,0
"2867",2017-09-12,5,44,0.113636363636364,16.1,30,22.3,9,0,1,0,2017,0
"2868",2017-09-13,0,27,0,17.8,25.6,21.7,9,0,0,0,2017,0
"2869",2017-09-14,1,69,0.0144927536231884,19.4,28.9,23.5,9,0,0,0,2017,0
"2870",2017-09-15,1,32,0.03125,18.9,25,21.9,9,0,0,0,2017,0
"2871",2017-09-18,0,31,0,17.2,20,18.5,9,0,0,0,2017,0
"2872",2017-09-19,1,35,0.0285714285714286,17.2,18.9,17.8,9,0,0,0,2017,0
"2873",2017-09-20,0,29,0,17.2,22.2,18.8,9,0,0,0,2017,0
"2874",2017-09-21,1,43,0.0232558139534884,17.2,22.2,21.1,9,0,0,0,2017,0
"2875",2017-09-22,3,31,0.0967741935483871,13.9,17.2,15.9,9,0,0,0,2017,0
"2876",2017-09-25,0,38,0,17.8,25.6,21.4,9,0,0,0,2017,0
"2877",2017-09-26,0,32,0,17.2,26.7,20.8,9,0,0,0,2017,0
"2878",2017-09-27,0,4,0,18.3,30,23.5,9,0,1,0,2017,0
"2879",2017-09-28,0,36,0,13.9,25.6,23.8,9,0,0,0,2017,0
"2880",2017-09-29,2,34,0.0588235294117647,11.1,20,15.2,9,0,0,0,2017,0
"2881",2017-10-02,0,27,0,10.6,18.9,14.8,10,0,0,0,2017,0
"2882",2017-10-03,0,38,0,10.6,18.3,14.7,10,0,0,0,2017,0
"2883",2017-10-04,2,32,0.0625,11.7,25,16.8,10,0,0,0,2017,0
"2884",2017-10-05,0,28,0,17.8,26.7,21.3,10,0,0,0,2017,0
"2885",2017-10-06,0,28,0,15.6,25.6,20.4,10,0,0,0,2017,0
"2886",2017-10-07,0,11,0,15.6,24.4,19,10,0,0,0,2017,0
"2887",2017-10-08,0,2,0,20,23.9,21.8,10,0,0,0,2017,0
"2888",2017-10-10,1,41,0.024390243902439,18.3,26.1,23.2,10,0,0,0,2017,0
"2889",2017-10-11,4,39,0.102564102564103,13.9,20,18.2,10,0,0,0,2017,0
"2890",2017-10-12,2,38,0.0526315789473684,8.9,14.4,13.6,10,0,0,0,2017,0
"2891",2017-10-13,1,43,0.0232558139534884,8.3,16.7,12.6,10,0,0,0,2017,0
"2892",2017-10-14,0,2,0,13.9,17.8,15.5,10,0,0,0,2017,0
"2893",2017-10-16,2,49,0.0408163265306122,6.7,21.1,17,10,0,0,0,2017,0
"2894",2017-10-17,0,61,0,4.4,14.4,8.9,10,0,0,0,2017,0
"2895",2017-10-18,2,53,0.0377358490566038,8.3,22.2,14,10,0,0,0,2017,0
"2896",2017-10-19,1,56,0.0178571428571429,11.1,23.3,16.3,10,0,0,0,2017,0
"2897",2017-10-20,1,45,0.0222222222222222,14.4,21.7,17.3,10,0,0,0,2017,0
"2898",2017-10-22,0,2,0,12.2,18.9,15.9,10,0,0,0,2017,0
"2899",2017-10-23,4,46,0.0869565217391304,12.2,17.8,13.3,10,0,0,0,2017,0
"2900",2017-10-24,5,51,0.0980392156862745,16.7,23.9,19.1,10,0,0,0,2017,0
"2901",2017-10-25,2,116,0.0172413793103448,14.4,21.1,19.5,10,0,0,0,2017,0
"2902",2017-10-26,5,57,0.087719298245614,9.4,16.7,15,10,0,0,0,2017,0
"2903",2017-10-27,0,41,0,8.3,16.7,11.5,10,0,0,0,2017,0
"2904",2017-10-28,0,1,0,7.8,19.4,13.3,10,0,0,0,2017,0
"2905",2017-10-30,2,46,0.0434782608695652,10.6,18.3,15.2,10,0,0,0,2017,0
"2906",2017-10-31,2,42,0.0476190476190476,7.8,14.4,11.4,10,0,0,0,2017,0
"2907",2017-11-01,4,47,0.0851063829787234,5,11.7,9.1,11,0,0,0,2017,0
"2908",2017-11-02,6,77,0.0779220779220779,11.1,21.7,14.8,11,0,0,0,2017,0
"2909",2017-11-03,0,36,0,10.6,23.9,17.9,11,0,0,0,2017,0
"2910",2017-11-06,4,41,0.0975609756097561,10,17.8,16.2,11,0,0,0,2017,0
"2911",2017-11-07,3,48,0.0625,2.8,10,8.6,11,0,0,0,2017,0
"2912",2017-11-08,2,57,0.0350877192982456,2.8,7.2,4.7,11,0,0,0,2017,0
"2913",2017-11-09,2,48,0.0416666666666667,1.1,8.9,4.9,11,0,0,0,2017,0
"2914",2017-11-13,4,47,0.0851063829787234,2.8,6.1,4.3,11,0,0,0,2017,0
"2915",2017-11-14,2,43,0.0465116279069767,2.8,6.7,3.9,11,0,0,0,2017,0
"2916",2017-11-15,1,46,0.0217391304347826,1.1,6.7,4,11,0,0,0,2017,0
"2917",2017-11-16,2,74,0.027027027027027,3.3,10,6.4,11,0,0,0,2017,0
"2918",2017-11-17,1,65,0.0153846153846154,1.1,6.7,5.4,11,0,0,0,2017,0
"2919",2017-11-20,3,54,0.0555555555555556,1.7,5.6,3.6,11,0,0,0,2017,0
"2920",2017-11-21,3,58,0.0517241379310345,1.7,15,7.3,11,0,0,0,2017,0
"2921",2017-11-22,4,41,0.0975609756097561,3.3,11.1,9.3,11,0,0,0,2017,0
"2922",2017-11-24,0,31,0,-0.5,10,3.9,11,0,0,0,2017,0
"2923",2017-11-27,4,44,0.0909090909090909,-2.7,8.3,4.1,11,0,0,0,2017,0
"2924",2017-11-28,2,57,0.0350877192982456,-5.5,8.3,-0.6,11,0,0,0,2017,0
"2925",2017-11-29,0,25,0,3.3,16.1,9.8,11,0,0,0,2017,0
"2926",2017-11-30,4,46,0.0869565217391304,-1,7.2,3.8,11,0,0,0,2017,0
"2927",2017-12-01,5,40,0.125,3.3,10.6,7.9,12,0,0,0,2017,0
"2928",2017-12-04,5,58,0.0862068965517241,0.6,6.1,3.8,12,0,0,0,2017,0
"2929",2017-12-05,1,59,0.0169491525423729,3.3,15,5.2,12,0,0,0,2017,0
"2930",2017-12-06,3,49,0.0612244897959184,2.2,14.4,10.6,12,0,0,0,2017,0
"2931",2017-12-07,2,48,0.0416666666666667,0.6,8.3,3.9,12,0,0,0,2017,0
"2932",2017-12-08,3,26,0.115384615384615,-0.5,3.9,2.6,12,0,0,0,2017,0
"2933",2017-12-11,3,44,0.0681818181818182,0,3.9,1.2,12,0,0,0,2017,0
"2934",2017-12-12,3,56,0.0535714285714286,0.6,7.8,3.8,12,0,0,0,2017,0
"2935",2017-12-13,0,38,0,-5.5,2.2,-2,12,0,0,0,2017,0
"2936",2017-12-14,7,45,0.155555555555556,-7.1,-1,-4.2,12,0,0,0,2017,0
"2937",2017-12-15,5,52,0.0961538461538462,-8.2,-2.7,-5.7,12,0,0,0,2017,0
"2938",2017-12-18,2,63,0.0317460317460317,-5.5,3.3,-2.7,12,0,0,0,2017,0
"2939",2017-12-19,0,50,0,1.1,10.6,4.5,12,0,0,0,2017,0
"2940",2017-12-20,1,46,0.0217391304347826,-0.5,8.3,6.3,12,0,0,0,2017,0
"2941",2017-12-21,4,52,0.0769230769230769,-3.2,0.6,-0.7,12,0,0,0,2017,0
"2942",2017-12-22,2,13,0.153846153846154,-4.9,3.3,-2.8,12,0,0,0,2017,0
"2943",2017-12-23,1,1,1,-3.8,6.1,-1.1,12,0,0,0,2017,0
"2944",2017-12-26,0,16,0,-7.1,-2.7,-3.6,12,0,0,0,2017,0
"2945",2017-12-27,1,34,0.0294117647058824,-11,-6.6,-8,12,0,0,0,2017,0
"2946",2017-12-28,0,34,0,-14.9,-11,-12.1,12,0,0,0,2017,0
"2947",2017-12-29,2,26,0.0769230769230769,-16.6,-9.9,-14.2,12,0,0,0,2017,0
"2948",2018-01-02,2,36,0.0555555555555556,-15.5,-7.1,-12.3,1,0,0,0,2018,0
"2949",2018-01-03,3,51,0.0588235294117647,-8.8,-1.6,-6.2,1,0,0,0,2018,0
"2950",2018-01-04,0,1,0,-5.5,-1,-3.6,1,0,0,0,2018,0
"2951",2018-01-05,1,23,0.0434782608695652,-14.3,-4.3,-7.8,1,0,0,0,2018,0
"2952",2018-01-07,0,1,0,-18.8,-8.2,-15.1,1,0,0,0,2018,0
"2953",2018-01-08,1,38,0.0263157894736842,-8.2,1.7,-4.3,1,0,0,0,2018,0
"2954",2018-01-09,3,45,0.0666666666666667,-0.5,6.1,1.8,1,0,0,0,2018,0
"2955",2018-01-10,2,47,0.0425531914893617,-3.8,2.2,-0.4,1,0,0,0,2018,0
"2956",2018-01-11,3,41,0.0731707317073171,0.6,10.6,4.1,1,0,0,0,2018,0
"2957",2018-01-12,2,58,0.0344827586206897,3.9,15.6,9.8,1,0,0,0,2018,0
"2958",2018-01-16,1,54,0.0185185185185185,-6.6,0.6,-4.2,1,0,0,0,2018,0
"2959",2018-01-17,4,51,0.0784313725490196,-0.5,1.1,0.2,1,0,0,0,2018,0
"2960",2018-01-18,4,65,0.0615384615384615,-6,0,-2.1,1,0,0,0,2018,0
"2961",2018-01-19,3,54,0.0555555555555556,-4.9,1.1,-2.4,1,0,0,0,2018,0
"2962",2018-01-22,1,48,0.0208333333333333,1.1,3.9,2.4,1,0,0,0,2018,0
"2963",2018-01-23,3,39,0.0769230769230769,0,12.8,3.5,1,0,0,0,2018,0
"2964",2018-01-24,4,48,0.0833333333333333,-4.3,5.6,3.6,1,0,0,0,2018,0
"2965",2018-01-25,4,39,0.102564102564103,-6,-1,-3.6,1,0,0,0,2018,0
"2966",2018-01-26,6,42,0.142857142857143,-7.1,1.1,-4,1,0,0,0,2018,0
"2967",2018-01-29,1,54,0.0185185185185185,-2.1,6.1,3.6,1,0,0,0,2018,0
"2968",2018-01-30,2,42,0.0476190476190476,-6.6,-0.5,-2.9,1,0,0,0,2018,0
"2969",2018-01-31,9,59,0.152542372881356,-7.7,-1,-4.3,1,0,0,0,2018,0
"2970",2018-02-01,2,42,0.0476190476190476,-1,7.8,1.5,2,0,0,0,2018,0
"2971",2018-02-02,4,50,0.08,-11,3.3,0.2,2,0,0,0,2018,0
"2972",2018-02-05,2,40,0.05,-4.3,6.1,4.3,2,0,0,0,2018,0
"2973",2018-02-06,2,25,0.08,-5.5,1.1,-2.8,2,0,0,0,2018,0
"2974",2018-02-07,3,26,0.115384615384615,-4.9,6.1,-1.2,2,0,0,0,2018,0
"2975",2018-02-08,0,32,0,-5.5,1.1,-1.2,2,0,0,0,2018,0
"2976",2018-02-09,4,51,0.0784313725490196,-5.5,0,-2.9,2,0,0,0,2018,0
"2977",2018-02-12,5,46,0.108695652173913,0.6,8.9,5,2,0,0,0,2018,0
"2978",2018-02-13,3,37,0.0810810810810811,-3.8,0.6,-1.3,2,0,0,0,2018,0
"2979",2018-02-14,4,28,0.142857142857143,-2.1,8.3,1.7,2,0,0,0,2018,0
"2980",2018-02-15,3,46,0.0652173913043478,1.7,9.4,5.6,2,0,0,0,2018,0
"2981",2018-02-16,1,47,0.0212765957446809,1.1,12.2,9.3,2,0,0,0,2018,0
"2982",2018-02-19,0,2,0,-3.2,10,3.3,2,0,0,0,2018,0
"2983",2018-02-20,4,56,0.0714285714285714,5.6,21.1,12.9,2,0,0,0,2018,0
"2984",2018-02-21,3,48,0.0625,5,22.2,13.2,2,0,0,0,2018,0
"2985",2018-02-22,1,48,0.0208333333333333,0,12.8,7.9,2,0,0,0,2018,0
"2986",2018-02-23,4,44,0.0909090909090909,-0.5,4.4,1.7,2,0,0,0,2018,0
"2987",2018-02-26,4,49,0.0816326530612245,3.3,10.6,6.1,2,0,0,0,2018,0
"2988",2018-02-27,2,45,0.0444444444444444,2.2,11.7,6.5,2,0,0,0,2018,0
"2989",2018-02-28,2,50,0.04,3.9,15.6,8.5,2,0,0,0,2018,0
"2990",2018-03-01,2,53,0.0377358490566038,4.4,15.6,8.6,3,0,0,0,2018,0
"2991",2018-03-02,2,45,0.0444444444444444,1.7,6.1,4.5,3,0,0,0,2018,0
"2992",2018-03-05,3,46,0.0652173913043478,0,6.7,2.7,3,0,0,0,2018,0
"2993",2018-03-06,4,42,0.0952380952380952,0.6,2.8,1.6,3,0,0,0,2018,0
"2994",2018-03-07,2,35,0.0571428571428571,0.6,3.9,2.4,3,0,0,0,2018,0
"2995",2018-03-08,1,42,0.0238095238095238,-0.5,3.3,0.9,3,0,0,0,2018,0
"2996",2018-03-09,3,46,0.0652173913043478,-1.6,2.8,0.9,3,0,0,0,2018,0
"2997",2018-03-12,6,48,0.125,-1.6,5.6,2.7,3,0,0,0,2018,0
"2998",2018-03-13,0,2,0,-2.1,3.3,0.7,3,0,0,0,2018,0
"2999",2018-03-14,3,44,0.0681818181818182,-1.6,5,0.7,3,0,0,0,2018,0
"3000",2018-03-15,0,24,0,0,6.1,2.4,3,0,0,0,2018,0
"3001",2018-03-16,1,39,0.0256410256410256,-2.1,3.3,1.4,3,0,0,0,2018,0
"3002",2018-03-17,1,1,1,-7.1,5.6,-0.5,3,0,0,0,2018,0
"3003",2018-03-19,3,55,0.0545454545454545,-6,3.3,-2.4,3,0,0,0,2018,0
"3004",2018-03-20,3,50,0.06,-4.3,3.9,-0.4,3,0,0,0,2018,0
"3005",2018-03-21,4,64,0.0625,0,3.9,1.1,3,0,0,0,2018,0
"3006",2018-03-22,3,51,0.0588235294117647,0,5.6,2.2,3,0,0,0,2018,0
"3007",2018-03-23,1,53,0.0188679245283019,1.7,5.6,3.2,3,0,0,0,2018,0
"3008",2018-03-26,2,36,0.0555555555555556,-1.6,4.4,1.4,3,0,0,0,2018,0
"3009",2018-03-27,1,48,0.0208333333333333,-2.1,5.6,1.9,3,0,0,0,2018,0
"3010",2018-03-28,2,51,0.0392156862745098,2.2,12.2,5.2,3,0,0,0,2018,0
"3011",2018-03-29,1,34,0.0294117647058824,2.8,10,6.1,3,0,0,0,2018,0
"3012",2018-03-30,5,73,0.0684931506849315,6.1,17.8,10.9,3,0,0,0,2018,0
"3013",2018-04-02,3,49,0.0612244897959184,-0.5,4.4,2.8,4,0,0,0,2018,0
"3014",2018-04-03,2,49,0.0408163265306122,0,8.9,3.3,4,0,0,0,2018,0
"3015",2018-04-04,5,49,0.102040816326531,3.9,14.4,6.9,4,0,0,0,2018,0
"3016",2018-04-05,2,52,0.0384615384615385,-1,6.1,3.6,4,0,0,0,2018,0
"3017",2018-04-06,0,51,0,-1.6,6.1,1.3,4,0,0,0,2018,0
"3018",2018-04-07,0,2,0,1.7,8.3,5,4,0,0,0,2018,0
"3019",2018-04-09,1,45,0.0222222222222222,-1,7.8,2.6,4,0,0,0,2018,0
"3020",2018-04-10,3,50,0.06,1.7,5,3.5,4,0,0,0,2018,0
"3021",2018-04-11,7,64,0.109375,-1,7.2,3,4,0,0,0,2018,0
"3022",2018-04-12,4,56,0.0714285714285714,2.2,12.8,6.2,4,0,0,0,2018,0
"3023",2018-04-13,3,43,0.0697674418604651,6.7,20.6,12.7,4,0,0,0,2018,0
"3024",2018-04-17,1,50,0.02,4.4,10,8.3,4,0,0,0,2018,0
"3025",2018-04-18,5,58,0.0862068965517241,2.2,11.7,6.4,4,0,0,0,2018,0
"3026",2018-04-19,3,73,0.0410958904109589,2.2,6.7,5.6,4,0,0,0,2018,0
"3027",2018-04-20,4,55,0.0727272727272727,2.2,11.7,6.4,4,0,0,0,2018,0
"3028",2018-04-23,2,46,0.0434782608695652,6.1,14.4,10.2,4,0,0,0,2018,0
"3029",2018-04-24,2,49,0.0408163265306122,5.6,20.6,12.1,4,0,0,0,2018,0
"3030",2018-04-25,2,63,0.0317460317460317,8.3,13.3,10.2,4,0,0,0,2018,0
"3031",2018-04-26,3,55,0.0545454545454545,10,20,14.1,4,0,0,0,2018,0
"3032",2018-04-27,2,54,0.037037037037037,7.8,13.9,11.1,4,0,0,0,2018,0
"3033",2018-04-30,5,67,0.0746268656716418,4.4,8.9,7.3,4,0,0,0,2018,0
"3034",2018-05-01,3,57,0.0526315789473684,6.7,19.4,10.8,5,0,0,0,2018,0
"3035",2018-05-02,3,47,0.0638297872340425,14.4,31.7,21.9,5,0,1,0,2018,0
"3036",2018-05-03,2,51,0.0392156862745098,16.1,32.2,23.3,5,0,1,0,2018,0
"3037",2018-05-04,4,44,0.0909090909090909,13.9,27.8,20.8,5,0,0,0,2018,0
"3038",2018-05-05,0,1,0,14.4,23.9,20.5,5,0,0,0,2018,0
"3039",2018-05-06,0,1,0,10,19.4,16.9,5,0,0,0,2018,0
"3040",2018-05-07,1,48,0.0208333333333333,8.9,16.1,11.9,5,0,0,0,2018,0
"3041",2018-05-08,2,56,0.0357142857142857,7.2,15.6,10.1,5,0,0,0,2018,0
"3042",2018-05-09,1,40,0.025,7.8,17.2,12.6,5,0,0,0,2018,0
"3043",2018-05-10,1,40,0.025,9.4,21.7,11.3,5,0,0,0,2018,0
"3044",2018-05-11,4,48,0.0833333333333333,11.1,21.1,17.3,5,0,0,0,2018,0
"3045",2018-05-12,0,2,0,9.4,11.7,10.8,5,0,0,0,2018,0
"3046",2018-05-14,6,49,0.122448979591837,9.4,20.6,13.2,5,0,0,0,2018,0
"3047",2018-05-15,4,35,0.114285714285714,14.4,29.4,18.9,5,0,0,0,2018,0
"3048",2018-05-16,3,44,0.0681818181818182,10,16.7,13.4,5,0,0,0,2018,0
"3049",2018-05-17,2,41,0.048780487804878,10.6,21.7,14.5,5,0,0,0,2018,0
"3050",2018-05-18,1,32,0.03125,8.3,18.3,14.2,5,0,0,0,2018,0
"3051",2018-05-21,4,31,0.129032258064516,13.9,26.7,19.4,5,0,0,0,2018,0
"3052",2018-05-22,7,48,0.145833333333333,12.2,19.4,16.5,5,0,0,0,2018,0
"3053",2018-05-23,5,47,0.106382978723404,12.2,28.9,17.3,5,0,0,0,2018,0
"3054",2018-05-24,5,30,0.166666666666667,11.7,20,16,5,0,0,0,2018,0
"3055",2018-05-25,1,25,0.04,12.2,31.1,20.9,5,0,1,0,2018,0
"3056",2018-05-28,2,3,0.666666666666667,10,15,11.2,5,0,0,0,2018,0
"3057",2018-05-29,4,42,0.0952380952380952,14.4,29.4,19.2,5,0,0,0,2018,0
"3058",2018-05-30,2,34,0.0588235294117647,15.6,20.6,18.1,5,0,0,0,2018,0
"3059",2018-05-31,4,34,0.117647058823529,13.3,28.3,19.1,5,0,0,0,2018,0
"3060",2018-06-01,0,38,0,17.8,26.1,21.3,6,1,0,0,2018,0
"3061",2018-06-02,0,1,0,13.9,27.2,22.8,6,1,0,0,2018,0
"3062",2018-06-04,3,32,0.09375,9.4,11.7,11,6,1,0,0,2018,0
"3063",2018-06-05,3,43,0.0697674418604651,9.4,16.1,11.9,6,1,0,0,2018,0
"3064",2018-06-06,4,47,0.0851063829787234,11.7,16.7,13.6,6,1,0,0,2018,0
"3065",2018-06-07,3,41,0.0731707317073171,12.2,22.2,15.9,6,1,0,0,2018,0
"3066",2018-06-08,5,28,0.178571428571429,12.8,27.2,18.3,6,1,0,0,2018,0
"3067",2018-06-09,0,1,0,16.7,26.7,22.2,6,1,0,0,2018,0
"3068",2018-06-11,3,49,0.0612244897959184,13.3,17.8,16.4,6,1,0,0,2018,0
"3069",2018-06-12,2,46,0.0434782608695652,12.2,26.7,18.5,6,1,0,0,2018,0
"3070",2018-06-13,1,49,0.0204081632653061,15,25,19.7,6,1,0,0,2018,0
"3071",2018-06-14,3,36,0.0833333333333333,13.9,26.1,22.6,6,1,0,0,2018,0
"3072",2018-06-15,3,27,0.111111111111111,12.2,17.8,15.2,6,1,0,0,2018,0
"3073",2018-06-18,2,26,0.0769230769230769,18.9,31.7,23.9,6,1,1,0,2018,0
"3074",2018-06-19,0,39,0,20,28.9,25,6,1,0,0,2018,0
"3075",2018-06-20,2,47,0.0425531914893617,17.2,29.4,22.8,6,1,0,0,2018,0
"3076",2018-06-21,7,38,0.184210526315789,17.8,26.7,22.8,6,1,0,0,2018,0
"3077",2018-06-22,1,37,0.027027027027027,15.6,21.1,19,6,1,0,0,2018,0
"3078",2018-06-23,0,2,0,15.6,18.3,17.2,6,1,0,0,2018,0
"3079",2018-06-25,1,17,0.0588235294117647,16.1,23.3,20.1,6,1,0,0,2018,0
"3080",2018-06-26,2,38,0.0526315789473684,15.6,26.1,19.3,6,1,0,0,2018,0
"3081",2018-06-27,1,39,0.0256410256410256,17.2,26.7,21.6,6,1,0,0,2018,0
"3082",2018-06-28,5,47,0.106382978723404,18.3,24.4,21.4,6,1,0,0,2018,0
"3083",2018-06-29,2,37,0.0540540540540541,22.2,32.2,25.6,6,1,1,1,2018,1
"3084",2018-07-02,0,10,0,20.6,28.9,22.8,7,1,0,0,2018,0
"3085",2018-07-03,0,36,0,22.8,36.7,29.1,7,1,1,1,2018,1
"3086",2018-07-05,2,32,0.0625,23.3,34.4,28.7,7,1,1,1,2018,0
"3087",2018-07-06,4,37,0.108108108108108,18.3,30,27.2,7,1,1,1,2018,0
"3088",2018-07-09,0,13,0,18.3,32.8,25,7,1,1,0,2018,0
"3089",2018-07-10,2,31,0.0645161290322581,20,35.6,27.3,7,1,1,0,2018,0
"3090",2018-07-11,0,26,0,18.9,23.9,23.5,7,1,0,0,2018,0
"3091",2018-07-12,0,35,0,18.3,23.3,21.1,7,1,0,0,2018,0
"3092",2018-07-13,3,38,0.0789473684210526,17.8,25.6,21.3,7,1,0,0,2018,0
"3093",2018-07-14,0,1,0,17.2,24.4,20.4,7,1,0,0,2018,0
"3094",2018-07-16,1,28,0.0357142857142857,19.4,25,21.3,7,1,0,0,2018,0
"3095",2018-07-17,0,31,0,20.6,32.8,24.9,7,1,1,0,2018,0
"3096",2018-07-18,2,42,0.0476190476190476,20.6,28.3,24.3,7,1,0,0,2018,0
"3097",2018-07-19,1,42,0.0238095238095238,18.3,25,22.3,7,1,0,0,2018,0
"3098",2018-07-20,3,35,0.0857142857142857,18.9,26.1,22.3,7,1,0,0,2018,0
"3099",2018-07-21,1,1,1,17.2,23.3,20.7,7,1,0,0,2018,0
"3100",2018-07-23,1,36,0.0277777777777778,23.9,30,25.8,7,1,1,1,2018,1
"3101",2018-07-24,2,36,0.0555555555555556,22.8,31.1,26.7,7,1,1,1,2018,0
"3102",2018-07-25,2,32,0.0625,23.9,30.6,26.3,7,1,1,1,2018,0
"3103",2018-07-26,3,34,0.0882352941176471,22.8,30,25.3,7,1,1,1,2018,0
"3104",2018-07-27,4,31,0.129032258064516,21.7,32.2,26,7,1,1,1,2018,0
"3105",2018-07-30,3,38,0.0789473684210526,21.1,27.8,24.6,7,1,0,0,2018,0
"3106",2018-07-31,3,45,0.0666666666666667,20.6,27.8,23.9,7,1,0,0,2018,0
"3107",2018-08-01,4,44,0.0909090909090909,20,28.9,23.7,8,1,0,0,2018,0
"3108",2018-08-02,0,52,0,24.4,35,28.9,8,1,1,0,2018,0
"3109",2018-08-03,2,28,0.0714285714285714,25,32.8,28.1,8,1,1,0,2018,0
"3110",2018-08-06,5,51,0.0980392156862745,22.8,35.6,28.9,8,1,1,1,2018,0
"3111",2018-08-07,2,48,0.0416666666666667,25,35,30.2,8,1,1,1,2018,0
"3112",2018-08-08,3,53,0.0566037735849057,23.3,29.4,26.6,8,1,0,0,2018,0
"3113",2018-08-09,0,37,0,23.3,32.2,26.6,8,1,1,0,2018,0
"3114",2018-08-10,0,33,0,22.2,31.1,26.3,8,1,1,0,2018,0
"3115",2018-08-11,0,1,0,19.4,22.8,21.8,8,1,0,0,2018,0
"3116",2018-08-13,3,35,0.0857142857142857,20,23.3,20.9,8,1,0,0,2018,0
"3117",2018-08-14,3,45,0.0666666666666667,20.6,26.7,22.5,8,1,0,0,2018,0
"3118",2018-08-15,2,46,0.0434782608695652,21.1,31.1,24.8,8,1,1,0,2018,0
"3119",2018-08-16,1,35,0.0285714285714286,23.9,32.8,28.9,8,1,1,0,2018,0
"3120",2018-08-17,1,38,0.0263157894736842,21.1,26.7,24.1,8,1,0,0,2018,0
"3121",2018-08-18,0,2,0,19.4,31.1,25.7,8,1,1,0,2018,0
"3122",2018-08-20,1,38,0.0263157894736842,19.4,23.3,21,8,1,0,0,2018,0
"3123",2018-08-21,0,39,0,18.3,22.2,20.1,8,1,0,0,2018,0
"3124",2018-08-22,4,46,0.0869565217391304,18.9,28.9,22.1,8,1,0,0,2018,0
"3125",2018-08-23,2,56,0.0357142857142857,18.9,26.7,22.7,8,1,0,0,2018,0
"3126",2018-08-24,1,34,0.0294117647058824,16.7,29.4,22.8,8,1,0,0,2018,0
"3127",2018-08-26,0,1,0,16.7,28.9,22.6,8,1,0,0,2018,0
"3128",2018-08-27,3,50,0.06,22.8,32.2,26.8,8,1,1,1,2018,1
"3129",2018-08-28,1,47,0.0212765957446809,23.9,36.1,29.5,8,1,1,1,2018,0
"3130",2018-08-29,1,46,0.0217391304347826,27.2,36.7,31.8,8,1,1,1,2018,0
"3131",2018-08-30,1,50,0.02,21.7,33.3,28.3,8,1,1,1,2018,0
"3132",2018-08-31,1,27,0.037037037037037,17.2,22.8,21.4,8,1,0,0,2018,0
"3133",2018-09-03,0,2,0,22.8,35.6,27.5,9,0,1,1,2018,1
"3134",2018-09-04,2,46,0.0434782608695652,22.8,30.6,28.2,9,0,1,1,2018,0
"3135",2018-09-05,2,45,0.0444444444444444,21.7,33.3,25.9,9,0,1,1,2018,0
"3136",2018-09-06,1,48,0.0208333333333333,23.3,36.1,27.4,9,0,1,1,2018,0
"3137",2018-09-07,3,52,0.0576923076923077,18.9,23.9,21.9,9,0,0,0,2018,0
"3138",2018-09-08,0,2,0,15,21.7,19.6,9,0,0,0,2018,0
"3139",2018-09-09,0,1,0,13.9,18.3,16.3,9,0,0,0,2018,0
"3140",2018-09-10,3,49,0.0612244897959184,16.7,20,17.7,9,0,0,0,2018,0
"3141",2018-09-11,2,32,0.0625,18.3,23.9,19.7,9,0,0,0,2018,0
"3142",2018-09-12,2,46,0.0434782608695652,18.9,21.1,20.3,9,0,0,0,2018,0
"3143",2018-09-13,1,35,0.0285714285714286,18.3,21.7,19.8,9,0,0,0,2018,0
"3144",2018-09-14,2,28,0.0714285714285714,18.3,23.9,20.4,9,0,0,0,2018,0
"3145",2018-09-15,0,1,0,17.2,22.8,19.4,9,0,0,0,2018,0
"3146",2018-09-17,5,43,0.116279069767442,19.4,29.4,23.6,9,0,0,0,2018,0
"3147",2018-09-18,3,41,0.0731707317073171,20.6,25,22.7,9,0,0,0,2018,0
"3148",2018-09-19,2,45,0.0444444444444444,16.7,21.7,18.9,9,0,0,0,2018,0
"3149",2018-09-20,3,36,0.0833333333333333,15.6,18.9,17.1,9,0,0,0,2018,0
"3150",2018-09-21,2,29,0.0689655172413793,16.1,22.8,18.4,9,0,0,0,2018,0
"3151",2018-09-22,0,1,0,13.9,22.8,20.8,9,0,0,0,2018,0
"3152",2018-09-23,0,1,0,11.7,18.3,15.2,9,0,0,0,2018,0
"3153",2018-09-24,2,46,0.0434782608695652,12.2,15.6,14.2,9,0,0,0,2018,0
"3154",2018-09-25,0,40,0,13.9,21.7,15.7,9,0,0,0,2018,0
"3155",2018-09-26,4,33,0.121212121212121,20,28.9,23.6,9,0,0,0,2018,0
"3156",2018-09-27,2,54,0.037037037037037,16.1,21.7,19.9,9,0,0,0,2018,0
"3157",2018-09-28,2,41,0.048780487804878,14.4,16.7,15.7,9,0,0,0,2018,0
"3158",2018-09-29,0,17,0,12.8,23.3,17.2,9,0,0,0,2018,0
"3159",2018-09-30,0,1,0,12.2,21.1,16.9,9,0,0,0,2018,0
"3160",2018-10-01,3,39,0.0769230769230769,13.9,20,16.4,10,0,0,0,2018,0
"3161",2018-10-02,3,62,0.0483870967741935,13.9,17.8,14.7,10,0,0,0,2018,0
"3162",2018-10-03,5,61,0.0819672131147541,12.2,17.8,15.1,10,0,0,0,2018,0
"3163",2018-10-04,5,45,0.111111111111111,15,22.8,18.1,10,0,0,0,2018,0
"3164",2018-10-05,0,39,0,11.7,20.6,16.6,10,0,0,0,2018,0
"3165",2018-10-07,0,2,0,15.6,26.7,19.2,10,0,0,0,2018,0
"3166",2018-10-08,0,1,0,12.8,15.6,14.6,10,0,0,0,2018,0
"3167",2018-10-09,2,44,0.0454545454545455,14.4,26.7,19.4,10,0,0,0,2018,0
"3168",2018-10-10,4,60,0.0666666666666667,20,30,24,10,0,1,0,2018,0
"3169",2018-10-11,3,48,0.0625,14.4,22.2,18.6,10,0,0,0,2018,0
"3170",2018-10-12,2,38,0.0526315789473684,10.6,17.2,14.9,10,0,0,0,2018,0
"3171",2018-10-13,0,3,0,7.8,12.2,10.9,10,0,0,0,2018,0
"3172",2018-10-15,2,53,0.0377358490566038,7.2,21.1,12.5,10,0,0,0,2018,0
"3173",2018-10-16,6,68,0.0882352941176471,8.3,15.6,14.1,10,0,0,0,2018,0
"3174",2018-10-17,4,60,0.0666666666666667,6.7,17.2,11.2,10,0,0,0,2018,0
"3175",2018-10-18,7,59,0.11864406779661,3.9,9.4,7.2,10,0,0,0,2018,0
"3176",2018-10-19,1,55,0.0181818181818182,2.8,17.2,8.7,10,0,0,0,2018,0
"3177",2018-10-20,0,1,0,9.4,18.9,15.1,10,0,0,0,2018,0
"3178",2018-10-22,4,50,0.08,1.1,12.2,5.9,10,0,0,0,2018,0
"3179",2018-10-23,4,50,0.08,5,13.3,9.4,10,0,0,0,2018,0
"3180",2018-10-24,3,62,0.0483870967741935,5,9.4,8,10,0,0,0,2018,0
"3181",2018-10-25,3,51,0.0588235294117647,2.8,10.6,6.7,10,0,0,0,2018,0
"3182",2018-10-26,3,48,0.0625,1.1,8.9,4.7,10,0,0,0,2018,0
"3183",2018-10-29,5,53,0.0943396226415094,6.7,15.6,11.1,10,0,0,0,2018,0
"3184",2018-10-30,2,27,0.0740740740740741,3.9,10,8.3,10,0,0,0,2018,0
"3185",2018-10-31,1,44,0.0227272727272727,2.8,14.4,7.2,10,0,0,0,2018,0
"3186",2018-11-01,3,57,0.0526315789473684,11.7,17.8,14.4,11,0,0,0,2018,0
"3187",2018-11-02,3,47,0.0638297872340425,11.7,21.1,16.2,11,0,0,0,2018,0
"3188",2018-11-03,0,1,0,8.3,20,15.3,11,0,0,0,2018,0
"3189",2018-11-05,6,49,0.122448979591837,7.8,11.1,9.2,11,0,0,0,2018,0
"3190",2018-11-06,2,38,0.0526315789473684,8.9,15.6,10.3,11,0,0,0,2018,0
"3191",2018-11-07,1,34,0.0294117647058824,11.7,17.8,14.8,11,0,0,0,2018,0
"3192",2018-11-08,2,55,0.0363636363636364,6.7,13.9,10.9,11,0,0,0,2018,0
"3193",2018-11-09,7,71,0.0985915492957746,3.3,10,7.9,11,0,0,0,2018,0
"3194",2018-11-13,1,44,0.0227272727272727,5.6,12.2,9,11,0,0,0,2018,0
"3195",2018-11-14,1,48,0.0208333333333333,-3.8,5.6,3.1,11,0,0,0,2018,0
"3196",2018-11-15,3,41,0.0731707317073171,-4.9,3.3,-2.5,11,0,0,0,2018,0
"3197",2018-11-16,2,47,0.0425531914893617,1.7,7.8,3.6,11,0,0,0,2018,0
"3198",2018-11-19,1,16,0.0625,2.2,5,3.7,11,0,0,0,2018,0
"3199",2018-11-20,1,59,0.0169491525423729,1.7,5.6,3.9,11,0,0,0,2018,0
"3200",2018-11-21,2,40,0.05,-4.3,6.1,2.7,11,0,0,0,2018,0
"3201",2018-11-23,1,11,0.0909090909090909,-9.3,0,-5.9,11,0,0,0,2018,0
"3202",2018-11-24,0,1,0,-1.6,8.3,1.8,11,0,0,0,2018,0
"3203",2018-11-25,0,1,0,5.6,9.4,7.2,11,0,0,0,2018,0
"3204",2018-11-26,3,38,0.0789473684210526,5.6,8.3,7,11,0,0,0,2018,0
"3205",2018-11-27,1,50,0.02,3.3,9.4,7.1,11,0,0,0,2018,0
"3206",2018-11-28,4,47,0.0851063829787234,2.2,6.7,4.5,11,0,0,0,2018,0
"3207",2018-11-29,4,45,0.0888888888888889,2.8,7.8,5.4,11,0,0,0,2018,0
"3208",2018-11-30,2,27,0.0740740740740741,0.6,6.7,3.6,11,0,0,0,2018,0
"3209",2018-12-01,0,1,0,1.7,7.2,3.7,12,0,0,0,2018,0
"3210",2018-12-03,1,34,0.0294117647058824,6.7,14.4,10.2,12,0,0,0,2018,0
"3211",2018-12-04,2,45,0.0444444444444444,-2.7,6.7,4.2,12,0,0,0,2018,0
"3212",2018-12-05,1,35,0.0285714285714286,-3.8,2.2,-1.4,12,0,0,0,2018,0
"3213",2018-12-06,3,39,0.0769230769230769,-1,5.6,1.8,12,0,0,0,2018,0
"3214",2018-12-07,2,32,0.0625,-3.2,4.4,2.6,12,0,0,0,2018,0
"3215",2018-12-10,2,37,0.0540540540540541,-3.2,3.9,0.6,12,0,0,0,2018,0
"3216",2018-12-11,2,24,0.0833333333333333,-4.9,3.3,-1.3,12,0,0,0,2018,0
"3217",2018-12-12,3,45,0.0666666666666667,-4.3,3.9,0.9,12,0,0,0,2018,0
"3218",2018-12-13,2,41,0.048780487804878,-6,1.7,-2.6,12,0,0,0,2018,0
"3219",2018-12-14,1,29,0.0344827586206897,-1.6,7.8,2.5,12,0,0,0,2018,0
"3220",2018-12-15,0,1,0,4.4,12.8,9.1,12,0,0,0,2018,0
"3221",2018-12-17,4,44,0.0909090909090909,2.2,6.1,4.4,12,0,0,0,2018,0
"3222",2018-12-18,2,31,0.0645161290322581,-3.8,3.9,0.3,12,0,0,0,2018,0
"3223",2018-12-19,4,31,0.129032258064516,-4.3,5.6,-0.8,12,0,0,0,2018,0
"3224",2018-12-20,2,35,0.0571428571428571,0,10,4.1,12,0,0,0,2018,0
"3225",2018-12-21,1,21,0.0476190476190476,6.1,18.3,10.9,12,0,0,0,2018,0
"3226",2018-12-24,1,14,0.0714285714285714,0,3.9,1.8,12,0,0,0,2018,0
"3227",2018-12-26,0,16,0,-3.2,4.4,-0.1,12,0,0,0,2018,0
"3228",2018-12-27,4,42,0.0952380952380952,-1,3.3,1.2,12,0,0,0,2018,0
"3229",2018-12-28,4,33,0.121212121212121,1.1,13.9,4.9,12,0,0,0,2018,0
"3230",2018-12-31,1,25,0.04,-0.5,7.2,2.5,12,0,0,0,2018,0
"3231",2019-01-01,0,3,0,1.1,15,8.4,1,0,0,0,2019,0
"3232",2019-01-02,4,44,0.0909090909090909,-2.1,2.8,0.8,1,0,0,0,2019,0
"3233",2019-01-03,10,62,0.161290322580645,0,7.8,3.1,1,0,0,0,2019,0
"3234",2019-01-04,1,28,0.0357142857142857,1.1,8.9,4.6,1,0,0,0,2019,0
"3235",2019-01-05,0,1,0,3.3,6.1,5,1,0,0,0,2019,0
"3236",2019-01-07,1,39,0.0256410256410256,-7.1,-0.5,-3.3,1,0,0,0,2019,0
"3237",2019-01-08,5,37,0.135135135135135,-1,6.1,1.2,1,0,0,0,2019,0
"3238",2019-01-09,4,47,0.0851063829787234,1.7,7.8,4.4,1,0,0,0,2019,0
"3239",2019-01-10,6,52,0.115384615384615,-3.2,2.8,2.1,1,0,0,0,2019,0
"3240",2019-01-11,2,18,0.111111111111111,-8.2,-1,-2.9,1,0,0,0,2019,0
"3241",2019-01-14,3,45,0.0666666666666667,-4.9,-0.5,-3.1,1,0,0,0,2019,0
"3242",2019-01-15,3,53,0.0566037735849057,-4.3,3.9,-1.2,1,0,0,0,2019,0
"3243",2019-01-16,8,54,0.148148148148148,-3.8,5,-0.1,1,0,0,0,2019,0
"3244",2019-01-17,3,54,0.0555555555555556,-7.7,0.6,-2.7,1,0,0,0,2019,0
"3245",2019-01-18,8,49,0.163265306122449,-2.7,6.1,0.2,1,0,0,0,2019,0
"3246",2019-01-20,0,1,0,-12.1,2.8,-1.3,1,0,0,0,2019,0
"3247",2019-01-21,0,2,0,-14.9,-12.1,-12.6,1,0,0,0,2019,0
"3248",2019-01-22,3,56,0.0535714285714286,-13.8,-2.1,-9.8,1,0,0,0,2019,0
"3249",2019-01-23,4,34,0.117647058823529,-6.6,8.9,-1.4,1,0,0,0,2019,0
"3250",2019-01-24,1,58,0.0172413793103448,2.8,15,11.1,1,0,0,0,2019,0
"3251",2019-01-25,5,47,0.106382978723404,-1.6,5.6,3.9,1,0,0,0,2019,0
"3252",2019-01-26,0,1,0,-3.8,2.2,-0.9,1,0,0,0,2019,0
"3253",2019-01-28,4,50,0.08,-4.3,5.6,1.1,1,0,0,0,2019,0
"3254",2019-01-29,2,38,0.0526315789473684,-6.6,3.3,-2.4,1,0,0,0,2019,0
"3255",2019-01-30,2,44,0.0454545454545455,-12.7,3.9,0.7,1,0,0,0,2019,0
"3256",2019-01-31,3,43,0.0697674418604651,-14.9,-7.7,-10.9,1,0,0,0,2019,0
"3257",2019-02-01,2,42,0.0476190476190476,-12.1,-4.9,-8.9,2,0,0,0,2019,0
"3258",2019-02-02,0,1,0,-9.9,1.7,-5.5,2,0,0,0,2019,0
"3259",2019-02-03,0,1,0,-2.7,3.9,1,2,0,0,0,2019,0
"3260",2019-02-04,4,40,0.1,1.7,17.2,7.1,2,0,0,0,2019,0
"3261",2019-02-05,1,43,0.0232558139534884,4.4,18.3,10.7,2,0,0,0,2019,0
"3262",2019-02-06,5,43,0.116279069767442,0.6,6.7,4.2,2,0,0,0,2019,0
"3263",2019-02-07,2,45,0.0444444444444444,1.7,5.6,3.3,2,0,0,0,2019,0
"3264",2019-02-08,3,36,0.0833333333333333,-0.5,13.9,6.1,2,0,0,0,2019,0
"3265",2019-02-11,5,30,0.166666666666667,-3.2,2.8,-0.1,2,0,0,0,2019,0
"3266",2019-02-12,0,37,0,-7.1,3.3,-3.3,2,0,0,0,2019,0
"3267",2019-02-13,5,39,0.128205128205128,0.6,6.1,3.3,2,0,0,0,2019,0
"3268",2019-02-14,4,36,0.111111111111111,-0.5,4.4,1.8,2,0,0,0,2019,0
"3269",2019-02-15,1,37,0.027027027027027,-0.5,11.1,4.4,2,0,0,0,2019,0
"3270",2019-02-19,4,51,0.0784313725490196,-7.7,1.1,-4.1,2,0,0,0,2019,0
"3271",2019-02-20,1,53,0.0188679245283019,-6,-0.5,-3.6,2,0,0,0,2019,0
"3272",2019-02-21,2,46,0.0434782608695652,-3.2,8.9,1.3,2,0,0,0,2019,0
"3273",2019-02-22,2,49,0.0408163265306122,2.2,7.8,5.3,2,0,0,0,2019,0
"3274",2019-02-25,2,43,0.0465116279069767,-1,5.6,4.1,2,0,0,0,2019,0
"3275",2019-02-26,3,37,0.0810810810810811,-6.6,0,-1.9,2,0,0,0,2019,0
"3276",2019-02-27,1,6,0.166666666666667,-10.5,-3.2,-6.7,2,0,0,0,2019,0
"3277",2019-02-28,4,41,0.0975609756097561,-7.1,-0.5,-4.5,2,0,0,0,2019,0
"3278",2019-03-01,0,49,0,-4.9,3.3,-1.4,3,0,0,0,2019,0
"3279",2019-03-03,0,4,0,0,5,1.8,3,0,0,0,2019,0
"3280",2019-03-04,0,1,0,-3.8,4.4,2.1,3,0,0,0,2019,0
"3281",2019-03-05,4,40,0.1,-7.1,-0.5,-3.2,3,0,0,0,2019,0
"3282",2019-03-06,2,46,0.0434782608695652,-7.7,-2.7,-4.7,3,0,0,0,2019,0
"3283",2019-03-07,3,42,0.0714285714285714,-9.3,-1,-6,3,0,0,0,2019,0
"3284",2019-03-08,6,28,0.214285714285714,-7.7,3.3,-2.9,3,0,0,0,2019,0
"3285",2019-03-11,1,31,0.032258064516129,2.8,10,5.9,3,0,0,0,2019,0
"3286",2019-03-12,1,36,0.0277777777777778,1.1,7.2,4.3,3,0,0,0,2019,0
"3287",2019-03-13,3,47,0.0638297872340425,-1,4.4,2.1,3,0,0,0,2019,0
"3288",2019-03-14,1,38,0.0263157894736842,2.2,10.6,5.2,3,0,0,0,2019,0
"3289",2019-03-15,4,26,0.153846153846154,4.4,17.8,10.9,3,0,0,0,2019,0
"3290",2019-03-16,0,1,0,2.2,13.3,10.1,3,0,0,0,2019,0
"3291",2019-03-18,0,42,0,-2.1,6.7,2.2,3,0,0,0,2019,0
"3292",2019-03-19,1,40,0.025,0,8.9,3.9,3,0,0,0,2019,0
"3293",2019-03-20,4,47,0.0851063829787234,-0.5,10.6,4.6,3,0,0,0,2019,0
"3294",2019-03-21,1,25,0.04,0.6,11.1,5.9,3,0,0,0,2019,0
"3295",2019-03-22,3,55,0.0545454545454545,4.4,6.7,5.1,3,0,0,0,2019,0
"3296",2019-03-25,0,46,0,2.2,11.1,8.1,3,0,0,0,2019,0
"3297",2019-03-26,3,38,0.0789473684210526,-0.5,6.7,3,3,0,0,0,2019,0
"3298",2019-03-27,1,24,0.0416666666666667,-1,5,2.4,3,0,0,0,2019,0
"3299",2019-03-28,3,47,0.0638297872340425,0.6,12.2,5.2,3,0,0,0,2019,0
"3300",2019-03-29,3,53,0.0566037735849057,6.7,14.4,9.6,3,0,0,0,2019,0
"3301",2019-03-30,0,2,0,6.7,19.4,10.8,3,0,0,0,2019,0
"3302",2019-04-01,1,49,0.0204081632653061,2.8,8.3,5.7,4,0,0,0,2019,0
"3303",2019-04-02,5,88,0.0568181818181818,-1,11.7,5.5,4,0,0,0,2019,0
"3304",2019-04-03,2,39,0.0512820512820513,4.4,18.3,8.5,4,0,0,0,2019,0
"3305",2019-04-04,2,51,0.0392156862745098,3.3,11.7,8,4,0,0,0,2019,0
"3306",2019-04-05,4,47,0.0851063829787234,1.7,7.8,4.6,4,0,0,0,2019,0
"3307",2019-04-08,1,42,0.0238095238095238,2.8,12.2,8.6,4,0,0,0,2019,0
"3308",2019-04-09,4,57,0.0701754385964912,2.2,5,3.6,4,0,0,0,2019,0
"3309",2019-04-10,3,49,0.0612244897959184,2.2,8.3,5.4,4,0,0,0,2019,0
"3310",2019-04-11,3,37,0.0810810810810811,1.7,11.1,5.3,4,0,0,0,2019,0
"3311",2019-04-12,2,37,0.0540540540540541,5,14.4,8.6,4,0,0,0,2019,0
"3312",2019-04-16,2,56,0.0357142857142857,6.1,16.1,10.1,4,0,0,0,2019,0
"3313",2019-04-17,3,53,0.0566037735849057,7.2,15.6,10.8,4,0,0,0,2019,0
"3314",2019-04-18,3,34,0.0882352941176471,6.1,17.2,9.1,4,0,0,0,2019,0
"3315",2019-04-19,3,48,0.0625,17.2,25,19.4,4,0,0,0,2019,0
"3316",2019-04-22,4,42,0.0952380952380952,9.4,14.4,12.6,4,0,0,0,2019,0
"3317",2019-04-23,1,37,0.027027027027027,8.3,13.3,10.4,4,0,0,0,2019,0
"3318",2019-04-24,0,49,0,8.3,20,12.7,4,0,0,0,2019,0
"3319",2019-04-25,3,40,0.075,8.3,12.8,10.4,4,0,0,0,2019,0
"3320",2019-04-26,3,31,0.0967741935483871,7.8,9.4,9.2,4,0,0,0,2019,0
"3321",2019-04-28,0,4,0,7.2,13.3,9.4,4,0,0,0,2019,0
"3322",2019-04-29,2,44,0.0454545454545455,6.1,17.2,11,4,0,0,0,2019,0
"3323",2019-04-30,2,32,0.0625,6.7,12.2,9.6,4,0,0,0,2019,0
"3324",2019-05-01,3,40,0.075,8.3,13.3,10.3,5,0,0,0,2019,0
"3325",2019-05-02,5,50,0.1,7.2,10,8.9,5,0,0,0,2019,0
"3326",2019-05-03,3,48,0.0625,7.2,13.9,8.9,5,0,0,0,2019,0
"3327",2019-05-06,0,35,0,8.3,15.6,11.3,5,0,0,0,2019,0
"3328",2019-05-07,1,53,0.0188679245283019,7.2,24.4,14.6,5,0,0,0,2019,0
"3329",2019-05-08,1,58,0.0172413793103448,10,16.1,14.4,5,0,0,0,2019,0
"3330",2019-05-09,2,52,0.0384615384615385,8.3,12.8,11.3,5,0,0,0,2019,0
"3331",2019-05-10,2,24,0.0833333333333333,10.6,18.9,12.9,5,0,0,0,2019,0
"3332",2019-05-11,0,3,0,12.2,21.1,17.7,5,0,0,0,2019,0
"3333",2019-05-13,3,56,0.0535714285714286,6.7,12.8,9.3,5,0,0,0,2019,0
"3334",2019-05-14,0,51,0,6.1,8.9,7.4,5,0,0,0,2019,0
"3335",2019-05-15,0,49,0,7.2,16.7,10.5,5,0,0,0,2019,0
"3336",2019-05-16,1,12,0.0833333333333333,10,18.3,14.1,5,0,0,0,2019,0
"3337",2019-05-17,3,38,0.0789473684210526,10,18.3,12.9,5,0,0,0,2019,0
"3338",2019-05-18,0,7,0,11.7,21.1,16.6,5,0,0,0,2019,0
"3339",2019-05-20,2,34,0.0588235294117647,18.9,31.1,22.6,5,0,1,0,2019,0
"3340",2019-05-21,1,48,0.0208333333333333,14.4,22.2,19.5,5,0,0,0,2019,0
"3341",2019-05-22,2,41,0.048780487804878,12.2,20.6,16,5,0,0,0,2019,0
"3342",2019-05-23,1,34,0.0294117647058824,11.7,22.2,15.9,5,0,0,0,2019,0
"3343",2019-05-24,0,17,0,11.7,22.8,18.4,5,0,0,0,2019,0
"3344",2019-05-27,0,2,0,13.9,24.4,20.6,5,0,0,0,2019,0
"3345",2019-05-28,2,25,0.08,11.1,17.8,14.2,5,0,0,0,2019,0
"3346",2019-05-29,4,49,0.0816326530612245,10,12.8,11.3,5,0,0,0,2019,0
"3347",2019-05-30,3,40,0.075,11.1,18.9,13.3,5,0,0,0,2019,0
"3348",2019-05-31,0,36,0,13.9,23.9,17.1,5,0,0,0,2019,0
"3349",2019-06-02,0,3,0,11.7,17.2,13.4,6,1,0,0,2019,0
"3350",2019-06-03,4,36,0.111111111111111,13.9,23.3,17.7,6,1,0,0,2019,0
"3351",2019-06-04,3,40,0.075,12.2,22.2,17,6,1,0,0,2019,0
"3352",2019-06-05,1,47,0.0212765957446809,16.1,28.9,21.9,6,1,0,0,2019,0
"3353",2019-06-06,4,33,0.121212121212121,17.8,25.6,20.9,6,1,0,0,2019,0
"3354",2019-06-07,2,35,0.0571428571428571,17.8,22.8,20.1,6,1,0,0,2019,0
"3355",2019-06-09,0,1,0,13.3,26.7,19.7,6,1,0,0,2019,0
"3356",2019-06-10,1,37,0.027027027027027,14.4,23.3,19.1,6,1,0,0,2019,0
"3357",2019-06-11,1,42,0.0238095238095238,17.2,26.1,21.1,6,1,0,0,2019,0
"3358",2019-06-12,3,44,0.0681818181818182,15.6,23.9,20.2,6,1,0,0,2019,0
"3359",2019-06-13,0,44,0,11.7,16.7,15.1,6,1,0,0,2019,0
"3360",2019-06-14,2,35,0.0571428571428571,12.2,25,17.3,6,1,0,0,2019,0
"3361",2019-06-17,0,18,0,18.9,23.9,20.3,6,1,0,0,2019,0
"3362",2019-06-18,0,47,0,16.1,21.1,19.4,6,1,0,0,2019,0
"3363",2019-06-19,0,25,0,15.6,21.7,17.9,6,1,0,0,2019,0
"3364",2019-06-20,2,54,0.037037037037037,16.1,22.8,18.9,6,1,0,0,2019,0
"3365",2019-06-21,1,22,0.0454545454545455,16.1,24.4,19.9,6,1,0,0,2019,0
"3366",2019-06-22,0,6,0,17.8,28.3,22.3,6,1,0,0,2019,0
"3367",2019-06-24,1,25,0.04,17.2,26.7,23.7,6,1,0,0,2019,0
"3368",2019-06-25,0,16,0,17.2,22.8,19.5,6,1,0,0,2019,0
"3369",2019-06-26,0,34,0,16.7,23.9,20.8,6,1,0,0,2019,0
"3370",2019-06-27,0,34,0,16.1,21.7,18.4,6,1,0,0,2019,0
"3371",2019-06-28,0,30,0,17.2,29.4,21.5,6,1,0,0,2019,0
"3372",2019-07-01,0,16,0,17.8,28.9,21.7,7,1,0,0,2019,0
"3373",2019-07-02,0,25,0,22.8,30.6,26.3,7,1,1,0,2019,0
"3374",2019-07-03,0,32,0,22.8,30,26.7,7,1,1,0,2019,0
"3375",2019-07-04,0,1,0,22.8,28.9,26.3,7,1,0,0,2019,0
"3376",2019-07-05,0,13,0,21.7,32.2,27.1,7,1,1,0,2019,0
"3377",2019-07-08,1,12,0.0833333333333333,18.9,24.4,21.8,7,1,0,0,2019,0
"3378",2019-07-09,0,11,0,20.6,31.7,25.4,7,1,1,1,2019,1
"3379",2019-07-10,1,26,0.0384615384615385,22.8,31.1,26.8,7,1,1,1,2019,0
"3380",2019-07-11,1,29,0.0344827586206897,21.7,30,24.8,7,1,1,1,2019,0
"3381",2019-07-12,2,25,0.08,20.6,27.8,23.2,7,1,0,0,2019,0
"3382",2019-07-15,1,28,0.0357142857142857,21.7,30.6,26.2,7,1,1,1,2019,0
"3383",2019-07-16,3,35,0.0857142857142857,21.7,32.2,26.5,7,1,1,1,2019,0
"3384",2019-07-17,3,34,0.0882352941176471,23.3,33.3,28.2,7,1,1,1,2019,0
"3385",2019-07-18,2,56,0.0357142857142857,19.4,25.6,22.8,7,1,0,0,2019,0
"3386",2019-07-19,0,21,0,18.9,33.9,24.1,7,1,1,1,2019,1
"3387",2019-07-20,0,2,0,26.7,36.1,31.4,7,1,1,1,2019,0
"3388",2019-07-22,2,41,0.048780487804878,19.4,28.9,27.2,7,1,0,0,2019,0
"3389",2019-07-23,4,28,0.142857142857143,17.2,21.7,19.7,7,1,0,0,2019,0
"3390",2019-07-24,4,32,0.125,18.9,25,21.4,7,1,0,0,2019,0
"3391",2019-07-25,3,55,0.0545454545454545,20.6,24.4,22.6,7,1,0,0,2019,0
"3392",2019-07-26,0,36,0,19.4,27.2,23.8,7,1,0,0,2019,0
"3393",2019-07-27,0,2,0,20.6,27.8,24.1,7,1,0,0,2019,0
"3394",2019-07-29,1,40,0.025,23.9,33.9,28.9,7,1,1,1,2019,0
"3395",2019-07-30,0,34,0,23.3,35.6,29.2,7,1,1,1,2019,0
"3396",2019-07-31,3,27,0.111111111111111,21.7,34.4,27.9,7,1,1,1,2019,0
"3397",2019-08-01,0,33,0,23.3,31.7,26.4,8,1,1,1,2019,0
"3398",2019-08-02,0,31,0,20,27.8,24.9,8,1,0,0,2019,0
"3399",2019-08-03,0,1,0,19.4,30.6,25.1,8,1,1,0,2019,0
"3400",2019-08-04,0,2,0,21.7,29.4,24.9,8,1,0,0,2019,0
"3401",2019-08-05,3,33,0.0909090909090909,18.9,25,22.5,8,1,0,0,2019,0
"3402",2019-08-06,1,31,0.032258064516129,17.8,24.4,21.4,8,1,0,0,2019,0
"3403",2019-08-07,0,33,0,20.6,30,24.3,8,1,1,1,2019,1
"3404",2019-08-08,1,25,0.04,20.6,31.1,25.3,8,1,1,1,2019,0
"3405",2019-08-09,2,31,0.0645161290322581,20,30.6,25.8,8,1,1,1,2019,0
"3406",2019-08-12,1,34,0.0294117647058824,18.3,30.6,25.1,8,1,1,0,2019,0
"3407",2019-08-13,2,42,0.0476190476190476,22.8,27.2,25.6,8,1,0,0,2019,0
"3408",2019-08-14,2,41,0.048780487804878,17.2,24.4,22.1,8,1,0,0,2019,0
"3409",2019-08-15,1,29,0.0344827586206897,17.2,22.8,19.1,8,1,0,0,2019,0
"3410",2019-08-16,2,29,0.0689655172413793,17.2,23.9,19.9,8,1,0,0,2019,0
"3411",2019-08-19,2,32,0.0625,23.3,35,27.6,8,1,1,0,2019,0
"3412",2019-08-20,0,40,0,21.7,28.9,26.1,8,1,0,0,2019,0
"3413",2019-08-21,2,35,0.0571428571428571,20.6,31.1,24.7,8,1,1,0,2019,0
"3414",2019-08-22,2,34,0.0588235294117647,22.2,33.9,26.8,8,1,1,0,2019,0
"3415",2019-08-23,0,34,0,20,27.8,25.5,8,1,0,0,2019,0
"3416",2019-08-26,3,34,0.0882352941176471,13.9,22.2,18,8,1,0,0,2019,0
"3417",2019-08-27,1,49,0.0204081632653061,14.4,23.9,19.1,8,1,0,0,2019,0
"3418",2019-08-28,1,40,0.025,17.2,23.9,20.3,8,1,0,0,2019,0
"3419",2019-08-29,3,44,0.0681818181818182,20,30.6,23.6,8,1,1,0,2019,0
"3420",2019-08-30,0,22,0,18.3,30.6,25,8,1,1,0,2019,0
"3421",2019-09-03,1,53,0.0188679245283019,18.9,24.4,21.7,9,0,0,0,2019,0
"3422",2019-09-04,3,38,0.0789473684210526,18.3,30,22.7,9,0,1,0,2019,0
"3423",2019-09-05,1,38,0.0263157894736842,16.1,21.1,20,9,0,0,0,2019,0
"3424",2019-09-06,3,45,0.0666666666666667,15,20,17.8,9,0,0,0,2019,0
"3425",2019-09-07,0,6,0,13.3,23.9,18.1,9,0,0,0,2019,0
"3426",2019-09-09,0,45,0,15.6,21.1,18.8,9,0,0,0,2019,0
"3427",2019-09-10,1,32,0.03125,17.2,22.2,19.3,9,0,0,0,2019,0
"3428",2019-09-11,2,28,0.0714285714285714,20.6,30.6,24.1,9,0,1,0,2019,0
"3429",2019-09-12,0,23,0,14.4,24.4,20.6,9,0,0,0,2019,0
"3430",2019-09-13,1,40,0.025,12.2,20,16.3,9,0,0,0,2019,0
"3431",2019-09-14,0,1,0,11.7,22.2,16.7,9,0,0,0,2019,0
"3432",2019-09-16,1,34,0.0294117647058824,16.7,23.9,21.1,9,0,0,0,2019,0
"3433",2019-09-17,1,39,0.0256410256410256,15,21.1,17.8,9,0,0,0,2019,0
"3434",2019-09-18,0,35,0,11.7,18.3,16.1,9,0,0,0,2019,0
"3435",2019-09-19,1,38,0.0263157894736842,10,18.3,14.3,9,0,0,0,2019,0
"3436",2019-09-20,2,33,0.0606060606060606,11.1,26.1,17.8,9,0,0,0,2019,0
"3437",2019-09-22,0,1,0,16.7,31.7,23.6,9,0,1,0,2019,0
"3438",2019-09-23,0,45,0,21.1,33.3,25.7,9,0,1,0,2019,0
"3439",2019-09-24,1,37,0.027027027027027,17.2,26.7,23.2,9,0,0,0,2019,0
"3440",2019-09-25,0,42,0,15,24.4,18.6,9,0,0,0,2019,0
"3441",2019-09-26,3,43,0.0697674418604651,15,28.9,20,9,0,0,0,2019,0
"3442",2019-09-27,2,44,0.0454545454545455,14.4,23.3,18.3,9,0,0,0,2019,0
"3443",2019-09-28,0,1,0,15.6,27.8,20.2,9,0,0,0,2019,0
"3444",2019-09-30,0,29,0,11.1,16.7,14.8,9,0,0,0,2019,0
"3445",2019-10-01,3,46,0.0652173913043478,13.9,22.2,16.8,10,0,0,0,2019,0
"3446",2019-10-02,1,38,0.0263157894736842,12.2,26.1,21.5,10,0,0,0,2019,0
"3447",2019-10-03,2,47,0.0425531914893617,10.6,12.8,12.4,10,0,0,0,2019,0
"3448",2019-10-04,0,31,0,7.8,16.7,13.3,10,0,0,0,2019,0
"3449",2019-10-05,0,5,0,5.6,13.9,10.1,10,0,0,0,2019,0
"3450",2019-10-06,0,1,0,7.2,21.1,13.3,10,0,0,0,2019,0
"3451",2019-10-07,1,33,0.0303030303030303,16.1,27.2,22.8,10,0,0,0,2019,0
"3452",2019-10-08,1,31,0.032258064516129,13.3,18.3,16.9,10,0,0,0,2019,0
"3453",2019-10-09,1,28,0.0357142857142857,12.8,15.6,14.3,10,0,0,0,2019,0
"3454",2019-10-10,3,51,0.0588235294117647,11.7,15,13.3,10,0,0,0,2019,0
"3455",2019-10-11,1,42,0.0238095238095238,11.7,13.9,13.2,10,0,0,0,2019,0
"3456",2019-10-15,3,60,0.05,9.4,17.8,14.4,10,0,0,0,2019,0
"3457",2019-10-16,2,65,0.0307692307692308,7.8,17.2,12.2,10,0,0,0,2019,0
"3458",2019-10-17,1,58,0.0172413793103448,11.1,17.8,13.9,10,0,0,0,2019,0
"3459",2019-10-18,7,51,0.137254901960784,8.9,16.7,12.6,10,0,0,0,2019,0
"3460",2019-10-19,1,23,0.0434782608695652,6.7,16.7,11.2,10,0,0,0,2019,0
"3461",2019-10-21,3,37,0.0810810810810811,10.6,17.2,14.2,10,0,0,0,2019,0
"3462",2019-10-22,3,52,0.0576923076923077,10,15.6,12.7,10,0,0,0,2019,0
"3463",2019-10-23,5,68,0.0735294117647059,11.7,21.1,16.2,10,0,0,0,2019,0
"3464",2019-10-24,6,66,0.0909090909090909,9.4,20.6,15.1,10,0,0,0,2019,0
"3465",2019-10-25,3,42,0.0714285714285714,11.7,17.2,14.3,10,0,0,0,2019,0
"3466",2019-10-26,1,2,0.5,10,16.1,13.1,10,0,0,0,2019,0
"3467",2019-10-28,1,39,0.0256410256410256,10,13.9,11.8,10,0,0,0,2019,0
"3468",2019-10-29,4,57,0.0701754385964912,11.1,13.9,12.4,10,0,0,0,2019,0
"3469",2019-10-30,1,62,0.0161290322580645,10.6,18.9,14.9,10,0,0,0,2019,0
"3470",2019-10-31,5,57,0.087719298245614,15,22.2,18.2,10,0,0,0,2019,0
"3471",2019-11-01,3,41,0.0731707317073171,6.7,22.2,16.8,11,0,0,0,2019,0
"3472",2019-11-02,0,7,0,3.9,10.6,7.4,11,0,0,0,2019,0
"3473",2019-11-04,1,26,0.0384615384615385,5,12.8,9.1,11,0,0,0,2019,0
"3474",2019-11-05,5,57,0.087719298245614,7.2,14.4,11.3,11,0,0,0,2019,0
"3475",2019-11-06,2,50,0.04,5.6,13.3,11.1,11,0,0,0,2019,0
"3476",2019-11-07,3,48,0.0625,4.4,15,9.9,11,0,0,0,2019,0
"3477",2019-11-08,2,42,0.0476190476190476,-1,5.6,3.7,11,0,0,0,2019,0
"3478",2019-11-09,0,1,0,-2.1,5,0.8,11,0,0,0,2019,0
"3479",2019-11-11,0,1,0,6.1,12.2,8.8,11,0,0,0,2019,0
"3480",2019-11-12,3,62,0.0483870967741935,-3.2,6.7,5.1,11,0,0,0,2019,0
"3481",2019-11-13,1,62,0.0161290322580645,-6,0.6,-2.6,11,0,0,0,2019,0
"3482",2019-11-14,1,75,0.0133333333333333,-4.9,5.6,-0.9,11,0,0,0,2019,0
"3483",2019-11-15,3,44,0.0681818181818182,2.2,12.2,6.4,11,0,0,0,2019,0
"3484",2019-11-16,0,6,0,-2.1,6.1,2.6,11,0,0,0,2019,0
"3485",2019-11-18,2,30,0.0666666666666667,2.2,5,4.2,11,0,0,0,2019,0
"3486",2019-11-19,5,41,0.121951219512195,5,7.2,5.6,11,0,0,0,2019,0
"3487",2019-11-20,4,46,0.0869565217391304,3.9,5.6,5.1,11,0,0,0,2019,0
"3488",2019-11-21,1,32,0.03125,2.2,10.6,5.6,11,0,0,0,2019,0
"3489",2019-11-22,1,25,0.04,3.9,13.3,8.7,11,0,0,0,2019,0
"3490",2019-11-23,0,1,0,1.7,8.9,4.9,11,0,0,0,2019,0
"3491",2019-11-25,3,53,0.0566037735849057,5,12.2,7.8,11,0,0,0,2019,0
"3492",2019-11-26,6,44,0.136363636363636,4.4,17.2,9.8,11,0,0,0,2019,0
"3493",2019-11-27,2,40,0.05,4.4,12.2,8.9,11,0,0,0,2019,0
"3494",2019-11-29,1,45,0.0222222222222222,-0.5,6.7,2.9,11,0,0,0,2019,0
"3495",2019-12-02,3,44,0.0681818181818182,-1.6,5.6,3.8,12,0,0,0,2019,0
"3496",2019-12-03,3,46,0.0652173913043478,-1,2.2,-0.2,12,0,0,0,2019,0
"3497",2019-12-04,1,21,0.0476190476190476,-1.6,5,1.2,12,0,0,0,2019,0
"3498",2019-12-05,3,48,0.0625,0,7.2,4.3,12,0,0,0,2019,0
"3499",2019-12-06,3,35,0.0857142857142857,-1.6,3.3,0.9,12,0,0,0,2019,0
"3500",2019-12-09,2,29,0.0689655172413793,5,16.1,7.5,12,0,0,0,2019,0
"3501",2019-12-10,1,43,0.0232558139534884,5.6,17.2,15,12,0,0,0,2019,0
"3502",2019-12-11,2,26,0.0769230769230769,-1,5.6,3.4,12,0,0,0,2019,0
"3503",2019-12-12,5,36,0.138888888888889,-3.2,0.6,-0.9,12,0,0,0,2019,0
"3504",2019-12-13,0,30,0,-2.1,8.3,1.6,12,0,0,0,2019,0
"3505",2019-12-14,0,1,0,8.3,15.6,10.5,12,0,0,0,2019,0
"3506",2019-12-16,0,34,0,0,1.7,1.2,12,0,0,0,2019,0
"3507",2019-12-17,6,39,0.153846153846154,-2.7,3.3,-0.3,12,0,0,0,2019,0
"3508",2019-12-18,4,49,0.0816326530612245,-4.3,3.3,1.1,12,0,0,0,2019,0
"3509",2019-12-19,2,41,0.048780487804878,-9.3,-2.7,-5.3,12,0,0,0,2019,0
"3510",2019-12-20,0,38,0,-8.2,0.6,-4.9,12,0,0,0,2019,0
"3511",2019-12-23,4,31,0.129032258064516,1.7,13.9,6.4,12,0,0,0,2019,0
"3512",2019-12-24,2,23,0.0869565217391304,1.7,10,7.5,12,0,0,0,2019,0
"3513",2019-12-26,0,12,0,1.1,5,2.6,12,0,0,0,2019,0
"3514",2019-12-27,3,14,0.214285714285714,2.2,11.1,4.9,12,0,0,0,2019,0
"3515",2019-12-30,0,29,0,2.2,5,3.6,12,0,0,0,2019,0
"3516",2019-12-31,1,38,0.0263157894736842,2.8,6.7,4.6,12,0,0,0,2019,0
"3517",2020-01-02,0,28,0,1.1,9.4,4.2,1,0,0,0,2020,0
"3518",2020-01-03,7,34,0.205882352941176,6.7,11.1,8.2,1,0,0,0,2020,0
"3519",2020-01-06,2,41,0.048780487804878,-2.7,5,0.4,1,0,0,0,2020,0
"3520",2020-01-07,2,32,0.0625,0.6,5.6,3.2,1,0,0,0,2020,0
"3521",2020-01-08,0,46,0,-1.6,7.2,3.4,1,0,0,0,2020,0
"3522",2020-01-09,2,43,0.0465116279069767,-5.5,0.6,-1.6,1,0,0,0,2020,0
"3523",2020-01-10,6,43,0.13953488372093,-1.6,11.7,3.2,1,0,0,0,2020,0
"3524",2020-01-13,1,40,0.025,2.2,6.1,5.1,1,0,0,0,2020,0
"3525",2020-01-14,2,36,0.0555555555555556,2.8,5.6,3.9,1,0,0,0,2020,0
"3526",2020-01-15,1,45,0.0222222222222222,3.9,11.1,6.9,1,0,0,0,2020,0
"3527",2020-01-16,4,38,0.105263157894737,-1,8.3,5.5,1,0,0,0,2020,0
"3528",2020-01-17,1,25,0.04,-8.8,-1,-4.1,1,0,0,0,2020,0
"3529",2020-01-19,0,2,0,-4.3,7.2,0.7,1,0,0,0,2020,0
"3530",2020-01-20,0,1,0,-7.1,-1,-3.4,1,0,0,0,2020,0
"3531",2020-01-21,3,52,0.0576923076923077,-7.7,-2.1,-4.9,1,0,0,0,2020,0
"3532",2020-01-22,2,43,0.0465116279069767,-6.6,3.9,-1.9,1,0,0,0,2020,0
"3533",2020-01-23,3,32,0.09375,-3.2,10,2.2,1,0,0,0,2020,0
"3534",2020-01-24,1,35,0.0285714285714286,1.1,8.9,4.9,1,0,0,0,2020,0
"3535",2020-01-27,2,34,0.0588235294117647,3.9,8.9,5.7,1,0,0,0,2020,0
"3536",2020-01-28,1,29,0.0344827586206897,2.2,5.6,5,1,0,0,0,2020,0
"3537",2020-01-29,0,42,0,-1.6,6.1,2.6,1,0,0,0,2020,0
"3538",2020-01-30,3,40,0.075,-5.5,0.6,-1.7,1,0,0,0,2020,0
"3539",2020-01-31,4,36,0.111111111111111,-1.6,8.3,1.7,1,0,0,0,2020,0
"3540",2020-02-02,1,1,1,2.2,6.7,4,2,0,0,0,2020,0
"3541",2020-02-03,0,32,0,1.7,10,5.2,2,0,0,0,2020,0
"3542",2020-02-04,1,42,0.0238095238095238,1.7,8.3,5.6,2,0,0,0,2020,0
"3543",2020-02-05,2,42,0.0476190476190476,0.6,6.1,5.2,2,0,0,0,2020,0
"3544",2020-02-06,2,45,0.0444444444444444,1.1,5,2.9,2,0,0,0,2020,0
"3545",2020-02-07,3,22,0.136363636363636,-1,13.3,4.2,2,0,0,0,2020,0
"3546",2020-02-10,3,42,0.0714285714285714,3.3,8.3,5.6,2,0,0,0,2020,0
"3547",2020-02-11,2,39,0.0512820512820513,4.4,7.2,6.2,2,0,0,0,2020,0
"3548",2020-02-12,1,35,0.0285714285714286,2.8,7.2,5.1,2,0,0,0,2020,0
"3549",2020-02-13,1,31,0.032258064516129,1.7,5,3.9,2,0,0,0,2020,0
"3550",2020-02-14,4,47,0.0851063829787234,-9.3,4.4,0.3,2,0,0,0,2020,0
"3551",2020-02-16,0,1,0,-1.6,7.8,1.7,2,0,0,0,2020,0
"3552",2020-02-18,5,45,0.111111111111111,-0.5,5.6,3,2,0,0,0,2020,0
"3553",2020-02-19,1,32,0.03125,0,7.8,5.9,2,0,0,0,2020,0
"3554",2020-02-20,1,38,0.0263157894736842,-4.3,2.8,-0.1,2,0,0,0,2020,0
"3555",2020-02-21,3,44,0.0681818181818182,-8.2,0.6,-3.6,2,0,0,0,2020,0
"3556",2020-02-24,1,38,0.0263157894736842,1.7,17.8,8.8,2,0,0,0,2020,0
"3557",2020-02-25,1,32,0.03125,6.1,11.7,8.6,2,0,0,0,2020,0
"3558",2020-02-26,1,39,0.0256410256410256,6.7,8.9,7.6,2,0,0,0,2020,0
"3559",2020-02-27,3,36,0.0833333333333333,0.6,12.8,7.2,2,0,0,0,2020,0
"3560",2020-02-28,5,30,0.166666666666667,-2.1,3.3,1.3,2,0,0,0,2020,0
"3561",2020-02-29,0,6,0,-5.5,1.7,-0.8,2,0,0,0,2020,0
"3562",2020-03-02,3,52,0.0576923076923077,-4.9,11.1,1.7,3,0,0,0,2020,0
"3563",2020-03-03,1,34,0.0294117647058824,7.8,15,10.2,3,0,0,0,2020,0
"3564",2020-03-04,0,35,0,5,10,8.5,3,0,0,0,2020,0
"3565",2020-03-05,0,36,0,2.8,10.6,6.4,3,0,0,0,2020,0
"3566",2020-03-06,4,41,0.0975609756097561,0,6.7,3.9,3,0,0,0,2020,0
"3567",2020-03-09,2,40,0.05,5.6,22.2,12.6,3,0,0,0,2020,0
"3568",2020-03-10,1,41,0.024390243902439,4.4,18.9,11.1,3,0,0,0,2020,0
"3569",2020-03-11,4,48,0.0833333333333333,2.8,15,10.2,3,0,0,0,2020,0
"3570",2020-03-12,2,40,0.05,1.1,6.1,4.3,3,0,0,0,2020,0
"3571",2020-03-13,2,33,0.0606060606060606,4.4,16.7,7.9,3,0,0,0,2020,0
"3572",2020-03-14,0,1,0,3.3,11.7,7.6,3,0,0,0,2020,0
"3573",2020-03-16,3,31,0.0967741935483871,-4.3,1.7,0.1,3,0,0,0,2020,0
"3574",2020-03-17,2,28,0.0714285714285714,-0.5,7.2,2.2,3,0,0,0,2020,0
"3575",2020-03-18,4,49,0.0816326530612245,2.8,10.6,6,3,0,0,0,2020,0
"3576",2020-03-19,1,19,0.0526315789473684,3.9,5.6,5,3,0,0,0,2020,0
"3577",2020-03-20,1,13,0.0769230769230769,3.3,20,8.7,3,0,0,0,2020,0
"3578",2020-03-23,1,12,0.0833333333333333,-2.1,5,0.3,3,0,0,0,2020,0
"3579",2020-03-24,1,10,0.1,1.1,9.4,4.7,3,0,0,0,2020,0
"3580",2020-03-25,0,20,0,2.8,6.1,4.6,3,0,0,0,2020,0
"3581",2020-03-26,0,5,0,0,7.8,4.1,3,0,0,0,2020,0
"3582",2020-03-27,0,4,0,6.1,16.1,10.3,3,0,0,0,2020,0
"3583",2020-03-31,0,1,0,0.6,4.4,2.5,3,0,0,0,2020,0
"3584",2020-04-01,0,4,0,-0.5,6.1,2.4,4,0,0,0,2020,0
"3585",2020-04-02,1,1,1,3.9,8.3,5.4,4,0,0,0,2020,0
"3586",2020-04-07,0,1,0,7.8,16.7,11.3,4,0,0,0,2020,0
"3587",2020-04-08,0,1,0,5.6,8.9,7.8,4,0,0,0,2020,0
"3588",2020-04-10,0,1,0,3.3,8.9,5.9,4,0,0,0,2020,0
"3589",2020-04-17,0,2,0,1.1,9.4,4.9,4,0,0,0,2020,0
"3590",2020-04-23,0,1,0,1.1,12.8,5.8,4,0,0,0,2020,0
"3591",2020-04-24,0,1,0,3.9,7.2,6.4,4,0,0,0,2020,0
"3592",2020-05-04,0,2,0,8.9,21.1,17.5,5,0,0,0,2020,0
"3593",2020-05-05,1,1,1,6.7,14.4,10.5,5,0,0,0,2020,0
"3594",2020-05-06,0,1,0,5,10.6,8.3,5,0,0,0,2020,0
"3595",2020-05-08,1,2,0.5,6.1,13.9,10.9,5,0,0,0,2020,0
"3596",2020-05-13,0,1,0,2.8,15.6,9.1,5,0,0,0,2020,0
"3597",2020-05-14,0,1,0,7.2,20.6,13.7,5,0,0,0,2020,0
"3598",2020-05-15,1,1,1,10.6,23.3,15.7,5,0,0,0,2020,0
"3599",2020-05-21,0,2,0,7.2,25,14.3,5,0,0,0,2020,0
"3600",2020-05-27,1,2,0.5,15.6,28.3,21.1,5,0,0,0,2020,0
"3601",2020-05-28,0,2,0,17.8,25.6,21.4,5,0,0,0,2020,0
"3602",2020-06-02,0,1,0,9.4,17.8,13.4,6,1,0,0,2020,0
"3603",2020-06-03,0,1,0,12.8,26.7,18.2,6,1,0,0,2020,0
"3604",2020-06-04,1,1,1,15,31.7,23.2,6,1,1,0,2020,0
"3605",2020-06-05,0,1,0,17.8,27.2,22.2,6,1,0,0,2020,0
"3606",2020-06-08,0,23,0,12.8,26.1,18.7,6,1,0,0,2020,0
"3607",2020-06-09,3,21,0.142857142857143,15.6,26.7,19.6,6,1,0,0,2020,0
"3608",2020-06-10,2,26,0.0769230769230769,14.4,18.9,16.8,6,1,0,0,2020,0
"3609",2020-06-11,1,26,0.0384615384615385,16.7,24.4,19.3,6,1,0,0,2020,0
"3610",2020-06-12,0,4,0,18.3,28.9,22.6,6,1,0,0,2020,0
"3611",2020-06-15,0,1,0,12.8,18.3,14.8,6,1,0,0,2020,0
"3612",2020-06-16,0,3,0,12.8,21.1,16.7,6,1,0,0,2020,0
"3613",2020-06-17,2,34,0.0588235294117647,13.3,22.8,17.8,6,1,0,0,2020,0
"3614",2020-06-18,0,31,0,16.7,31.1,22.2,6,1,1,1,2020,1
"3615",2020-06-19,1,25,0.04,20,30.6,25.2,6,1,1,1,2020,0
"3616",2020-06-22,3,30,0.1,16.7,21.7,19.7,6,1,0,0,2020,0
"3617",2020-06-23,2,34,0.0588235294117647,17.2,31.1,22.4,6,1,1,1,2020,1
"3618",2020-06-24,0,34,0,20,30,24.3,6,1,1,1,2020,0
"3619",2020-06-25,1,35,0.0285714285714286,20.6,30,25.1,6,1,1,1,2020,0
"3620",2020-06-26,1,34,0.0294117647058824,19.4,30,24.3,6,1,1,1,2020,0
"3621",2020-06-29,1,40,0.025,17.2,22.8,19.2,6,1,0,0,2020,0
"3622",2020-06-30,3,30,0.1,17.2,20,17.9,6,1,0,0,2020,0
"3623",2020-07-01,1,40,0.025,17.2,22.2,18.9,7,1,0,0,2020,0
"3624",2020-07-02,2,20,0.1,17.8,29.4,21.8,7,1,0,0,2020,0
"3625",2020-07-05,1,2,0.5,17.8,26.1,20.8,7,1,0,0,2020,0
"3626",2020-07-06,2,35,0.0571428571428571,17.2,21.1,19.8,7,1,0,0,2020,0
"3627",2020-07-07,0,29,0,16.7,26.7,20.1,7,1,0,0,2020,0
"3628",2020-07-08,0,44,0,19.4,29.4,23.4,7,1,0,0,2020,0
"3629",2020-07-09,0,29,0,22.2,30,25.5,7,1,1,0,2020,0
"3630",2020-07-10,2,34,0.0588235294117647,20.6,25.6,23.2,7,1,0,0,2020,0
"3631",2020-07-13,4,45,0.0888888888888889,20.6,29.4,25.3,7,1,0,0,2020,0
"3632",2020-07-14,2,39,0.0512820512820513,18.9,24.4,21.8,7,1,0,0,2020,0
"3633",2020-07-15,0,43,0,16.7,21.1,18.7,7,1,0,0,2020,0
"3634",2020-07-16,1,46,0.0217391304347826,15.6,20.6,18.1,7,1,0,0,2020,0
"3635",2020-07-17,1,48,0.0208333333333333,15,23.3,17.8,7,1,0,0,2020,0
"3636",2020-07-20,5,47,0.106382978723404,23.9,33.9,27.9,7,1,1,1,2020,0
"3637",2020-07-21,6,46,0.130434782608696,23.3,32.2,28.5,7,1,1,1,2020,0
"3638",2020-07-22,2,44,0.0454545454545455,20,26.1,23.9,7,1,0,0,2020,0
"3639",2020-07-23,0,53,0,20,31.7,24.2,7,1,1,0,2020,0
"3640",2020-07-24,2,40,0.05,21.1,26.1,23.4,7,1,0,0,2020,0
"3641",2020-07-27,0,41,0,23.9,35,29.8,7,1,1,1,2020,0
"3642",2020-07-28,4,47,0.0851063829787234,25.6,35,30.3,7,1,1,1,2020,0
"3643",2020-07-29,6,46,0.130434782608696,22.8,30.6,26.7,7,1,1,1,2020,0
"3644",2020-07-30,3,59,0.0508474576271186,21.1,30.6,25.8,7,1,1,1,2020,0
"3645",2020-07-31,3,57,0.0526315789473684,20,25,24.1,7,1,0,0,2020,0
"3646",2020-08-01,0,1,0,20.6,27.2,23.7,8,1,0,0,2020,0
"3647",2020-08-03,1,46,0.0217391304347826,22.8,33.3,28.3,8,1,1,0,2020,0
"3648",2020-08-04,1,51,0.0196078431372549,21.1,26.1,24.3,8,1,0,0,2020,0
"3649",2020-08-05,2,50,0.04,21.1,33.3,26.3,8,1,1,0,2020,0
"3650",2020-08-06,4,48,0.0833333333333333,20,28.9,24.9,8,1,0,0,2020,0
"3651",2020-08-07,1,46,0.0217391304347826,18.3,24.4,21.7,8,1,0,0,2020,0
"3652",2020-08-10,2,27,0.0740740740740741,22.2,34.4,27.3,8,1,1,1,2020,0
"3653",2020-08-11,1,35,0.0285714285714286,22.8,34.4,28.2,8,1,1,1,2020,0
"3654",2020-08-12,1,31,0.032258064516129,23.3,33.9,27.2,8,1,1,1,2020,0
"3655",2020-08-13,0,28,0,20,28.9,25.9,8,1,0,0,2020,0
"3656",2020-08-14,1,27,0.037037037037037,20,26.7,22.9,8,1,0,0,2020,0
"3657",2020-08-15,0,1,0,17.8,21.1,20.2,8,1,0,0,2020,0
"3658",2020-08-17,0,39,0,16.7,21.7,18.7,8,1,0,0,2020,0
"3659",2020-08-18,0,46,0,18.9,30,22.6,8,1,1,0,2020,0
"3660",2020-08-19,3,32,0.09375,17.8,23.3,21.6,8,1,0,0,2020,0
"3661",2020-08-20,0,50,0,16.1,27.2,20.8,8,1,0,0,2020,0
"3662",2020-08-21,3,49,0.0612244897959184,17.2,31.7,23.8,8,1,1,0,2020,0
"3663",2020-08-24,3,43,0.0697674418604651,19.4,30.6,23.8,8,1,1,1,2020,0
"3664",2020-08-25,1,46,0.0217391304347826,20,31.7,25.9,8,1,1,1,2020,0
"3665",2020-08-26,2,51,0.0392156862745098,16.1,23.9,20.6,8,1,0,0,2020,0
"3666",2020-08-27,1,49,0.0204081632653061,15.6,18.9,17.9,8,1,0,0,2020,0
"3667",2020-08-28,2,55,0.0363636363636364,16.1,27.8,19.8,8,1,0,0,2020,0
"3668",2020-08-31,3,40,0.075,14.4,21.7,18.5,8,1,0,0,2020,0
"3669",2020-09-01,3,42,0.0714285714285714,15,22.2,18.9,9,0,0,0,2020,0
"3670",2020-09-02,3,40,0.075,16.7,21.7,18.2,9,0,0,0,2020,0
"3671",2020-09-03,1,48,0.0208333333333333,18.9,25,21.8,9,0,0,0,2020,0
"3672",2020-09-04,2,25,0.08,20,29.4,23.4,9,0,0,0,2020,0
"3673",2020-09-08,2,42,0.0476190476190476,16.1,26.1,20.3,9,0,0,0,2020,0
"3674",2020-09-09,2,45,0.0444444444444444,17.2,25,20.8,9,0,0,0,2020,0
"3675",2020-09-10,2,57,0.0350877192982456,20,27.8,23.1,9,0,0,0,2020,0
"3676",2020-09-11,1,42,0.0238095238095238,13.9,23.3,19.4,9,0,0,0,2020,0
"3677",2020-09-14,2,40,0.05,12.2,25,21,9,0,0,0,2020,0
"3678",2020-09-15,1,50,0.02,9.4,16.1,13.6,9,0,0,0,2020,0
"3679",2020-09-16,2,38,0.0526315789473684,10.6,22.8,15.9,9,0,0,0,2020,0
"3680",2020-09-17,1,29,0.0344827586206897,14.4,25.6,19.3,9,0,0,0,2020,0
"3681",2020-09-18,0,39,0,10.6,18.9,16.4,9,0,0,0,2020,0
"3682",2020-09-21,4,38,0.105263157894737,7.2,16.1,11.6,9,0,0,0,2020,0
"3683",2020-09-22,0,33,0,7.2,18.9,12.3,9,0,0,0,2020,0
"3684",2020-09-23,0,27,0,12.8,26.7,18.2,9,0,0,0,2020,0
"3685",2020-09-24,0,32,0,16.1,26.1,20.7,9,0,0,0,2020,0
"3686",2020-09-25,1,28,0.0357142857142857,14.4,22.2,18.4,9,0,0,0,2020,0
"3687",2020-09-28,5,19,0.263157894736842,17.2,27.2,21.2,9,0,0,0,2020,0
"3688",2020-09-29,0,19,0,16.7,26.1,20.1,9,0,0,0,2020,0
"3689",2020-09-30,1,27,0.037037037037037,14.4,23.3,21.6,9,0,0,0,2020,0
"3690",2020-10-01,1,41,0.024390243902439,14.4,24.4,18.3,10,0,0,0,2020,0
"3691",2020-10-02,3,38,0.0789473684210526,11.7,18.3,16,10,0,0,0,2020,0
"3692",2020-10-05,2,39,0.0512820512820513,11.1,17.2,13.9,10,0,0,0,2020,0
"3693",2020-10-06,1,39,0.0256410256410256,10,21.1,14.6,10,0,0,0,2020,0
"3694",2020-10-07,2,37,0.0540540540540541,12.8,23.9,16.8,10,0,0,0,2020,0
"3695",2020-10-08,3,49,0.0612244897959184,8.9,17.2,13.8,10,0,0,0,2020,0
"3696",2020-10-09,2,41,0.048780487804878,5.6,15.6,10.7,10,0,0,0,2020,0
"3697",2020-10-13,0,38,0,10.6,14.4,12.7,10,0,0,0,2020,0
"3698",2020-10-14,2,53,0.0377358490566038,10.6,21.1,14.2,10,0,0,0,2020,0
"3699",2020-10-15,1,40,0.025,8.9,22.2,15,10,0,0,0,2020,0
"3700",2020-10-16,0,32,0,10,21.7,16.1,10,0,0,0,2020,0
"3701",2020-10-19,3,30,0.1,6.7,14.4,10.7,10,0,0,0,2020,0
"3702",2020-10-20,2,46,0.0434782608695652,9.4,19.4,13.3,10,0,0,0,2020,0
"3703",2020-10-21,2,47,0.0425531914893617,13.3,18.3,14.3,10,0,0,0,2020,0
"3704",2020-10-22,1,40,0.025,12.2,19.4,16.8,10,0,0,0,2020,0
"3705",2020-10-23,1,38,0.0263157894736842,12.8,16.7,13.7,10,0,0,0,2020,0
"3706",2020-10-25,0,1,0,6.1,10,8.2,10,0,0,0,2020,0
"3707",2020-10-26,2,50,0.04,8.9,11.7,10.1,10,0,0,0,2020,0
"3708",2020-10-27,4,45,0.0888888888888889,6.7,12.2,10.8,10,0,0,0,2020,0
"3709",2020-10-28,2,53,0.0377358490566038,6.7,10.6,8.3,10,0,0,0,2020,0
"3710",2020-10-29,2,55,0.0363636363636364,6.1,9.4,8.1,10,0,0,0,2020,0
"3711",2020-10-30,2,41,0.048780487804878,-1,6.7,2.6,10,0,0,0,2020,0
"3712",2020-11-02,2,38,0.0526315789473684,0.6,6.7,5.3,11,0,0,0,2020,0
"3713",2020-11-03,3,51,0.0588235294117647,0,6.1,3.2,11,0,0,0,2020,0
"3714",2020-11-04,4,59,0.0677966101694915,0.6,12.2,4.4,11,0,0,0,2020,0
"3715",2020-11-05,3,63,0.0476190476190476,9.4,21.1,13.7,11,0,0,0,2020,0
"3716",2020-11-06,2,65,0.0307692307692308,12.8,22.2,16.3,11,0,0,0,2020,0
"3717",2020-11-07,0,9,0,9.4,23.3,16.3,11,0,0,0,2020,0
"3718",2020-11-09,2,54,0.037037037037037,7.2,16.7,10.8,11,0,0,0,2020,0
"3719",2020-11-10,1,59,0.0169491525423729,8.9,23.9,14.5,11,0,0,0,2020,0
"3720",2020-11-11,1,7,0.142857142857143,13.3,22.8,17.8,11,0,0,0,2020,0
"3721",2020-11-12,6,68,0.0882352941176471,8.3,18.9,16.3,11,0,0,0,2020,0
"3722",2020-11-13,3,47,0.0638297872340425,4.4,9.4,8.7,11,0,0,0,2020,0
"3723",2020-11-14,0,3,0,3.3,9.4,6.3,11,0,0,0,2020,0
"3724",2020-11-16,1,44,0.0227272727272727,5.6,11.7,10.4,11,0,0,0,2020,0
"3725",2020-11-17,2,55,0.0363636363636364,1.7,8.9,6.3,11,0,0,0,2020,0
"3726",2020-11-18,0,54,0,-4.9,1.7,0.4,11,0,0,0,2020,0
"3727",2020-11-19,5,49,0.102040816326531,-5.5,7.8,-1.4,11,0,0,0,2020,0
"3728",2020-11-20,4,44,0.0909090909090909,7.2,17.8,10.7,11,0,0,0,2020,0
"3729",2020-11-21,0,4,0,5.6,16.7,12.7,11,0,0,0,2020,0
"3730",2020-11-23,3,48,0.0625,2.2,15,9.6,11,0,0,0,2020,0
"3731",2020-11-24,2,60,0.0333333333333333,-1.6,6.7,3.7,11,0,0,0,2020,0
"3732",2020-11-25,0,36,0,-2.7,10.6,2.6,11,0,0,0,2020,0
"3733",2020-11-27,2,7,0.285714285714286,3.9,12.8,9.3,11,0,0,0,2020,0
"3734",2020-11-30,1,43,0.0232558139534884,3.3,17.2,7.8,11,0,0,0,2020,0
"3735",2020-12-01,0,39,0,5.6,17.2,14.9,12,0,0,0,2020,0
"3736",2020-12-02,1,56,0.0178571428571429,1.7,6.1,5,12,0,0,0,2020,0
"3737",2020-12-03,0,51,0,0.6,10,4.9,12,0,0,0,2020,0
"3738",2020-12-04,1,39,0.0256410256410256,4.4,14.4,8.4,12,0,0,0,2020,0
"3739",2020-12-07,2,39,0.0512820512820513,-2.7,1.7,-0.9,12,0,0,0,2020,0
"3740",2020-12-08,0,62,0,-3.2,-0.5,-1.6,12,0,0,0,2020,0
"3741",2020-12-09,1,46,0.0217391304347826,-4.3,2.2,-1.6,12,0,0,0,2020,0
"3742",2020-12-10,0,83,0,1.1,7.2,3.2,12,0,0,0,2020,0
"3743",2020-12-11,0,20,0,-2.1,10.6,3.9,12,0,0,0,2020,0
"3744",2020-12-12,0,1,0,1.7,8.3,5.6,12,0,0,0,2020,0
"3745",2020-12-14,1,30,0.0333333333333333,1.1,4.4,3.6,12,0,0,0,2020,0
"3746",2020-12-15,0,63,0,-4.9,2.2,0.7,12,0,0,0,2020,0
"3747",2020-12-16,2,63,0.0317460317460317,-8.8,-1,-5.3,12,0,0,0,2020,0
"3748",2020-12-17,0,31,0,-6,0,-3.2,12,0,0,0,2020,0
"3749",2020-12-18,0,48,0,-6,-1,-3.7,12,0,0,0,2020,0
"3750",2020-12-19,0,1,0,-8.2,-0.5,-4.9,12,0,0,0,2020,0
"3751",2020-12-21,0,21,0,-2.7,2.8,0.4,12,0,0,0,2020,0
"3752",2020-12-22,0,28,0,0,6.7,3.2,12,0,0,0,2020,0
"3753",2020-12-23,0,24,0,-1,3.3,1.8,12,0,0,0,2020,0
"3754",2020-12-24,1,9,0.111111111111111,-1,11.7,3.9,12,0,0,0,2020,0
"3755",2020-12-28,1,15,0.0666666666666667,-2.1,9.4,2.7,12,0,0,0,2020,0
"3756",2020-12-29,0,16,0,-4.3,5.6,2.7,12,0,0,0,2020,0
"3757",2020-12-30,0,15,0,-4.3,5,-2.1,12,0,0,0,2020,0
"3758",2020-12-31,1,18,0.0555555555555556,0.6,7.2,5.4,12,0,0,0,2020,0
"3759",2021-01-04,1,36,0.0277777777777778,-0.5,3.9,0.9,1,0,0,0,2021,0
"3760",2021-01-05,2,47,0.0425531914893617,-1,0.6,-0.2,1,0,0,0,2021,0
"3761",2021-01-06,3,47,0.0638297872340425,-1,4.4,0.5,1,0,0,0,2021,0
"3762",2021-01-07,0,42,0,-1.6,5.6,1.2,1,0,0,0,2021,0
"3763",2021-01-08,1,41,0.024390243902439,-3.2,5,-0.1,1,0,0,0,2021,0
"3764",2021-01-11,1,34,0.0294117647058824,-4.3,2.2,-0.3,1,0,0,0,2021,0
"3765",2021-01-12,3,40,0.075,-2.7,5.6,0.8,1,0,0,0,2021,0
"3766",2021-01-13,1,47,0.0212765957446809,-0.5,4.4,1.8,1,0,0,0,2021,0
"3767",2021-01-14,1,53,0.0188679245283019,-0.5,3.9,1.8,1,0,0,0,2021,0
"3768",2021-01-15,2,28,0.0714285714285714,0.6,5,2.2,1,0,0,0,2021,0
"3769",2021-01-19,0,51,0,-2.7,5,0.6,1,0,0,0,2021,0
"3770",2021-01-20,2,49,0.0408163265306122,-3.8,3.3,1.1,1,0,0,0,2021,0
"3771",2021-01-21,2,54,0.037037037037037,-6,0,-3.3,1,0,0,0,2021,0
"3772",2021-01-22,1,44,0.0227272727272727,-1,6.1,1.7,1,0,0,0,2021,0
"3773",2021-01-25,5,49,0.102040816326531,-7.1,2.2,-3.5,1,0,0,0,2021,0
"3774",2021-01-26,3,47,0.0638297872340425,-5.5,1.7,-2.1,1,0,0,0,2021,0
"3775",2021-01-27,1,46,0.0217391304347826,-2.1,2.2,-0.9,1,0,0,0,2021,0
"3776",2021-01-28,0,48,0,-8.8,0.6,-0.6,1,0,0,0,2021,0
"3777",2021-01-29,3,52,0.0576923076923077,-13.8,-7.7,-9.6,1,0,0,0,2021,0
"3778",2021-01-31,0,9,0,-13.8,-4.9,-9.9,1,0,0,0,2021,0
"3779",2021-02-01,5,37,0.135135135135135,-5.5,1.7,-2.8,2,0,0,0,2021,0
"3780",2021-02-02,0,1,0,-1,4.4,0.1,2,0,0,0,2021,0
"3781",2021-02-03,3,56,0.0535714285714286,-2.1,1.1,-0.6,2,0,0,0,2021,0
"3782",2021-02-04,2,53,0.0377358490566038,-1.6,2.8,0.3,2,0,0,0,2021,0
"3783",2021-02-05,1,52,0.0192307692307692,-3.2,5,0.2,2,0,0,0,2021,0
"3784",2021-02-08,5,44,0.113636363636364,-7.1,-1.6,-4.1,2,0,0,0,2021,0
"3785",2021-02-09,3,53,0.0566037735849057,-6,-2.7,-4.3,2,0,0,0,2021,0
"3786",2021-02-10,3,47,0.0638297872340425,-6.6,-0.5,-3.8,2,0,0,0,2021,0
"3787",2021-02-11,1,47,0.0212765957446809,-7.1,-1,-3.9,2,0,0,0,2021,0
"3788",2021-02-12,2,35,0.0571428571428571,-11.6,-2.7,-7.2,2,0,0,0,2021,0
"3789",2021-02-14,0,1,0,-3.2,0.6,-1.8,2,0,0,0,2021,0
"3790",2021-02-16,6,56,0.107142857142857,-1,4.4,0.8,2,0,0,0,2021,0
"3791",2021-02-17,2,66,0.0303030303030303,-4.9,0,-1.8,2,0,0,0,2021,0
"3792",2021-02-18,3,54,0.0555555555555556,-4.3,-0.5,-2.9,2,0,0,0,2021,0
"3793",2021-02-19,0,48,0,-3.8,-1,-2.3,2,0,0,0,2021,0
"3794",2021-02-22,2,35,0.0571428571428571,-7.1,4.4,-1.6,2,0,0,0,2021,0
"3795",2021-02-23,2,34,0.0588235294117647,1.1,6.1,3.1,2,0,0,0,2021,0
"3796",2021-02-24,4,47,0.0851063829787234,2.8,10,5.4,2,0,0,0,2021,0
"3797",2021-02-25,1,46,0.0217391304347826,0.6,8.3,6.4,2,0,0,0,2021,0
"3798",2021-02-26,3,48,0.0625,-2.1,4.4,0.8,2,0,0,0,2021,0
"3799",2021-02-28,0,1,0,2.2,6.7,4.2,2,0,0,0,2021,0
"3800",2021-03-01,4,46,0.0869565217391304,-3.2,6.7,3.9,3,0,0,0,2021,0
"3801",2021-03-02,4,33,0.121212121212121,-10.5,-2.1,-4.8,3,0,0,0,2021,0
"3802",2021-03-03,3,46,0.0652173913043478,-4.9,10,0.3,3,0,0,0,2021,0
"3803",2021-03-04,0,56,0,-2.7,6.1,4.1,3,0,0,0,2021,0
"3804",2021-03-05,3,42,0.0714285714285714,-4.3,2.2,-1.5,3,0,0,0,2021,0
"3805",2021-03-08,3,47,0.0638297872340425,-3.8,3.3,0.1,3,0,0,0,2021,0
"3806",2021-03-09,2,44,0.0454545454545455,2.2,16.1,7,3,0,0,0,2021,0
"3807",2021-03-10,6,50,0.12,1.1,8.9,5.9,3,0,0,0,2021,0
"3808",2021-03-11,4,54,0.0740740740740741,2.2,23.3,9.9,3,0,0,0,2021,0
"3809",2021-03-12,6,51,0.117647058823529,8.3,18.3,14.9,3,0,0,0,2021,0
"3810",2021-03-13,0,1,0,0,9.4,6.6,3,0,0,0,2021,0
"3811",2021-03-14,0,2,0,-4.3,9.4,4.8,3,0,0,0,2021,0
"3812",2021-03-15,4,45,0.0888888888888889,-8.2,-1,-4.6,3,0,0,0,2021,0
"3813",2021-03-16,2,52,0.0384615384615385,-6.6,2.2,-3.3,3,0,0,0,2021,0
"3814",2021-03-17,2,49,0.0408163265306122,-0.5,11.7,4.2,3,0,0,0,2021,0
"3815",2021-03-18,4,33,0.121212121212121,3.3,9.4,6.2,3,0,0,0,2021,0
"3816",2021-03-19,3,60,0.05,-0.5,6.7,3.8,3,0,0,0,2021,0
"3817",2021-03-22,5,58,0.0862068965517241,1.7,14.4,8,3,0,0,0,2021,0
"3818",2021-03-23,2,38,0.0526315789473684,3.3,13.9,8.8,3,0,0,0,2021,0
"3819",2021-03-24,4,47,0.0851063829787234,4.4,11.7,8.7,3,0,0,0,2021,0
"3820",2021-03-25,6,47,0.127659574468085,7.8,16.7,10.4,3,0,0,0,2021,0
"3821",2021-03-26,3,43,0.0697674418604651,11.7,21.1,14.8,3,0,0,0,2021,0
"3822",2021-03-28,0,1,0,5.6,15,7.6,3,0,0,0,2021,0
"3823",2021-03-29,2,65,0.0307692307692308,5.6,12.2,10.3,3,0,0,0,2021,0
"3824",2021-03-30,3,43,0.0697674418604651,2.2,15.6,8.2,3,0,0,0,2021,0
"3825",2021-03-31,2,40,0.05,6.7,21.1,13.1,3,0,0,0,2021,0
"3826",2021-04-01,3,50,0.06,1.7,14.4,10.3,4,0,0,0,2021,0
"3827",2021-04-02,4,57,0.0701754385964912,-1.6,5,1.7,4,0,0,0,2021,0
"3828",2021-04-05,4,45,0.0888888888888889,8.3,14.4,11.2,4,0,0,0,2021,0
"3829",2021-04-06,2,39,0.0512820512820513,7.8,16.1,10.9,4,0,0,0,2021,0
"3830",2021-04-07,0,39,0,7.8,14.4,10.9,4,0,0,0,2021,0
"3831",2021-04-08,2,43,0.0465116279069767,7.2,13.3,11.6,4,0,0,0,2021,0
"3832",2021-04-09,0,8,0,6.7,15,10.3,4,0,0,0,2021,0
"3833",2021-04-12,2,53,0.0377358490566038,6.1,10.6,8.3,4,0,0,0,2021,0
"3834",2021-04-13,6,53,0.113207547169811,6.7,14.4,9.6,4,0,0,0,2021,0
"3835",2021-04-14,0,45,0,7.8,10.6,9.4,4,0,0,0,2021,0
"3836",2021-04-15,4,38,0.105263157894737,5.6,12.2,8.9,4,0,0,0,2021,0
"3837",2021-04-16,0,35,0,1.7,7.2,5.7,4,0,0,0,2021,0
"3838",2021-04-20,3,43,0.0697674418604651,10.6,24.4,16.7,4,0,0,0,2021,0
"3839",2021-04-21,2,38,0.0526315789473684,3.3,22.2,15.2,4,0,0,0,2021,0
"3840",2021-04-22,4,43,0.0930232558139535,1.1,8.3,5.3,4,0,0,0,2021,0
"3841",2021-04-23,4,27,0.148148148148148,3.3,15.6,8.6,4,0,0,0,2021,0
"3842",2021-04-26,2,45,0.0444444444444444,8.3,13.9,10.9,4,0,0,0,2021,0
"3843",2021-04-27,3,52,0.0576923076923077,7.2,20.6,11.7,4,0,0,0,2021,0
"3844",2021-04-28,1,50,0.02,9.4,15.6,13.1,4,0,0,0,2021,0
"3845",2021-04-29,6,52,0.115384615384615,8.9,10,9.6,4,0,0,0,2021,0
"3846",2021-04-30,0,36,0,6.1,18.3,12.8,4,0,0,0,2021,0
"3847",2021-05-03,0,31,0,10,18.3,15.8,5,0,0,0,2021,0
"3848",2021-05-04,2,40,0.05,8.9,12.8,10.2,5,0,0,0,2021,0
"3849",2021-05-05,2,32,0.0625,8.9,10,9.6,5,0,0,0,2021,0
"3850",2021-05-06,6,54,0.111111111111111,10,19.4,13.6,5,0,0,0,2021,0
"3851",2021-05-07,0,47,0,8.9,13.3,12.3,5,0,0,0,2021,0
"3852",2021-05-10,3,49,0.0612244897959184,9.4,17.2,13,5,0,0,0,2021,0
"3853",2021-05-11,3,51,0.0588235294117647,10.6,18.9,14.9,5,0,0,0,2021,0
"3854",2021-05-12,1,48,0.0208333333333333,8.9,20.6,14.1,5,0,0,0,2021,0
"3855",2021-05-13,3,49,0.0612244897959184,10.6,21.7,15.8,5,0,0,0,2021,0
"3856",2021-05-14,1,40,0.025,13.3,25,18.2,5,0,0,0,2021,0
"3857",2021-05-17,2,47,0.0425531914893617,12.2,23.9,17.8,5,0,0,0,2021,0
"3858",2021-05-18,3,34,0.0882352941176471,15,28.9,21.5,5,0,0,0,2021,0
"3859",2021-05-19,2,51,0.0392156862745098,14.4,22.2,21.2,5,0,0,0,2021,0
"3860",2021-05-21,3,41,0.0731707317073171,13.3,27.8,19.2,5,0,0,0,2021,0
"3861",2021-05-24,3,46,0.0652173913043478,12.8,19.4,17.3,5,0,0,0,2021,0
"3862",2021-05-25,3,54,0.0555555555555556,11.7,26.1,17.7,5,0,0,0,2021,0
"3863",2021-05-26,0,38,0,17.2,33.3,23.6,5,0,1,0,2021,0
"3864",2021-05-27,0,35,0,16.7,28.3,23.9,5,0,0,0,2021,0
"3865",2021-05-28,2,20,0.1,7.2,16.7,14.9,5,0,0,0,2021,0
"3866",2021-06-01,0,49,0,12.2,25,18.6,6,1,0,0,2021,0
"3867",2021-06-02,2,50,0.04,14.4,26.1,20.8,6,1,0,0,2021,0
"3868",2021-06-03,1,51,0.0196078431372549,15.6,24.4,19.7,6,1,0,0,2021,0
"3869",2021-06-04,2,40,0.05,18.9,27.2,22.5,6,1,0,0,2021,0
"3870",2021-06-07,3,37,0.0810810810810811,22.8,35.6,29.6,6,1,1,1,2021,0
"3871",2021-06-08,1,37,0.027027027027027,23.9,35,28.8,6,1,1,1,2021,0
"3872",2021-06-09,3,42,0.0714285714285714,23.3,33.3,27.3,6,1,1,1,2021,0
"3873",2021-06-10,3,39,0.0769230769230769,15,24.4,21.9,6,1,0,0,2021,0
"3874",2021-06-11,1,30,0.0333333333333333,13.9,18.9,16.4,6,1,0,0,2021,0
"3875",2021-06-13,0,1,0,16.7,29.4,22.4,6,1,0,0,2021,0
"3876",2021-06-14,3,34,0.0882352941176471,15.6,21.1,18.8,6,1,0,0,2021,0
"3877",2021-06-15,0,40,0,16.7,22.8,19.3,6,1,0,0,2021,0
"3878",2021-06-16,3,43,0.0697674418604651,17.2,25,20.4,6,1,0,0,2021,0
"3879",2021-06-17,3,37,0.0810810810810811,15.6,26.7,21.4,6,1,0,0,2021,0
"3880",2021-06-18,0,29,0,15.6,29.4,23.3,6,1,0,0,2021,0
"3881",2021-06-22,1,45,0.0222222222222222,17.2,30.6,24.4,6,1,1,1,2021,0
"3882",2021-06-23,0,24,0,15,23.9,18.8,6,1,0,0,2021,0
"3883",2021-06-24,2,20,0.1,15,23.3,18.9,6,1,0,0,2021,0
"3884",2021-06-25,1,43,0.0232558139534884,16.1,21.1,17.8,6,1,0,0,2021,0
"3885",2021-06-28,0,25,0,23.9,36.1,29.4,6,1,1,1,2021,0
"3886",2021-06-29,1,39,0.0256410256410256,26.1,37.2,31.5,6,1,1,1,2021,0
"3887",2021-06-30,0,33,0,22.2,37.8,31,6,1,1,1,2021,0
"3888",2021-07-01,1,28,0.0357142857142857,20,29.4,25.4,7,1,0,0,2021,0
"3889",2021-07-02,0,24,0,15,20.6,18.3,7,1,0,0,2021,0
"3890",2021-07-03,0,1,0,13.9,15.6,15.1,7,1,0,0,2021,0
"3891",2021-07-06,3,22,0.136363636363636,20.6,33.3,24.9,7,1,1,0,2021,0
"3892",2021-07-07,1,34,0.0294117647058824,21.1,33.3,26.9,7,1,1,0,2021,0
"3893",2021-07-08,2,35,0.0571428571428571,17.8,21.7,20.6,7,1,0,0,2021,0
"3894",2021-07-09,0,50,0,17.2,25.6,19.6,7,1,0,0,2021,0
"3895",2021-07-12,1,42,0.0238095238095238,18.3,21.7,20.4,7,1,0,0,2021,0
"3896",2021-07-13,4,41,0.0975609756097561,18.3,21.1,19.4,7,1,0,0,2021,0
"3897",2021-07-14,1,36,0.0277777777777778,18.9,25.6,20.5,7,1,0,0,2021,0
"3898",2021-07-15,2,40,0.05,21.7,26.1,23.4,7,1,0,0,2021,0
"3899",2021-07-16,2,36,0.0555555555555556,23.3,35,27.4,7,1,1,0,2021,0
"3900",2021-07-19,0,38,0,19.4,22.8,20.3,7,1,0,0,2021,0
"3901",2021-07-20,1,31,0.032258064516129,20,31.1,25.1,7,1,1,0,2021,0
"3902",2021-07-21,5,37,0.135135135135135,20,28.9,25.5,7,1,0,0,2021,0
"3903",2021-07-22,4,39,0.102564102564103,18.3,25.6,22.3,7,1,0,0,2021,0
"3904",2021-07-23,3,39,0.0769230769230769,20.6,26.7,23,7,1,0,0,2021,0
"3905",2021-07-24,0,1,0,17.8,25,22.1,7,1,0,0,2021,0
"3906",2021-07-26,2,41,0.048780487804878,21.1,33.9,26.5,7,1,1,0,2021,0
"3907",2021-07-27,3,52,0.0576923076923077,20.6,30.6,26.7,7,1,1,0,2021,0
"3908",2021-07-28,3,35,0.0857142857142857,18.9,23.9,21.1,7,1,0,0,2021,0
"3909",2021-07-29,4,50,0.08,18.9,27.2,22.1,7,1,0,0,2021,0
"3910",2021-07-30,3,47,0.0638297872340425,18.3,28.9,23.3,7,1,0,0,2021,0
"3911",2021-08-02,2,39,0.0512820512820513,18.9,28.3,23.2,8,1,0,0,2021,0
"3912",2021-08-03,4,41,0.0975609756097561,18.3,25,22.6,8,1,0,0,2021,0
"3913",2021-08-04,4,43,0.0930232558139535,18.3,23.9,22,8,1,0,0,2021,0
"3914",2021-08-05,1,53,0.0188679245283019,18.3,21.7,19.4,8,1,0,0,2021,0
"3915",2021-08-06,4,49,0.0816326530612245,19.4,31.7,23.9,8,1,1,0,2021,0
"3916",2021-08-09,2,38,0.0526315789473684,20,23.9,22.2,8,1,0,0,2021,0
"3917",2021-08-10,0,42,0,19.4,24.4,21,8,1,0,0,2021,0
"3918",2021-08-11,2,28,0.0714285714285714,22.8,33.9,27.2,8,1,1,1,2021,1
"3919",2021-08-12,2,31,0.0645161290322581,24.4,35.6,29.1,8,1,1,1,2021,0
"3920",2021-08-13,2,32,0.0625,24.4,32.8,28.6,8,1,1,1,2021,0
"3921",2021-08-16,3,30,0.1,18.3,25.6,22.3,8,1,0,0,2021,0
"3922",2021-08-17,2,44,0.0454545454545455,19.4,29.4,23.9,8,1,0,0,2021,0
"3923",2021-08-18,3,44,0.0681818181818182,22.2,31.7,25.8,8,1,1,0,2021,0
"3924",2021-08-19,2,27,0.0740740740740741,22.8,30.6,25.1,8,1,1,0,2021,0
"3925",2021-08-20,2,42,0.0476190476190476,22.8,26.7,24.8,8,1,0,0,2021,0
"3926",2021-08-23,3,40,0.075,20.6,24.4,22.6,8,1,0,0,2021,0
"3927",2021-08-24,2,51,0.0392156862745098,21.7,32.8,25.1,8,1,1,1,2021,1
"3928",2021-08-25,1,45,0.0222222222222222,24.4,34.4,29,8,1,1,1,2021,0
"3929",2021-08-26,3,50,0.06,23.9,35.6,29.3,8,1,1,1,2021,0
"3930",2021-08-27,4,53,0.0754716981132075,23.3,32.2,28.6,8,1,1,1,2021,0
"3931",2021-08-30,4,39,0.102564102564103,21.7,31.1,25.2,8,1,1,0,2021,0
"3932",2021-08-31,1,49,0.0204081632653061,22.8,28.9,26.2,8,1,0,0,2021,0
"3933",2021-09-01,2,46,0.0434782608695652,16.1,23.9,22.5,9,0,0,0,2021,0
"3934",2021-09-02,4,49,0.0816326530612245,16.1,25,19,9,0,0,0,2021,0
"3935",2021-09-03,2,18,0.111111111111111,15,25,19.7,9,0,0,0,2021,0
"3936",2021-09-04,0,1,0,17.2,27.2,21.7,9,0,0,0,2021,0
"3937",2021-09-07,1,33,0.0303030303030303,18.3,27.8,23.1,9,0,0,0,2021,0
"3938",2021-09-08,4,39,0.102564102564103,17.8,29.4,23.4,9,0,0,0,2021,0
"3939",2021-09-09,0,44,0,20,24.4,23.6,9,0,0,0,2021,0
"3940",2021-09-10,4,41,0.0975609756097561,17.2,26.1,21.8,9,0,0,0,2021,0
"3941",2021-09-11,0,2,0,15,26.1,20.3,9,0,0,0,2021,0
"3942",2021-09-13,2,45,0.0444444444444444,18.9,27.8,24.7,9,0,0,0,2021,0
"3943",2021-09-14,2,35,0.0571428571428571,17.2,22.8,20.7,9,0,0,0,2021,0
"3944",2021-09-15,4,40,0.1,20,30,24,9,0,1,0,2021,0
"3945",2021-09-16,0,24,0,18.3,23.9,21.9,9,0,0,0,2021,0
"3946",2021-09-17,0,34,0,18.3,21.1,19.3,9,0,0,0,2021,0
"3947",2021-09-20,1,30,0.0333333333333333,13.9,22.2,18.3,9,0,0,0,2021,0
"3948",2021-09-21,2,49,0.0408163265306122,13.9,22.8,18.3,9,0,0,0,2021,0
"3949",2021-09-22,0,38,0,18.9,26.7,22.2,9,0,0,0,2021,0
"3950",2021-09-23,2,40,0.05,19.4,27.8,22.8,9,0,0,0,2021,0
"3951",2021-09-24,0,46,0,20.6,26.7,23.2,9,0,0,0,2021,0
"3952",2021-09-25,0,2,0,18.3,23.9,21.1,9,0,0,0,2021,0
"3953",2021-09-26,0,1,0,16.1,25,20.4,9,0,0,0,2021,0
"3954",2021-09-27,1,39,0.0256410256410256,14.4,24.4,19.6,9,0,0,0,2021,0
"3955",2021-09-28,1,69,0.0144927536231884,14.4,21.7,20.7,9,0,0,0,2021,0
"3956",2021-09-29,1,67,0.0149253731343284,11.1,18.9,15.7,9,0,0,0,2021,0
"3957",2021-09-30,2,59,0.0338983050847458,11.7,17.8,15,9,0,0,0,2021,0
"3958",2021-10-01,3,61,0.0491803278688525,10.6,20.6,14.8,10,0,0,0,2021,0
"3959",2021-10-02,0,6,0,11.1,24.4,17.4,10,0,0,0,2021,0
"3960",2021-10-03,0,4,0,15,20,17.6,10,0,0,0,2021,0
"3961",2021-10-04,2,47,0.0425531914893617,12.8,17.2,16.2,10,0,0,0,2021,0
"3962",2021-10-05,2,60,0.0333333333333333,12.2,17.2,14.4,10,0,0,0,2021,0
"3963",2021-10-06,3,64,0.046875,13.3,20,16.4,10,0,0,0,2021,0
"3964",2021-10-07,2,58,0.0344827586206897,13.3,23.3,17.7,10,0,0,0,2021,0
"3965",2021-10-08,3,39,0.0769230769230769,15,21.7,18.3,10,0,0,0,2021,0
"3966",2021-10-10,0,1,0,16.1,18.9,17.1,10,0,0,0,2021,0
"3967",2021-10-12,2,48,0.0416666666666667,13.9,23.9,18.1,10,0,0,0,2021,0
"3968",2021-10-13,4,67,0.0597014925373134,15.6,25.6,19.8,10,0,0,0,2021,0
"3969",2021-10-14,0,53,0,15.6,23.9,19.2,10,0,0,0,2021,0
"3970",2021-10-15,2,51,0.0392156862745098,15.6,20.6,18.1,10,0,0,0,2021,0
"3971",2021-10-16,0,10,0,16.7,24.4,20.4,10,0,0,0,2021,0
"3972",2021-10-18,3,60,0.05,8.3,16.7,12.6,10,0,0,0,2021,0
"3973",2021-10-19,2,53,0.0377358490566038,7.8,17.2,11.5,10,0,0,0,2021,0
"3974",2021-10-20,4,59,0.0677966101694915,12.2,22.2,15.7,10,0,0,0,2021,0
"3975",2021-10-21,5,59,0.0847457627118644,14.4,23.9,18.9,10,0,0,0,2021,0
"3976",2021-10-22,1,50,0.02,12.8,22.2,18.3,10,0,0,0,2021,0
"3977",2021-10-25,3,53,0.0566037735849057,10,13.3,11.4,10,0,0,0,2021,0
"3978",2021-10-26,0,54,0,10,15.6,13.7,10,0,0,0,2021,0
"3979",2021-10-27,3,53,0.0566037735849057,8.3,11.1,10.3,10,0,0,0,2021,0
"3980",2021-10-28,4,55,0.0727272727272727,6.1,10,8.7,10,0,0,0,2021,0
"3981",2021-10-29,3,64,0.046875,5,11.1,7.6,10,0,0,0,2021,0
"3982",2021-11-01,2,41,0.048780487804878,8.3,15.6,13.1,11,0,0,0,2021,0
"3983",2021-11-02,3,46,0.0652173913043478,7.2,13.9,10.6,11,0,0,0,2021,0
"3984",2021-11-03,3,58,0.0517241379310345,4.4,11.1,8.9,11,0,0,0,2021,0
"3985",2021-11-04,4,44,0.0909090909090909,2.2,9.4,5.9,11,0,0,0,2021,0
"3986",2021-11-05,1,57,0.0175438596491228,2.8,10.6,6.7,11,0,0,0,2021,0
"3987",2021-11-06,0,1,0,2.2,10.6,6.2,11,0,0,0,2021,0
"3988",2021-11-08,3,52,0.0576923076923077,4.4,15.6,9.1,11,0,0,0,2021,0
"3989",2021-11-09,1,59,0.0169491525423729,5.6,21.1,12.1,11,0,0,0,2021,0
"3990",2021-11-10,1,53,0.0188679245283019,8.9,16.7,13.4,11,0,0,0,2021,0
"3991",2021-11-12,1,44,0.0227272727272727,9.4,17.2,12.6,11,0,0,0,2021,0
"3992",2021-11-14,0,1,0,2.8,10,6.7,11,0,0,0,2021,0
"3993",2021-11-15,6,56,0.107142857142857,4.4,9.4,7,11,0,0,0,2021,0
"3994",2021-11-16,2,77,0.025974025974026,2.8,9.4,5.6,11,0,0,0,2021,0
"3995",2021-11-17,0,17,0,1.1,11.1,4.9,11,0,0,0,2021,0
"3996",2021-11-18,1,56,0.0178571428571429,11.1,21.1,13.8,11,0,0,0,2021,0
"3997",2021-11-19,4,48,0.0833333333333333,2.8,12.8,9.3,11,0,0,0,2021,0
"3998",2021-11-20,0,65,0,0.6,6.7,3.7,11,0,0,0,2021,0
"3999",2021-11-21,0,1,0,3.9,12.2,6.7,11,0,0,0,2021,0
"4000",2021-11-22,3,62,0.0483870967741935,2.8,13.9,11.4,11,0,0,0,2021,0
"4001",2021-11-23,4,51,0.0784313725490196,-2.1,4.4,2.6,11,0,0,0,2021,0
"4002",2021-11-24,1,26,0.0384615384615385,-2.7,6.1,0.6,11,0,0,0,2021,0
"4003",2021-11-26,1,35,0.0285714285714286,1.7,8.3,7.4,11,0,0,0,2021,0
"4004",2021-11-29,5,57,0.087719298245614,-1.6,5,2.3,11,0,0,0,2021,0
"4005",2021-11-30,0,53,0,-3.2,5,0.1,11,0,0,0,2021,0
"4006",2021-12-01,1,52,0.0192307692307692,0.6,7.8,3.8,12,0,0,0,2021,0
"4007",2021-12-02,3,51,0.0588235294117647,2.2,15.6,7.6,12,0,0,0,2021,0
"4008",2021-12-03,1,43,0.0232558139534884,0.6,7.2,6.4,12,0,0,0,2021,0
"4009",2021-12-06,3,44,0.0681818181818182,5.6,16.7,9.4,12,0,0,0,2021,0
"4010",2021-12-07,4,44,0.0909090909090909,1.1,7.2,6.6,12,0,0,0,2021,0
"4011",2021-12-08,1,60,0.0166666666666667,-2.1,2.8,1.8,12,0,0,0,2021,0
"4012",2021-12-09,0,44,0,-3.2,3.3,-0.3,12,0,0,0,2021,0
"4013",2021-12-10,2,64,0.03125,-2.1,6.7,1.8,12,0,0,0,2021,0
"4014",2021-12-11,0,1,0,1.7,17.8,6.2,12,0,0,0,2021,0
"4015",2021-12-12,0,1,0,3.3,16.7,9.8,12,0,0,0,2021,0
"4016",2021-12-13,3,65,0.0461538461538462,2.8,11.1,5.9,12,0,0,0,2021,0
"4017",2021-12-14,3,62,0.0483870967741935,1.7,10.6,8,12,0,0,0,2021,0
"4018",2021-12-15,3,29,0.103448275862069,0,7.2,3.5,12,0,0,0,2021,0
"4019",2021-12-16,1,62,0.0161290322580645,7.2,15.6,10.9,12,0,0,0,2021,0
"4020",2021-12-17,1,55,0.0181818181818182,5.6,15.6,12.9,12,0,0,0,2021,0
"4021",2021-12-18,0,1,0,0.6,6.1,4.8,12,0,0,0,2021,0
"4022",2021-12-20,2,59,0.0338983050847458,-6.6,0.6,-3.6,12,0,0,0,2021,0
"4023",2021-12-21,1,60,0.0166666666666667,-1,6.7,1.7,12,0,0,0,2021,0
"4024",2021-12-22,4,63,0.0634920634920635,0.6,6.1,3.9,12,0,0,0,2021,0
"4025",2021-12-23,2,39,0.0512820512820513,-4.3,0.6,-0.3,12,0,0,0,2021,0
"4026",2021-12-27,1,36,0.0277777777777778,-1,1.7,0.6,12,0,0,0,2021,0
"4027",2021-12-28,1,42,0.0238095238095238,0.6,7.8,2.9,12,0,0,0,2021,0
"4028",2021-12-29,2,41,0.048780487804878,2.2,5.6,4.6,12,0,0,0,2021,0
"4029",2021-12-30,2,18,0.111111111111111,3.3,5.6,4.4,12,0,0,0,2021,0
"4030",2022-01-03,1,57,0.0175438596491228,-6,0.6,-1.4,1,0,0,0,2022,0
"4031",2022-01-04,2,47,0.0425531914893617,-8.2,-0.5,-4.9,1,0,0,0,2022,0
"4032",2022-01-05,1,59,0.0169491525423729,-2.7,10.6,2.8,1,0,0,0,2022,0
"4033",2022-01-06,1,61,0.0163934426229508,0,6.1,4.6,1,0,0,0,2022,0
"4034",2022-01-07,4,51,0.0784313725490196,-4.9,0.6,-0.5,1,0,0,0,2022,0
"4035",2022-01-10,5,59,0.0847457627118644,-5.5,4.4,0.5,1,0,0,0,2022,0
"4036",2022-01-11,2,70,0.0285714285714286,-13.2,-5.5,-9.1,1,0,0,0,2022,0
"4037",2022-01-12,3,69,0.0434782608695652,-12.1,5.6,-5.3,1,0,0,0,2022,0
"4038",2022-01-13,1,57,0.0175438596491228,-1.6,7.8,2.3,1,0,0,0,2022,0
"4039",2022-01-14,4,45,0.0888888888888889,-9.3,5,2.8,1,0,0,0,2022,0
"4040",2022-01-16,0,1,0,-14.9,1.7,-10.8,1,0,0,0,2022,0
"4041",2022-01-17,0,2,0,1.7,9.4,3.7,1,0,0,0,2022,0
"4042",2022-01-18,5,69,0.072463768115942,-6,2.2,-0.5,1,0,0,0,2022,0
"4043",2022-01-19,4,55,0.0727272727272727,-6.6,7.8,-1.2,1,0,0,0,2022,0
"4044",2022-01-20,3,52,0.0576923076923077,-7.1,5,3,1,0,0,0,2022,0
"4045",2022-01-21,2,55,0.0363636363636364,-12.7,-5.5,-8,1,0,0,0,2022,0
"4046",2022-01-24,1,58,0.0172413793103448,-4.9,-1,-2.4,1,0,0,0,2022,0
"4047",2022-01-25,4,50,0.08,-2.1,5,0.5,1,0,0,0,2022,0
"4048",2022-01-26,5,49,0.102040816326531,-11,-2.1,-4,1,0,0,0,2022,0
"4049",2022-01-27,4,57,0.0701754385964912,-12.7,-2.7,-8.6,1,0,0,0,2022,0
"4050",2022-01-28,0,52,0,-3.8,2.2,-1.7,1,0,0,0,2022,0
"4051",2022-01-31,1,37,0.027027027027027,-9.9,-0.5,-6.2,1,0,0,0,2022,0
"4052",2022-02-01,4,74,0.0540540540540541,-7.7,1.7,-3.5,2,0,0,0,2022,0
"4053",2022-02-02,5,68,0.0735294117647059,-0.5,5.6,1.7,2,0,0,0,2022,0
"4054",2022-02-03,3,52,0.0576923076923077,1.7,8.3,4.3,2,0,0,0,2022,0
"4055",2022-02-04,4,43,0.0930232558139535,-5.5,4.4,1.2,2,0,0,0,2022,0
"4056",2022-02-07,3,50,0.06,-5.5,5,-1.7,2,0,0,0,2022,0
"4057",2022-02-08,5,66,0.0757575757575758,1.7,5.6,3.7,2,0,0,0,2022,0
"4058",2022-02-09,4,42,0.0952380952380952,-1,6.1,2,2,0,0,0,2022,0
"4059",2022-02-10,7,48,0.145833333333333,-1,10.6,3.7,2,0,0,0,2022,0
"4060",2022-02-11,2,56,0.0357142857142857,-0.5,11.1,5.3,2,0,0,0,2022,0
"4061",2022-02-13,0,1,0,-3.8,3.9,0.9,2,0,0,0,2022,0
"4062",2022-02-14,2,46,0.0434782608695652,-9.9,-3.8,-5.8,2,0,0,0,2022,0
"4063",2022-02-15,1,53,0.0188679245283019,-11.6,-2.7,-8.1,2,0,0,0,2022,0
"4064",2022-02-16,1,41,0.024390243902439,-8.2,8.3,-2.4,2,0,0,0,2022,0
"4065",2022-02-17,4,53,0.0754716981132075,6.1,16.1,10.3,2,0,0,0,2022,0
"4066",2022-02-18,1,55,0.0181818181818182,-3.8,16.7,10.7,2,0,0,0,2022,0
"4067",2022-02-19,1,1,1,-6.6,3.9,-1.9,2,0,0,0,2022,0
"4068",2022-02-22,2,58,0.0344827586206897,-1,12.8,3.8,2,0,0,0,2022,0
"4069",2022-02-23,1,57,0.0175438596491228,0,20.6,14.1,2,0,0,0,2022,0
"4070",2022-02-24,1,52,0.0192307692307692,-5.5,0,-1.6,2,0,0,0,2022,0
"4071",2022-02-25,3,32,0.09375,-7.7,0.6,-1.8,2,0,0,0,2022,0
"4072",2022-02-28,2,42,0.0476190476190476,-7.7,-1.6,-3.7,2,0,0,0,2022,0
"4073",2022-03-01,3,61,0.0491803278688525,-8.2,3.3,-3.2,3,0,0,0,2022,0
"4074",2022-03-02,2,50,0.04,0.6,6.1,4.1,3,0,0,0,2022,0
"4075",2022-03-03,2,61,0.0327868852459016,-6,3.9,1.9,3,0,0,0,2022,0
"4076",2022-03-04,1,48,0.0208333333333333,-8.2,1.7,-4.2,3,0,0,0,2022,0
"4077",2022-03-05,0,2,0,-3.2,5.6,0.3,3,0,0,0,2022,0
"4078",2022-03-07,4,52,0.0769230769230769,10,17.8,13.7,3,0,0,0,2022,0
"4079",2022-03-08,4,62,0.0645161290322581,2.2,10,7,3,0,0,0,2022,0
"4080",2022-03-09,1,52,0.0192307692307692,0,4.4,2.2,3,0,0,0,2022,0
"4081",2022-03-10,5,67,0.0746268656716418,-1.6,10.6,3.2,3,0,0,0,2022,0
"4082",2022-03-11,4,66,0.0606060606060606,-0.5,10.6,5,3,0,0,0,2022,0
"4083",2022-03-14,1,54,0.0185185185185185,-1.6,11.1,3.4,3,0,0,0,2022,0
"4084",2022-03-15,7,5056,0.00138449367088608,5.6,15,8.5,3,0,0,0,2022,0
"4085",2022-03-16,3,61,0.0491803278688525,3.9,9.4,5.9,3,0,0,0,2022,0
"4086",2022-03-17,5,59,0.0847457627118644,3.3,8.9,6.1,3,0,0,0,2022,0
"4087",2022-03-18,5,62,0.0806451612903226,8.3,20,11.9,3,0,0,0,2022,0
"4088",2022-03-21,1,46,0.0217391304347826,6.1,15,9.9,3,0,0,0,2022,0
"4089",2022-03-22,4,69,0.0579710144927536,2.2,11.1,7.3,3,0,0,0,2022,0
"4090",2022-03-23,3,58,0.0517241379310345,0.6,6.1,3.7,3,0,0,0,2022,0
"4091",2022-03-24,2,53,0.0377358490566038,3.9,6.1,4.8,3,0,0,0,2022,0
"4092",2022-03-25,1,17,0.0588235294117647,3.9,15.6,7.6,3,0,0,0,2022,0
"4093",2022-03-28,7,60,0.116666666666667,-6.6,0.6,-0.8,3,0,0,0,2022,0
"4094",2022-03-29,4,59,0.0677966101694915,-7.1,3.3,-2.6,3,0,0,0,2022,0
"4095",2022-03-30,4,51,0.0784313725490196,-1.6,10,2.8,3,0,0,0,2022,0
"4096",2022-03-31,6,62,0.0967741935483871,4.4,18.3,10.6,3,0,0,0,2022,0
"4097",2022-04-01,0,17,0,4.4,15.6,13.9,4,0,0,0,2022,0
"4098",2022-04-02,0,1,0,3.9,12.2,7.2,4,0,0,0,2022,0
"4099",2022-04-04,2,80,0.025,3.3,14.4,7.5,4,0,0,0,2022,0
"4100",2022-04-05,6,52,0.115384615384615,6.1,15,10.1,4,0,0,0,2022,0
"4101",2022-04-06,5,38,0.131578947368421,5,8.3,7.5,4,0,0,0,2022,0
"4102",2022-04-07,3,36,0.0833333333333333,3.9,9.4,6.9,4,0,0,0,2022,0
"4103",2022-04-08,4,44,0.0909090909090909,6.7,17.2,11.4,4,0,0,0,2022,0
"4104",2022-04-11,4,70,0.0571428571428571,4.4,17.8,9.8,4,0,0,0,2022,0
"4105",2022-04-12,1,42,0.0238095238095238,9.4,21.1,13.2,4,0,0,0,2022,0
"4106",2022-04-13,4,40,0.1,8.3,22.8,15.7,4,0,0,0,2022,0
"4107",2022-04-14,2,53,0.0377358490566038,7.8,10,10.1,4,0,0,0,2022,0
"4108",2022-04-15,2,43,0.0465116279069767,7.8,19.4,12.6,4,0,0,0,2022,0
"4109",2022-04-19,3,57,0.0526315789473684,6.1,15,9.3,4,0,0,0,2022,0
"4110",2022-04-20,4,56,0.0714285714285714,5,13.9,8.6,4,0,0,0,2022,0
"4111",2022-04-21,3,53,0.0566037735849057,5,16.7,10.3,4,0,0,0,2022,0
"4112",2022-04-22,1,15,0.0666666666666667,9.4,18.3,13.5,4,0,0,0,2022,0
"4113",2022-04-23,0,1,0,7.2,14.4,10.9,4,0,0,0,2022,0
"4114",2022-04-24,0,1,0,6.1,12.2,8.6,4,0,0,0,2022,0
"4115",2022-04-25,3,51,0.0588235294117647,7.8,11.7,9.3,4,0,0,0,2022,0
"4116",2022-04-26,2,50,0.04,7.8,12.8,9.6,4,0,0,0,2022,0
"4117",2022-04-27,2,58,0.0344827586206897,5.6,15,11.4,4,0,0,0,2022,0
"4118",2022-04-28,1,56,0.0178571428571429,3.9,11.7,7.6,4,0,0,0,2022,0
"4119",2022-04-29,4,53,0.0754716981132075,4.4,13.9,8.4,4,0,0,0,2022,0
"4120",2022-04-30,0,2,0,5,12.2,8.6,4,0,0,0,2022,0
"4121",2022-05-02,2,57,0.0350877192982456,7.2,13.3,10.6,5,0,0,0,2022,0
"4122",2022-05-03,6,53,0.113207547169811,7.8,11.7,8.9,5,0,0,0,2022,0
"4123",2022-05-04,8,57,0.140350877192982,8.3,12.2,9.3,5,0,0,0,2022,0
"4124",2022-05-05,8,55,0.145454545454545,10,21.1,13.8,5,0,0,0,2022,0
"4125",2022-05-06,3,51,0.0588235294117647,10,16.1,13.7,5,0,0,0,2022,0
"4126",2022-05-09,3,43,0.0697674418604651,5,13.3,9.1,5,0,0,0,2022,0
"4127",2022-05-10,4,57,0.0701754385964912,7.2,14.4,11,5,0,0,0,2022,0
"4128",2022-05-11,8,50,0.16,7.8,15.6,10.4,5,0,0,0,2022,0
"4129",2022-05-12,7,57,0.12280701754386,10.6,15.6,12.2,5,0,0,0,2022,0
"4130",2022-05-13,6,43,0.13953488372093,10.6,26.1,14.6,5,0,0,0,2022,0
"4131",2022-05-14,0,1,0,18.3,30,23.1,5,0,1,0,2022,0
"4132",2022-05-16,6,62,0.0967741935483871,14.4,26.1,19.3,5,0,0,0,2022,0
"4133",2022-05-17,4,43,0.0930232558139535,14.4,23.3,18.6,5,0,0,0,2022,0
"4134",2022-05-18,5,71,0.0704225352112676,12.2,22.8,17,5,0,0,0,2022,0
"4135",2022-05-19,1,24,0.0416666666666667,11.7,17.8,14.4,5,0,0,0,2022,0
"4136",2022-05-20,5,56,0.0892857142857143,11.1,18.9,13.3,5,0,0,0,2022,0
"4137",2022-05-21,0,6,0,12.2,21.7,15.9,5,0,0,0,2022,0
"4138",2022-05-23,7,48,0.145833333333333,13.9,22.2,19.4,5,0,0,0,2022,0
"4139",2022-05-24,5,57,0.087719298245614,11.1,16.1,14.2,5,0,0,0,2022,0
"4140",2022-05-25,8,50,0.16,10,20.6,14.1,5,0,0,0,2022,0
"4141",2022-05-26,2,39,0.0512820512820513,10,22.8,15.9,5,0,0,0,2022,0
"4142",2022-05-27,0,32,0,15.6,27.8,20.3,5,0,0,0,2022,0
"4143",2022-05-31,2,41,0.048780487804878,12.8,28.3,20.8,5,0,0,0,2022,0
"4144",2022-06-01,4,43,0.0930232558139535,12.2,16.1,13.6,6,1,0,0,2022,0
"4145",2022-06-02,4,42,0.0952380952380952,12.2,17.2,14.4,6,1,0,0,2022,0
"4146",2022-06-03,4,42,0.0952380952380952,11.7,16.7,13.5,6,1,0,0,2022,0
"4147",2022-06-06,1,54,0.0185185185185185,14.4,23.9,19.1,6,1,0,0,2022,0
"4148",2022-06-07,1,42,0.0238095238095238,16.1,27.8,21.3,6,1,0,0,2022,0
"4149",2022-06-08,1,29,0.0344827586206897,17.2,27.2,21.4,6,1,0,0,2022,0
"4150",2022-06-09,3,54,0.0555555555555556,16.1,28.9,21.7,6,1,0,0,2022,0
"4151",2022-06-10,2,32,0.0625,15,25.6,20.9,6,1,0,0,2022,0
"4152",2022-06-13,2,1105,0.00180995475113122,18.3,29.4,21.9,6,1,0,0,2022,0
"4153",2022-06-14,1,32,0.03125,17.8,27.8,23,6,1,0,0,2022,0
"4154",2022-06-15,0,45,0,15,21.7,19.9,6,1,0,0,2022,0
"4155",2022-06-16,2,53,0.0377358490566038,14.4,23.3,18.7,6,1,0,0,2022,0
"4156",2022-06-17,1,41,0.024390243902439,19.4,30,22.9,6,1,1,0,2022,0
"4157",2022-06-21,0,49,0,11.7,21.7,16.9,6,1,0,0,2022,0
"4158",2022-06-22,2,42,0.0476190476190476,13.9,19.4,16.9,6,1,0,0,2022,0
"4159",2022-06-23,1,51,0.0196078431372549,14.4,21.7,17,6,1,0,0,2022,0
"4160",2022-06-24,1,35,0.0285714285714286,15,25.6,19.1,6,1,0,0,2022,0
"4161",2022-06-25,0,3,0,19.4,28.9,23.7,6,1,0,0,2022,0
"4162",2022-06-27,0,36,0,19.4,25,22.7,6,1,0,0,2022,0
"4163",2022-06-28,3,29,0.103448275862069,16.7,24.4,21.1,6,1,0,0,2022,0
"4164",2022-06-29,2,44,0.0454545454545455,17.2,28.3,21.5,6,1,0,0,2022,0
"4165",2022-06-30,7,49,0.142857142857143,19.4,28.3,22.9,6,1,0,0,2022,0
"4166",2022-07-01,1,29,0.0344827586206897,18.9,33.3,25.1,7,1,1,1,2022,1
"4167",2022-07-03,0,1,0,21.7,30,24.8,7,1,1,1,2022,0
"4168",2022-07-04,0,1,0,18.9,29.4,24.7,7,1,0,0,2022,0
"4169",2022-07-05,2,48,0.0416666666666667,18.9,26.7,22.9,7,1,0,0,2022,0
"4170",2022-07-06,0,13,0,19.4,28.9,23.8,7,1,0,0,2022,0
"4171",2022-07-07,2,36,0.0555555555555556,18.3,26.1,21.8,7,1,0,0,2022,0
"4172",2022-07-08,4,40,0.1,16.7,30,22.9,7,1,1,0,2022,0
"4173",2022-07-10,0,1,0,16.1,23.9,20.4,7,1,0,0,2022,0
"4174",2022-07-11,1,50,0.02,17.2,30.6,23.2,7,1,1,1,2022,1
"4175",2022-07-12,1,32,0.03125,19.4,31.7,24.4,7,1,1,1,2022,0
"4176",2022-07-13,6,42,0.142857142857143,19.4,30.6,25.1,7,1,1,1,2022,0
"4177",2022-07-14,2,29,0.0689655172413793,18.3,25.6,21.9,7,1,0,0,2022,0
"4178",2022-07-15,3,45,0.0666666666666667,18.9,26.7,23.1,7,1,0,0,2022,0
"4179",2022-07-18,2,49,0.0408163265306122,20,27.8,24.2,7,1,0,0,2022,0
"4180",2022-07-19,1,37,0.027027027027027,22.8,33.9,27.2,7,1,1,1,2022,1
"4181",2022-07-20,2,45,0.0444444444444444,24.4,33.3,28.9,7,1,1,1,2022,0
"4182",2022-07-21,2,41,0.048780487804878,21.7,34.4,28.3,7,1,1,1,2022,0
"4183",2022-07-22,2,61,0.0327868852459016,22.8,34.4,28.7,7,1,1,1,2022,0
"4184",2022-07-25,0,37,0,25,32.2,29.2,7,1,1,1,2022,0
"4185",2022-07-26,3,53,0.0566037735849057,21.7,28.9,25.6,7,1,0,0,2022,0
"4186",2022-07-27,0,49,0,18.9,28.3,23.3,7,1,0,0,2022,0
"4187",2022-07-28,2,53,0.0377358490566038,18.9,31.7,24.2,7,1,1,1,2022,1
"4188",2022-07-29,1,38,0.0263157894736842,22.8,33.3,27.6,7,1,1,1,2022,0
"4189",2022-08-01,4,57,0.0701754385964912,20.6,29.4,25.1,8,1,0,0,2022,0
"4190",2022-08-02,3,44,0.0681818181818182,20.6,34.4,25.3,8,1,1,0,2022,0
"4191",2022-08-03,3,48,0.0625,20,27.2,25.5,8,1,0,0,2022,0
"4192",2022-08-04,3,65,0.0461538461538462,20,36.7,27.4,8,1,1,1,2022,1
"4193",2022-08-05,1,38,0.0263157894736842,22.8,35,27.4,8,1,1,1,2022,0
"4194",2022-08-06,0,5,0,22.8,36.1,28.1,8,1,1,1,2022,0
"4195",2022-08-08,4,40,0.1,25.6,36.7,29.7,8,1,1,1,2022,0
"4196",2022-08-09,1,41,0.024390243902439,18.9,36.7,29.7,8,1,1,1,2022,0
"4197",2022-08-10,6,48,0.125,18.3,22.2,20.6,8,1,0,0,2022,0
"4198",2022-08-11,4,36,0.111111111111111,18.9,25.6,20.8,8,1,0,0,2022,0
"4199",2022-08-12,1,23,0.0434782608695652,19.4,26.7,22.6,8,1,0,0,2022,0
"4200",2022-08-15,2,37,0.0540540540540541,17.2,25,21.6,8,1,0,0,2022,0
"4201",2022-08-16,2,42,0.0476190476190476,17.8,25,21.2,8,1,0,0,2022,0
"4202",2022-08-17,2,38,0.0526315789473684,18.9,26.1,21.3,8,1,0,0,2022,0
"4203",2022-08-18,2,49,0.0408163265306122,18.9,28.9,22.8,8,1,0,0,2022,0
"4204",2022-08-19,3,41,0.0731707317073171,20.6,33.3,26.5,8,1,1,1,2022,1
"4205",2022-08-22,1,52,0.0192307692307692,19.4,22.8,21.1,8,1,0,0,2022,0
"4206",2022-08-23,4,55,0.0727272727272727,20,23.9,21.2,8,1,0,0,2022,0
"4207",2022-08-24,4,42,0.0952380952380952,19.4,27.2,22.2,8,1,0,0,2022,0
"4208",2022-08-25,2,44,0.0454545454545455,21.7,30,24.6,8,1,1,0,2022,0
"4209",2022-08-26,1,34,0.0294117647058824,21.1,32.8,25.3,8,1,1,0,2022,0
"4210",2022-08-27,0,1,0,19.4,25.6,22.1,8,1,0,0,2022,0
"4211",2022-08-29,1,46,0.0217391304347826,18.3,31.7,23.8,8,1,1,1,2022,1
"4212",2022-08-30,3,48,0.0625,22.2,32.8,26.4,8,1,1,1,2022,0
"4213",2022-08-31,2,52,0.0384615384615385,20,30,25.1,8,1,1,1,2022,0
"4214",2022-09-01,1,53,0.0188679245283019,16.7,26.7,23.2,9,0,0,0,2022,0
"4215",2022-09-02,2,34,0.0588235294117647,13.3,20.6,18.3,9,0,0,0,2022,0
"4216",2022-09-06,3,58,0.0517241379310345,16.7,18.3,17.8,9,0,0,0,2022,0
"4217",2022-09-07,6,68,0.0882352941176471,15.6,22.2,18.6,9,0,0,0,2022,0
"4218",2022-09-08,3,47,0.0638297872340425,15,21.7,18.2,9,0,0,0,2022,0
"4219",2022-09-09,1,40,0.025,14.4,23.9,18.5,9,0,0,0,2022,0
"4220",2022-09-10,0,4,0,18.9,26.7,22.3,9,0,0,0,2022,0
"4221",2022-09-12,2,48,0.0416666666666667,18.9,24.4,21.4,9,0,0,0,2022,0
"4222",2022-09-13,2,43,0.0465116279069767,19.4,23.3,20.6,9,0,0,0,2022,0
"4223",2022-09-14,7,461,0.0151843817787419,17.2,26.7,22,9,0,0,0,2022,0
"4224",2022-09-15,2,29,0.0689655172413793,13.9,22.2,19.6,9,0,0,0,2022,0
"4225",2022-09-16,1,35,0.0285714285714286,12.8,22.8,17.1,9,0,0,0,2022,0
"4226",2022-09-17,0,21,0,11.1,18.9,15.9,9,0,0,0,2022,0
"4227",2022-09-18,0,6,0,15.6,28.9,21.1,9,0,0,0,2022,0
"4228",2022-09-19,2,49,0.0408163265306122,15,22.2,18.4,9,0,0,0,2022,0
"4229",2022-09-20,2,32,0.0625,14.4,16.7,16.2,9,0,0,0,2022,0
"4230",2022-09-21,3,49,0.0612244897959184,13.9,20.6,16.4,9,0,0,0,2022,0
"4231",2022-09-22,0,31,0,12.8,21.1,18.2,9,0,0,0,2022,0
"4232",2022-09-23,3,34,0.0882352941176471,10,16.1,13.2,9,0,0,0,2022,0
"4233",2022-09-24,0,1,0,8.9,20.6,13.6,9,0,0,0,2022,0
"4234",2022-09-26,1,38,0.0263157894736842,15,23.9,18.9,9,0,0,0,2022,0
"4235",2022-09-27,1,44,0.0227272727272727,14.4,23.9,18.5,9,0,0,0,2022,0
"4236",2022-09-28,5,50,0.1,12.8,22.2,17.2,9,0,0,0,2022,0
"4237",2022-09-29,0,15,0,10.6,18.3,15.1,9,0,0,0,2022,0
"4238",2022-09-30,2,76,0.0263157894736842,8.9,15,12.3,9,0,0,0,2022,0
"4239",2022-10-02,0,1,0,11.1,14.4,13.2,10,0,0,0,2022,0
"4240",2022-10-03,4,45,0.0888888888888889,11.1,13.3,11.9,10,0,0,0,2022,0
"4241",2022-10-04,2,64,0.03125,11.7,14.4,12.6,10,0,0,0,2022,0
"4242",2022-10-05,6,84,0.0714285714285714,12.2,15,13.2,10,0,0,0,2022,0
"4243",2022-10-06,3,49,0.0612244897959184,14.4,21.1,16.5,10,0,0,0,2022,0
"4244",2022-10-07,0,55,0,13.9,25.6,18.5,10,0,0,0,2022,0
"4245",2022-10-10,0,1,0,9.4,19.4,13.3,10,0,0,0,2022,0
"4246",2022-10-11,3,41,0.0731707317073171,8.9,18.9,13.5,10,0,0,0,2022,0
"4247",2022-10-12,2,53,0.0377358490566038,10,23.9,16.4,10,0,0,0,2022,0
"4248",2022-10-13,5,67,0.0746268656716418,12.8,19.4,16.2,10,0,0,0,2022,0
"4249",2022-10-14,2,43,0.0465116279069767,13.9,20.6,17.8,10,0,0,0,2022,0
"4250",2022-10-15,0,1,0,11.7,21.7,16,10,0,0,0,2022,0
"4251",2022-10-17,2,36,0.0555555555555556,9.4,15.6,12.9,10,0,0,0,2022,0
"4252",2022-10-18,1,46,0.0217391304347826,10,20.6,16.6,10,0,0,0,2022,0
"4253",2022-10-19,5,54,0.0925925925925926,6.7,13.9,11.2,10,0,0,0,2022,0
"4254",2022-10-20,4,39,0.102564102564103,5.6,15,9.9,10,0,0,0,2022,0
"4255",2022-10-21,3,56,0.0535714285714286,7.8,16.7,11.5,10,0,0,0,2022,0
"4256",2022-10-22,0,2,0,8.3,20,13.7,10,0,0,0,2022,0
"4257",2022-10-24,4,58,0.0689655172413793,11.1,15.6,13.1,10,0,0,0,2022,0
"4258",2022-10-25,2,63,0.0317460317460317,13.9,16.7,14.8,10,0,0,0,2022,0
"4259",2022-10-26,6,57,0.105263157894737,15,18.3,15.8,10,0,0,0,2022,0
"4260",2022-10-27,5,51,0.0980392156862745,7.8,20,17,10,0,0,0,2022,0
"4261",2022-10-28,2,48,0.0416666666666667,5.6,11.1,8.8,10,0,0,0,2022,0
"4262",2022-10-31,5,40,0.125,7.2,20,12.8,10,0,0,0,2022,0
"4263",2022-11-01,5,55,0.0909090909090909,13.9,18.3,15.9,11,0,0,0,2022,0
"4264",2022-11-02,6,65,0.0923076923076923,8.9,20.6,15.8,11,0,0,0,2022,0
"4265",2022-11-03,3,65,0.0461538461538462,7.8,16.1,12.2,11,0,0,0,2022,0
"4266",2022-11-04,3,62,0.0483870967741935,10,22.2,14.9,11,0,0,0,2022,0
"4267",2022-11-07,2,53,0.0377358490566038,12.2,24.4,20.7,11,0,0,0,2022,0
"4268",2022-11-08,6,41,0.146341463414634,4.4,12.8,11.6,11,0,0,0,2022,0
"4269",2022-11-09,2,47,0.0425531914893617,2.2,8.9,5.9,11,0,0,0,2022,0
"4270",2022-11-10,3,111,0.027027027027027,6.1,20.6,11.6,11,0,0,0,2022,0
"4271",2022-11-11,0,1,0,12.8,21.1,16.3,11,0,0,0,2022,0
"4272",2022-11-14,1,43,0.0232558139534884,1.7,6.7,5.2,11,0,0,0,2022,0
"4273",2022-11-15,3,51,0.0588235294117647,0.6,6.1,3.1,11,0,0,0,2022,0
"4274",2022-11-16,4,52,0.0769230769230769,2.8,13.9,8,11,0,0,0,2022,0
"4275",2022-11-17,3,56,0.0535714285714286,2.2,7.8,5.4,11,0,0,0,2022,0
"4276",2022-11-18,1,42,0.0238095238095238,0,7.2,3.7,11,0,0,0,2022,0
"4277",2022-11-19,0,2,0,-0.5,6.7,3.1,11,0,0,0,2022,0
"4278",2022-11-21,3,48,0.0625,-3.8,3.9,-0.4,11,0,0,0,2022,0
"4279",2022-11-22,5,43,0.116279069767442,1.7,8.9,4.8,11,0,0,0,2022,0
"4280",2022-11-23,2,38,0.0526315789473684,2.2,10.6,6.8,11,0,0,0,2022,0
"4281",2022-11-25,2,47,0.0425531914893617,5,11.1,7.9,11,0,0,0,2022,0
"4282",2022-11-28,3,43,0.0697674418604651,3.3,14.4,11.2,11,0,0,0,2022,0
"4283",2022-11-29,7,57,0.12280701754386,0.6,6.1,3.8,11,0,0,0,2022,0
"4284",2022-11-30,3,47,0.0638297872340425,3.9,15,8.2,11,0,0,0,2022,0
"4285",2022-12-01,5,47,0.106382978723404,2.2,6.1,5.9,12,0,0,0,2022,0
"4286",2022-12-02,0,37,0,0.6,7.2,3.8,12,0,0,0,2022,0
"4287",2022-12-05,4,41,0.0975609756097561,-1.6,9.4,3.8,12,0,0,0,2022,0
"4288",2022-12-06,2,43,0.0465116279069767,4.4,12.8,7.7,12,0,0,0,2022,0
"4289",2022-12-07,6,44,0.136363636363636,8.9,15,10.9,12,0,0,0,2022,0
"4290",2022-12-08,4,50,0.08,2.8,14.4,11.4,12,0,0,0,2022,0
"4291",2022-12-09,0,33,0,0.6,8.3,4.1,12,0,0,0,2022,0
"4292",2022-12-12,1,37,0.027027027027027,-4.3,1.1,-2.3,12,0,0,0,2022,0
"4293",2022-12-13,5,47,0.106382978723404,-3.2,5,0.2,12,0,0,0,2022,0
"4294",2022-12-14,5,48,0.104166666666667,-4.9,2.8,-0.3,12,0,0,0,2022,0
"4295",2022-12-15,3,48,0.0625,0,6.7,3,12,0,0,0,2022,0
"4296",2022-12-16,2,41,0.048780487804878,5.6,7.2,6.2,12,0,0,0,2022,0
"4297",2022-12-17,0,1,0,1.7,6.1,4.5,12,0,0,0,2022,0
"4298",2022-12-19,3,52,0.0576923076923077,-0.5,5.6,1.7,12,0,0,0,2022,0
"4299",2022-12-20,3,50,0.06,-1,5,1.4,12,0,0,0,2022,0
"4300",2022-12-21,2,36,0.0555555555555556,-2.7,3.9,0.1,12,0,0,0,2022,0
"4301",2022-12-22,5,55,0.0909090909090909,-2.1,7.2,1.7,12,0,0,0,2022,0
"4302",2022-12-23,0,3,0,-7.1,13.9,9.4,12,0,0,0,2022,0
"4303",2022-12-24,0,1,0,-11.6,-6.6,-7.6,12,0,0,0,2022,0
"4304",2022-12-27,1,34,0.0294117647058824,-2.1,2.2,-0.7,12,0,0,0,2022,0
"4305",2022-12-28,2,46,0.0434782608695652,-4.3,6.1,0.2,12,0,0,0,2022,0
"4306",2022-12-29,3,34,0.0882352941176471,0,12.2,4.9,12,0,0,0,2022,0
"4307",2022-12-30,1,40,0.025,3.9,17.2,9.1,12,0,0,0,2022,0
"4308",2022-12-31,0,1,0,6.7,12.2,9.6,12,0,0,0,2022,0
"4309",2023-01-03,2,53,0.0377358490566038,1.1,7.2,4.9,1,0,0,0,2023,0
"4310",2023-01-04,2,51,0.0392156862745098,4.4,7.2,5.2,1,0,0,0,2023,0
"4311",2023-01-05,3,58,0.0517241379310345,1.7,7.2,5.6,1,0,0,0,2023,0
"4312",2023-01-06,3,47,0.0638297872340425,0.6,2.2,1.6,1,0,0,0,2023,0
"4313",2023-01-09,3,54,0.0555555555555556,-2.1,6.1,1.4,1,0,0,0,2023,0
"4314",2023-01-10,4,38,0.105263157894737,-2.1,5.6,2.7,1,0,0,0,2023,0
"4315",2023-01-11,1,56,0.0178571428571429,-4.9,1.7,-1.7,1,0,0,0,2023,0
"4316",2023-01-12,5,58,0.0862068965517241,-1,9.4,1.3,1,0,0,0,2023,0
"4317",2023-01-13,8,41,0.195121951219512,3.9,14.4,11.1,1,0,0,0,2023,0
"4318",2023-01-17,5,58,0.0862068965517241,0,10,3.2,1,0,0,0,2023,0
"4319",2023-01-18,2,2284,0.000875656742556918,4.4,11.1,7.3,1,0,0,0,2023,0
"4320",2023-01-19,2,36,0.0555555555555556,1.7,5.6,4.3,1,0,0,0,2023,0
"4321",2023-01-20,5,47,0.106382978723404,-0.5,3.3,1.7,1,0,0,0,2023,0
"4322",2023-01-23,2,41,0.048780487804878,-0.5,2.2,1.6,1,0,0,0,2023,0
"4323",2023-01-24,5,46,0.108695652173913,-1,3.9,1,1,0,0,0,2023,0
"4324",2023-01-25,6,45,0.133333333333333,0.6,6.1,1.8,1,0,0,0,2023,0
"4325",2023-01-26,2,44,0.0454545454545455,1.7,12.8,7.2,1,0,0,0,2023,0
"4326",2023-01-27,1,37,0.027027027027027,-1,5.6,2.4,1,0,0,0,2023,0
"4327",2023-01-30,1,38,0.0263157894736842,2.2,7.8,6.4,1,0,0,0,2023,0
"4328",2023-01-31,9,55,0.163636363636364,-4.9,5,2.3,1,0,0,0,2023,0
"4329",2023-02-01,4,50,0.08,-6,-1,-3.6,2,0,0,0,2023,0
"4330",2023-02-02,6,46,0.130434782608696,-4.3,3.3,-1.2,2,0,0,0,2023,0
"4331",2023-02-03,6,54,0.111111111111111,-22.1,0.6,-3.9,2,0,0,0,2023,0
"4332",2023-02-05,0,5,0,-7.7,10.6,-1.1,2,0,0,0,2023,0
"4333",2023-02-06,2,38,0.0526315789473684,0,9.4,4.9,2,0,0,0,2023,0
"4334",2023-02-07,8,55,0.145454545454545,-4.3,1.1,-0.7,2,0,0,0,2023,0
"4335",2023-02-08,10,56,0.178571428571429,1.1,9.4,4.4,2,0,0,0,2023,0
"4336",2023-02-09,6,47,0.127659574468085,0,8.3,4.8,2,0,0,0,2023,0
"4337",2023-02-10,8,40,0.2,2.8,15.6,8.4,2,0,0,0,2023,0
"4338",2023-02-11,0,2,0,0,6.7,5.1,2,0,0,0,2023,0
"4339",2023-02-12,0,1,0,-0.5,10,3.9,2,0,0,0,2023,0
"4340",2023-02-13,3,55,0.0545454545454545,2.8,6.7,4.8,2,0,0,0,2023,0
"4341",2023-02-14,1,60,0.0166666666666667,1.7,11.1,5.8,2,0,0,0,2023,0
"4342",2023-02-15,5,53,0.0943396226415094,0.6,13.9,6.3,2,0,0,0,2023,0
"4343",2023-02-16,4,51,0.0784313725490196,7.8,16.7,13,2,0,0,0,2023,0
"4344",2023-02-17,7,47,0.148936170212766,-3.2,15.6,10.4,2,0,0,0,2023,0
"4345",2023-02-21,5,52,0.0961538461538462,0.6,7.8,5,2,0,0,0,2023,0
"4346",2023-02-22,5,58,0.0862068965517241,0.6,6.7,4.4,2,0,0,0,2023,0
"4347",2023-02-23,5,59,0.0847457627118644,-3.2,1.1,0.5,2,0,0,0,2023,0
"4348",2023-02-24,0,33,0,-7.7,3.3,-0.9,2,0,0,0,2023,0
"4349",2023-02-27,2,44,0.0454545454545455,-2.7,-0.5,-1.7,2,0,0,0,2023,0
"4350",2023-02-28,3,45,0.0666666666666667,-1.6,2.2,0.5,2,0,0,0,2023,0
"4351",2023-03-01,7,50,0.14,0.6,5.6,2.4,3,0,0,0,2023,0
"4352",2023-03-02,2,42,0.0476190476190476,2.8,6.7,4.1,3,0,0,0,2023,0
"4353",2023-03-03,2,37,0.0540540540540541,1.1,6.7,3.7,3,0,0,0,2023,0
"4354",2023-03-06,4,62,0.0645161290322581,2.8,8.9,5,3,0,0,0,2023,0
"4355",2023-03-07,4,58,0.0689655172413793,-1.6,4.4,2.6,3,0,0,0,2023,0
"4356",2023-03-08,2,57,0.0350877192982456,-1,8.3,2,3,0,0,0,2023,0
"4357",2023-03-09,5,62,0.0806451612903226,1.1,9.4,4.5,3,0,0,0,2023,0
"4358",2023-03-10,2,48,0.0416666666666667,0,10.6,4.1,3,0,0,0,2023,0
"4359",2023-03-12,0,1,0,0,5.6,2.5,3,0,0,0,2023,0
"4360",2023-03-13,4,53,0.0754716981132075,2.2,5.6,3.7,3,0,0,0,2023,0
"4361",2023-03-14,4,43,0.0930232558139535,0.6,5,3.8,3,0,0,0,2023,0
"4362",2023-03-15,4,48,0.0833333333333333,1.1,6.7,2.8,3,0,0,0,2023,0
"4363",2023-03-16,2,55,0.0363636363636364,1.1,10.6,4.7,3,0,0,0,2023,0
"4364",2023-03-17,4,44,0.0909090909090909,3.3,11.7,7.3,3,0,0,0,2023,0
"4365",2023-03-19,0,1,0,-1,4.4,2.4,3,0,0,0,2023,0
"4366",2023-03-20,4,50,0.08,-2.1,11.1,3.1,3,0,0,0,2023,0
"4367",2023-03-21,3,43,0.0697674418604651,1.1,14.4,7.8,3,0,0,0,2023,0
"4368",2023-03-22,2,61,0.0327868852459016,3.3,10,7.7,3,0,0,0,2023,0
"4369",2023-03-23,2,50,0.04,7.2,16.1,10.6,3,0,0,0,2023,0
"4370",2023-03-24,2,72,0.0277777777777778,3.3,11.7,9.8,3,0,0,0,2023,0
"4371",2023-03-27,0,83,0,3.9,12.8,8.6,3,0,0,0,2023,0
"4372",2023-03-28,5,50,0.1,2.8,7.8,4.8,3,0,0,0,2023,0
"4373",2023-03-29,3,44,0.0681818181818182,0.6,7.2,4.6,3,0,0,0,2023,0
"4374",2023-03-30,2,50,0.04,0,5.6,3.4,3,0,0,0,2023,0
"4375",2023-03-31,2,40,0.05,0,8.9,3.3,3,0,0,0,2023,0
"4376",2023-04-01,1,2,0.5,5,17.2,7.6,4,0,0,0,2023,0
"4377",2023-04-03,5,61,0.0819672131147541,-0.5,11.1,5.1,4,0,0,0,2023,0
"4378",2023-04-04,6,39,0.153846153846154,6.1,12.2,8.8,4,0,0,0,2023,0
"4379",2023-04-05,5,61,0.0819672131147541,3.9,9.4,6.9,4,0,0,0,2023,0
"4380",2023-04-06,5,47,0.106382978723404,3.9,13.3,5.2,4,0,0,0,2023,0
"4381",2023-04-07,8,55,0.145454545454545,3.9,14.4,11.4,4,0,0,0,2023,0
"4382",2023-04-09,0,1,0,1.7,9.4,5.8,4,0,0,0,2023,0
"4383",2023-04-10,2,56,0.0357142857142857,2.2,16.7,8.4,4,0,0,0,2023,0
"4384",2023-04-11,2,58,0.0344827586206897,8.3,24.4,15.1,4,0,0,0,2023,0
"4385",2023-04-12,5,57,0.087719298245614,11.1,22.2,19.3,4,0,0,0,2023,0
"4386",2023-04-13,4,56,0.0714285714285714,9.4,31.1,18.7,4,0,1,0,2023,0
"4387",2023-04-14,8,51,0.156862745098039,9.4,28.3,22.9,4,0,0,0,2023,0
"4388",2023-04-18,1,47,0.0212765957446809,8.9,15.6,11.8,4,0,0,0,2023,0
"4389",2023-04-19,5,50,0.1,6.1,11.1,9.8,4,0,0,0,2023,0
"4390",2023-04-20,3,37,0.0810810810810811,5.6,14.4,8.9,4,0,0,0,2023,0
"4391",2023-04-21,8,43,0.186046511627907,7.2,10.6,8.9,4,0,0,0,2023,0
"4392",2023-04-24,4,38,0.105263157894737,8.3,13.3,10.1,4,0,0,0,2023,0
"4393",2023-04-25,6,45,0.133333333333333,7.8,13.9,10,4,0,0,0,2023,0
"4394",2023-04-26,4,50,0.08,7.8,11.1,9.2,4,0,0,0,2023,0
"4395",2023-04-27,0,45,0,7.2,13.3,9.9,4,0,0,0,2023,0
"4396",2023-04-28,5,32,0.15625,6.7,13.9,10.3,4,0,0,0,2023,0
"4397",2023-05-01,4,39,0.102564102564103,9.4,17.8,14.1,5,0,0,0,2023,0
"4398",2023-05-02,4,49,0.0816326530612245,8.3,16.1,11.2,5,0,0,0,2023,0
"4399",2023-05-03,2,36,0.0555555555555556,7.2,12.8,9.9,5,0,0,0,2023,0
"4400",2023-05-04,1,43,0.0232558139534884,6.7,10,8.2,5,0,0,0,2023,0
"4401",2023-05-05,3,39,0.0769230769230769,7.8,12.8,9.7,5,0,0,0,2023,0
"4402",2023-05-07,0,1,0,14.4,26.1,20.2,5,0,0,0,2023,0
"4403",2023-05-08,2,44,0.0454545454545455,11.1,24.4,20.1,5,0,0,0,2023,0
"4404",2023-05-09,10,47,0.212765957446809,10,13.9,12.8,5,0,0,0,2023,0
"4405",2023-05-10,2,52,0.0384615384615385,8.9,22.8,15.2,5,0,0,0,2023,0
"4406",2023-05-11,1,43,0.0232558139534884,14.4,27.8,20.3,5,0,0,0,2023,0
"4407",2023-05-12,4,35,0.114285714285714,13.9,29.4,21.7,5,0,0,0,2023,0
"4408",2023-05-13,1,5,0.2,15,27.8,22.7,5,0,0,0,2023,0
"4409",2023-05-15,7,55,0.127272727272727,11.1,23.3,16.8,5,0,0,0,2023,0
"4410",2023-05-16,7,51,0.137254901960784,16.1,27.2,20.7,5,0,0,0,2023,0
"4411",2023-05-17,2,55,0.0363636363636364,6.7,16.1,14.7,5,0,0,0,2023,0
"4412",2023-05-18,1,31,0.032258064516129,5.6,17.8,10.4,5,0,0,0,2023,0
"4413",2023-05-19,3,32,0.09375,7.8,20.6,13.7,5,0,0,0,2023,0
"4414",2023-05-20,0,2,0,11.7,18.9,14.8,5,0,0,0,2023,0
"4415",2023-05-22,5,42,0.119047619047619,10,17.8,15.8,5,0,0,0,2023,0
"4416",2023-05-23,6,60,0.1,9.4,15,12.3,5,0,0,0,2023,0
"4417",2023-05-24,0,10,0,8.9,23.3,14.1,5,0,0,0,2023,0
"4418",2023-05-25,4,55,0.0727272727272727,10.6,18.9,13.8,5,0,0,0,2023,0
"4419",2023-05-26,2,37,0.0540540540540541,10.6,17.2,13.9,5,0,0,0,2023,0
"4420",2023-05-28,1,1,1,15,30,22.2,5,0,1,0,2023,0
"4421",2023-05-30,3,43,0.0697674418604651,8.9,16.7,13.3,5,0,0,0,2023,0
"4422",2023-05-31,1,42,0.0238095238095238,9.4,25,15.7,5,0,0,0,2023,0
"4423",2023-06-01,0,21,0,15,28.9,21.4,6,1,0,0,2023,0
"4424",2023-06-02,2,39,0.0512820512820513,13.9,28.3,22.9,6,1,0,0,2023,0
"4425",2023-06-03,0,3,0,8.3,13.9,12.3,6,1,0,0,2023,0
"4426",2023-06-05,2,38,0.0526315789473684,10.6,16.1,12.1,6,1,0,0,2023,0
"4427",2023-06-06,3,44,0.0681818181818182,13.9,23.9,17.9,6,1,0,0,2023,0
"4428",2023-06-07,0,42,0,13.3,18.9,16.3,6,1,0,0,2023,0
"4429",2023-06-08,0,45,0,12.8,18.3,15.4,6,1,0,0,2023,0
"4430",2023-06-09,2,42,0.0476190476190476,11.7,17.2,14.6,6,1,0,0,2023,0
"4431",2023-06-10,0,7,0,12.2,18.3,14.4,6,1,0,0,2023,0
"4432",2023-06-12,2,38,0.0526315789473684,16.7,27.2,20.9,6,1,0,0,2023,0
"4433",2023-06-13,1,34,0.0294117647058824,15.6,21.1,17.9,6,1,0,0,2023,0
"4434",2023-06-14,2,48,0.0416666666666667,15,26.1,18.3,6,1,0,0,2023,0
"4435",2023-06-15,2,50,0.04,15.6,26.7,19.7,6,1,0,0,2023,0
"4436",2023-06-16,3,41,0.0731707317073171,18.9,26.1,22.4,6,1,0,0,2023,0
"4437",2023-06-18,0,3,0,15,19.4,16.3,6,1,0,0,2023,0
"4438",2023-06-19,0,1,0,14.4,18.3,16.8,6,1,0,0,2023,0
"4439",2023-06-20,2,35,0.0571428571428571,13.3,18.3,15.9,6,1,0,0,2023,0
"4440",2023-06-21,2,35,0.0571428571428571,13.9,18.9,16.5,6,1,0,0,2023,0
"4441",2023-06-22,2,49,0.0408163265306122,14.4,18.9,16.6,6,1,0,0,2023,0
"4442",2023-06-23,3,38,0.0789473684210526,15.6,23.3,18.2,6,1,0,0,2023,0
"4443",2023-06-24,0,4,0,20,26.7,22.5,6,1,0,0,2023,0
"4444",2023-06-25,0,2,0,21.7,28.9,24.2,6,1,0,0,2023,0
"4445",2023-06-26,2,33,0.0606060606060606,20.6,28.3,23.2,6,1,0,0,2023,0
"4446",2023-06-27,3,21,0.142857142857143,20.6,26.7,23.2,6,1,0,0,2023,0
"4447",2023-06-28,1,29,0.0344827586206897,20,26.7,22.6,6,1,0,0,2023,0
"4448",2023-06-29,2,35,0.0571428571428571,19.4,26.7,22.3,6,1,0,0,2023,0
"4449",2023-06-30,4,50,0.08,18.9,24.4,21.8,6,1,0,0,2023,0
"4450",2023-07-02,0,1,0,19.4,24.4,20.3,7,1,0,0,2023,0
"4451",2023-07-03,4,34,0.117647058823529,17.8,25.6,20.7,7,1,0,0,2023,0
"4452",2023-07-04,0,6,0,18.9,21.7,20,7,1,0,0,2023,0
"4453",2023-07-05,2,39,0.0512820512820513,20,28.3,23.1,7,1,0,0,2023,0
"4454",2023-07-06,4,21,0.19047619047619,22.2,30.6,25.7,7,1,1,0,2023,0
"4455",2023-07-07,1,32,0.03125,21.1,30.6,25.7,7,1,1,0,2023,0
"4456",2023-07-08,0,1,0,20,25,23.6,7,1,0,0,2023,0
"4457",2023-07-10,3,37,0.0810810810810811,19.4,21.7,20.2,7,1,0,0,2023,0
"4458",2023-07-11,1,24,0.0416666666666667,18.9,30.6,24.1,7,1,1,1,2023,1
"4459",2023-07-12,2,25,0.08,22.2,32.8,27.3,7,1,1,1,2023,0
"4460",2023-07-13,4,43,0.0930232558139535,21.7,31.7,26.4,7,1,1,1,2023,0
"4461",2023-07-14,0,29,0,20.6,27.2,24.1,7,1,0,0,2023,0
"4462",2023-07-17,1,31,0.032258064516129,22.8,32.8,26.4,7,1,1,0,2023,0
"4463",2023-07-18,2,33,0.0606060606060606,22.2,29.4,25.6,7,1,0,0,2023,0
"4464",2023-07-19,1,36,0.0277777777777778,22.8,29.4,26,7,1,0,0,2023,0
"4465",2023-07-20,3,44,0.0681818181818182,21.1,26.1,24.4,7,1,0,0,2023,0
"4466",2023-07-21,0,40,0,18.3,23.3,21.3,7,1,0,0,2023,0
"4467",2023-07-22,0,6,0,17.8,25.6,21.1,7,1,0,0,2023,0
"4468",2023-07-24,0,33,0,20.6,30,25.2,7,1,1,1,2023,0
"4469",2023-07-25,0,29,0,20,30,23.9,7,1,1,1,2023,0
"4470",2023-07-26,2,38,0.0526315789473684,19.4,31.1,24.6,7,1,1,1,2023,0
"4471",2023-07-27,1,49,0.0204081632653061,21.7,32.8,26.3,7,1,1,1,2023,0
"4472",2023-07-28,1,40,0.025,23.9,32.2,26.3,7,1,1,1,2023,0
"4473",2023-07-31,5,40,0.125,16.1,28.3,22.8,7,1,0,0,2023,0
"4474",2023-08-01,3,38,0.0789473684210526,18.3,25.6,21.9,8,1,0,0,2023,0
"4475",2023-08-02,3,26,0.115384615384615,15.6,22.2,19.7,8,1,0,0,2023,0
"4476",2023-08-03,1,43,0.0232558139534884,16.1,26.7,21.1,8,1,0,0,2023,0
"4477",2023-08-04,2,42,0.0476190476190476,18.9,26.7,21.8,8,1,0,0,2023,0
"4478",2023-08-07,5,36,0.138888888888889,18.3,23.9,21.6,8,1,0,0,2023,0
"4479",2023-08-08,2,37,0.0540540540540541,18.9,29.4,22.5,8,1,0,0,2023,0
"4480",2023-08-09,1,28,0.0357142857142857,21.7,29.4,24.9,8,1,0,0,2023,0
"4481",2023-08-10,2,43,0.0465116279069767,21.1,29.4,25,8,1,0,0,2023,0
"4482",2023-08-11,1,26,0.0384615384615385,20,28.9,23.6,8,1,0,0,2023,0
"4483",2023-08-14,1,30,0.0333333333333333,21.1,29.4,25.2,8,1,0,0,2023,0
"4484",2023-08-15,2,37,0.0540540540540541,19.4,24.4,21.4,8,1,0,0,2023,0
"4485",2023-08-16,3,21,0.142857142857143,18.9,21.1,19.8,8,1,0,0,2023,0
"4486",2023-08-17,4,43,0.0930232558139535,17.2,21.7,19.6,8,1,0,0,2023,0
"4487",2023-08-18,1,32,0.03125,19.4,27.2,21.2,8,1,0,0,2023,0
"4488",2023-08-19,0,3,0,15.6,23.3,20.7,8,1,0,0,2023,0
"4489",2023-08-21,2,41,0.048780487804878,20,30,24.8,8,1,1,0,2023,0
"4490",2023-08-22,2,40,0.05,17.2,23.9,21.2,8,1,0,0,2023,0
"4491",2023-08-23,1,37,0.027027027027027,16.7,22.2,19.8,8,1,0,0,2023,0
"4492",2023-08-24,8,33,0.242424242424242,15,25.6,20.2,8,1,0,0,2023,0
"4493",2023-08-25,3,29,0.103448275862069,16.1,22.8,19.4,8,1,0,0,2023,0
"4494",2023-08-28,1,32,0.03125,16.7,21.7,18.8,8,1,0,0,2023,0
"4495",2023-08-29,2,46,0.0434782608695652,17.8,22.2,19.4,8,1,0,0,2023,0
"4496",2023-08-30,5,52,0.0961538461538462,19.4,27.8,21.8,8,1,0,0,2023,0
"4497",2023-08-31,2,33,0.0606060606060606,16.1,22.8,20.1,8,1,0,0,2023,0
"4498",2023-09-01,6,36,0.166666666666667,13.9,21.1,17.9,9,0,0,0,2023,0
"4499",2023-09-05,4,37,0.108108108108108,19.4,28.9,23.4,9,0,0,0,2023,0
"4500",2023-09-06,2,34,0.0588235294117647,23.9,30.6,25.6,9,0,1,1,2023,1
"4501",2023-09-07,1,33,0.0303030303030303,23.9,33.9,27.9,9,0,1,1,2023,0
"4502",2023-09-08,4,50,0.08,21.7,31.1,26.2,9,0,1,1,2023,0
"4503",2023-09-09,0,24,0,20.6,29.4,24.8,9,0,0,0,2023,0
"4504",2023-09-11,4,43,0.0930232558139535,20,22.2,20.8,9,0,0,0,2023,0
"4505",2023-09-12,1,43,0.0232558139534884,19.4,25,21.8,9,0,0,0,2023,0
"4506",2023-09-13,2,48,0.0416666666666667,19.4,24.4,21.7,9,0,0,0,2023,0
"4507",2023-09-14,4,49,0.0816326530612245,17.2,25.6,21.6,9,0,0,0,2023,0
"4508",2023-09-15,2,38,0.0526315789473684,13.9,21.1,18.1,9,0,0,0,2023,0
"4509",2023-09-18,0,36,0,17.2,18.9,18.7,9,0,0,0,2023,0
"4510",2023-09-19,3,48,0.0625,16.1,22.8,19.3,9,0,0,0,2023,0
"4511",2023-09-20,2,41,0.048780487804878,15,23.3,19,9,0,0,0,2023,0
"4512",2023-09-21,5,37,0.135135135135135,13.9,20.6,17.7,9,0,0,0,2023,0
"4513",2023-09-22,1,31,0.032258064516129,13.9,20,17.1,9,0,0,0,2023,0
"4514",2023-09-25,1,44,0.0227272727272727,15,16.7,15.7,9,0,0,0,2023,0
"4515",2023-09-26,2,28,0.0714285714285714,10,15.6,14.7,9,0,0,0,2023,0
"4516",2023-09-27,2,40,0.05,9.4,17.8,13.2,9,0,0,0,2023,0
"4517",2023-09-28,5,34,0.147058823529412,11.1,17.8,14.4,9,0,0,0,2023,0
"4518",2023-09-29,3,43,0.0697674418604651,12.8,16.1,14.3,9,0,0,0,2023,0
"4519",2023-10-02,2,33,0.0606060606060606,13.9,20.6,17.6,10,0,0,0,2023,0
"4520",2023-10-03,4,43,0.0930232558139535,11.7,28.3,19.1,10,0,0,0,2023,0
"4521",2023-10-04,5,41,0.121951219512195,16.1,25,20.9,10,0,0,0,2023,0
"4522",2023-10-05,2,38,0.0526315789473684,15.6,23.9,18.8,10,0,0,0,2023,0
"4523",2023-10-06,1,35,0.0285714285714286,16.7,20,18.3,10,0,0,0,2023,0
"4524",2023-10-08,0,1,0,11.1,18.3,15.2,10,0,0,0,2023,0
"4525",2023-10-10,2,38,0.0526315789473684,9.4,18.3,13.3,10,0,0,0,2023,0
"4526",2023-10-11,0,48,0,10,20.6,14.7,10,0,0,0,2023,0
"4527",2023-10-12,2,52,0.0384615384615385,11.7,21.7,15.8,10,0,0,0,2023,0
"4528",2023-10-13,1,45,0.0222222222222222,8.9,17.2,13.6,10,0,0,0,2023,0
"4529",2023-10-16,1,40,0.025,9.4,15,11.7,10,0,0,0,2023,0
"4530",2023-10-17,3,44,0.0681818181818182,10,15.6,11.9,10,0,0,0,2023,0
"4531",2023-10-18,0,37,0,10,16.7,12.8,10,0,0,0,2023,0
"4532",2023-10-19,2,48,0.0416666666666667,11.1,18.9,14.5,10,0,0,0,2023,0
"4533",2023-10-20,2,36,0.0555555555555556,10,17.8,13.6,10,0,0,0,2023,0
"4534",2023-10-23,1,34,0.0294117647058824,7.8,17.2,11.7,10,0,0,0,2023,0
"4535",2023-10-24,4,51,0.0784313725490196,7.2,16.7,11.4,10,0,0,0,2023,0
"4536",2023-10-25,4,32,0.125,11.7,24.4,15.8,10,0,0,0,2023,0
"4537",2023-10-26,2,43,0.0465116279069767,15,26.7,19.6,10,0,0,0,2023,0
"4538",2023-10-27,2,41,0.048780487804878,16.1,26.1,20.1,10,0,0,0,2023,0
"4539",2023-10-30,2,35,0.0571428571428571,7.2,12.2,10.1,10,0,0,0,2023,0
"4540",2023-10-31,4,52,0.0769230769230769,4.4,10,7.2,10,0,0,0,2023,0
"4541",2023-11-01,3,47,0.0638297872340425,2.2,7.2,6.3,11,0,0,0,2023,0
"4542",2023-11-02,2,60,0.0333333333333333,1.1,8.3,4.2,11,0,0,0,2023,0
"4543",2023-11-03,3,41,0.0731707317073171,2.8,13.3,7.3,11,0,0,0,2023,0
"4544",2023-11-04,0,1,0,8.3,15.6,10.5,11,0,0,0,2023,0
"4545",2023-11-06,3,32,0.09375,6.7,10,8.5,11,0,0,0,2023,0
"4546",2023-11-07,2,33,0.0606060606060606,9.4,18.9,13,11,0,0,0,2023,0
"4547",2023-11-08,3,38,0.0789473684210526,2.8,11.1,7.6,11,0,0,0,2023,0
"4548",2023-11-09,2,47,0.0425531914893617,2.8,7.8,4.4,11,0,0,0,2023,0
"4549",2023-11-10,0,64,0,3.3,11.1,6.9,11,0,0,0,2023,0
"4550",2023-11-13,2,38,0.0526315789473684,-2.1,6.7,1.8,11,0,0,0,2023,0
"4551",2023-11-14,3,53,0.0566037735849057,2.2,9.4,5.2,11,0,0,0,2023,0
"4552",2023-11-15,8,51,0.156862745098039,1.7,10,5.2,11,0,0,0,2023,0
"4553",2023-11-16,2,30,0.0666666666666667,6.1,17.2,10.4,11,0,0,0,2023,0
"4554",2023-11-17,3,50,0.06,5,18.9,11.1,11,0,0,0,2023,0
"4555",2023-11-18,0,3,0,1.7,14.4,11.5,11,0,0,0,2023,0
"4556",2023-11-19,0,1,0,1.7,11.7,5.4,11,0,0,0,2023,0
"4557",2023-11-20,6,48,0.125,-1,4.4,3.6,11,0,0,0,2023,0
"4558",2023-11-21,3,52,0.0576923076923077,-2.7,5.6,1.1,11,0,0,0,2023,0
"4559",2023-11-22,4,49,0.0816326530612245,3.3,11.7,7.2,11,0,0,0,2023,0
"4560",2023-11-24,5,30,0.166666666666667,-1,9.4,7.2,11,0,0,0,2023,0
"4561",2023-11-25,0,1,0,-2.7,2.8,0.1,11,0,0,0,2023,0
"4562",2023-11-27,6,49,0.122448979591837,3.9,12.8,9,11,0,0,0,2023,0
"4563",2023-11-28,3,58,0.0517241379310345,-0.5,4.4,3.3,11,0,0,0,2023,0
"4564",2023-11-29,3,52,0.0576923076923077,-2.1,2.8,0.2,11,0,0,0,2023,0
"4565",2023-11-30,8,49,0.163265306122449,-1,8.3,2.1,11,0,0,0,2023,0
"4566",2023-12-01,5,46,0.108695652173913,5,11.7,7.6,12,0,0,0,2023,0
"4567",2023-12-02,0,3,0,6.1,10,8.8,12,0,0,0,2023,0
"4568",2023-12-04,3,47,0.0638297872340425,3.9,8.9,6.6,12,0,0,0,2023,0
"4569",2023-12-05,6,49,0.122448979591837,-0.5,6.1,3.8,12,0,0,0,2023,0
"4570",2023-12-06,3,56,0.0535714285714286,-3.8,1.7,-0.2,12,0,0,0,2023,0
"4571",2023-12-07,5,51,0.0980392156862745,-6,1.1,-3,12,0,0,0,2023,0
"4572",2023-12-08,7,48,0.145833333333333,-2.7,5.6,1.2,12,0,0,0,2023,0
"4573",2023-12-11,2,47,0.0425531914893617,2.8,17.8,10.5,12,0,0,0,2023,0
"4574",2023-12-12,3,48,0.0625,1.1,6.7,3.6,12,0,0,0,2023,0
"4575",2023-12-13,3,44,0.0681818181818182,0,7.2,4.1,12,0,0,0,2023,0
"4576",2023-12-14,2,40,0.05,-2.1,2.2,0.4,12,0,0,0,2023,0
"4577",2023-12-15,3,31,0.0967741935483871,0,13.3,4.6,12,0,0,0,2023,0
"4578",2023-12-18,3,37,0.0810810810810811,7.2,17.2,13.2,12,0,0,0,2023,0
"4579",2023-12-19,3,38,0.0789473684210526,1.7,8.9,7.1,12,0,0,0,2023,0
"4580",2023-12-20,1,36,0.0277777777777778,-1,6.7,2.6,12,0,0,0,2023,0
"4581",2023-12-21,1,40,0.025,-4.3,2.2,1.1,12,0,0,0,2023,0
"4582",2023-12-22,0,2,0,-6,2.8,-2.6,12,0,0,0,2023,0
"4583",2023-12-26,1,17,0.0588235294117647,2.8,9.4,4.6,12,0,0,0,2023,0
"4584",2023-12-27,2,29,0.0689655172413793,5,11.7,6.8,12,0,0,0,2023,0
"4585",2023-12-28,3,37,0.0810810810810811,5.6,7.2,7.2,12,0,0,0,2023,0
"4586",2023-12-29,5,29,0.172413793103448,4.4,7.8,5.7,12,0,0,0,2023,0
"4587",2024-01-02,8,51,0.156862745098039,-4.3,5,-0.7,1,0,0,0,2024,0
"4588",2024-01-03,6,1842,0.00325732899022801,-0.5,6.1,2.2,1,0,0,0,2024,0
"4589",2024-01-04,5,50,0.1,-4.9,7.2,3.9,1,0,0,0,2024,0
"4590",2024-01-05,0,36,0,-6.6,1.1,-3,1,0,0,0,2024,0
"4591",2024-01-08,3,37,0.0810810810810811,-3.2,2.2,-1.6,1,0,0,0,2024,0
"4592",2024-01-09,3,51,0.0588235294117647,-4.9,6.7,0,1,0,0,0,2024,0
"4593",2024-01-10,5,52,0.0961538461538462,6.7,13.3,8.8,1,0,0,0,2024,0
"4594",2024-01-11,4,51,0.0784313725490196,3.9,7.2,5.9,1,0,0,0,2024,0
"4595",2024-01-12,4,48,0.0833333333333333,2.2,8.3,4.9,1,0,0,0,2024,0
"4596",2024-01-16,4,49,0.0816326530612245,-4.3,1.7,-1.5,1,0,0,0,2024,0
"4597",2024-01-17,3,41,0.0731707317073171,-7.1,-2.7,-4.7,1,0,0,0,2024,0
"4598",2024-01-18,1,44,0.0227272727272727,-7.7,-1.6,-5.4,1,0,0,0,2024,0
"4599",2024-01-19,2,52,0.0384615384615385,-7.1,-1.6,-3.1,1,0,0,0,2024,0
"4600",2024-01-22,1,44,0.0227272727272727,-7.1,3.3,-3.1,1,0,0,0,2024,0
"4601",2024-01-23,2,57,0.0350877192982456,0,4.4,2.8,1,0,0,0,2024,0
"4602",2024-01-24,0,45,0,0,3.9,1.4,1,0,0,0,2024,0
"4603",2024-01-25,1,35,0.0285714285714286,3.9,11.1,6.7,1,0,0,0,2024,0
"4604",2024-01-26,3,49,0.0612244897959184,2.8,5,4.1,1,0,0,0,2024,0
"4605",2024-01-27,0,1,0,1.7,3.9,2.8,1,0,0,0,2024,0
"4606",2024-01-29,3,38,0.0789473684210526,0.6,2.2,1.3,1,0,0,0,2024,0
"4607",2024-01-30,1,56,0.0178571428571429,-3.2,0.6,-0.9,1,0,0,0,2024,0
"4608",2024-01-31,2,46,0.0434782608695652,-2.7,1.7,-1.5,1,0,0,0,2024,0
"4609",2024-02-01,3,55,0.0545454545454545,1.1,5.6,2.7,2,0,0,0,2024,0
"4610",2024-02-02,2,52,0.0384615384615385,1.7,5.6,4.7,2,0,0,0,2024,0
"4611",2024-02-05,3,50,0.06,-3.2,5,0.8,2,0,0,0,2024,0
"4612",2024-02-06,1,49,0.0204081632653061,-1.6,2.8,0.6,2,0,0,0,2024,0
"4613",2024-02-07,1,35,0.0285714285714286,-2.1,4.4,0.8,2,0,0,0,2024,0
"4614",2024-02-08,3,62,0.0483870967741935,-2.1,5.6,1.5,2,0,0,0,2024,0
"4615",2024-02-09,3,47,0.0638297872340425,-1,8.9,2.4,2,0,0,0,2024,0
"4616",2024-02-12,6,52,0.115384615384615,1.1,7.2,4.3,2,0,0,0,2024,0
"4617",2024-02-14,0,48,0,-3.2,1.7,-0.1,2,0,0,0,2024,0
"4618",2024-02-15,3,43,0.0697674418604651,-3.8,3.9,-0.9,2,0,0,0,2024,0
"4619",2024-02-16,4,63,0.0634920634920635,-1.6,3.9,1.2,2,0,0,0,2024,0
"4620",2024-02-20,5,62,0.0806451612903226,-6.6,1.7,-2.4,2,0,0,0,2024,0
"4621",2024-02-21,4,54,0.0740740740740741,-5.5,2.8,-1.2,2,0,0,0,2024,0
"4622",2024-02-22,5,53,0.0943396226415094,-4.3,6.1,0.2,2,0,0,0,2024,0
"4623",2024-02-23,3,52,0.0576923076923077,2.2,6.1,3.3,2,0,0,0,2024,0
"4624",2024-02-26,3,47,0.0638297872340425,-1.6,13.3,3.7,2,0,0,0,2024,0
"4625",2024-02-27,5,47,0.106382978723404,-1,11.1,4.2,2,0,0,0,2024,0
"4626",2024-02-28,4,53,0.0754716981132075,3.9,13.3,11.4,2,0,0,0,2024,0
"4627",2024-02-29,2,31,0.0645161290322581,-3.2,3.9,2.2,2,0,0,0,2024,0
"4628",2024-03-01,4,39,0.102564102564103,-4.9,6.1,-0.9,3,0,0,0,2024,0
"4629",2024-03-04,6,46,0.130434782608696,3.3,11.7,7.9,3,0,0,0,2024,0
"4630",2024-03-05,3,46,0.0652173913043478,3.3,6.1,4.2,3,0,0,0,2024,0
"4631",2024-03-06,5,37,0.135135135135135,5,10.6,6.4,3,0,0,0,2024,0
"4632",2024-03-07,6,56,0.107142857142857,4.4,7.2,6,3,0,0,0,2024,0
"4633",2024-03-08,4,42,0.0952380952380952,1.1,7.2,4.5,3,0,0,0,2024,0
"4634",2024-03-11,0,46,0,0.6,7.2,4.1,3,0,0,0,2024,0
"4635",2024-03-12,4,53,0.0754716981132075,2.8,12.8,6.6,3,0,0,0,2024,0
"4636",2024-03-13,4,46,0.0869565217391304,2.8,8.3,6.4,3,0,0,0,2024,0
"4637",2024-03-14,3,45,0.0666666666666667,3.3,9.4,6.2,3,0,0,0,2024,0
"4638",2024-03-15,2,49,0.0408163265306122,2.8,6.7,5.7,3,0,0,0,2024,0
"4639",2024-03-17,0,2,0,5.6,15,9.1,3,0,0,0,2024,0
"4640",2024-03-18,4,53,0.0754716981132075,2.8,10,7.4,3,0,0,0,2024,0
"4641",2024-03-19,6,47,0.127659574468085,1.1,8.3,4.2,3,0,0,0,2024,0
"4642",2024-03-20,5,51,0.0980392156862745,0.6,12.2,5.7,3,0,0,0,2024,0
"4643",2024-03-21,4,46,0.0869565217391304,-2.1,4.4,1.3,3,0,0,0,2024,0
"4644",2024-03-22,4,63,0.0634920634920635,-3.2,5,-0.1,3,0,0,0,2024,0
"4645",2024-03-25,2,54,0.037037037037037,0.6,5.6,2.8,3,0,0,0,2024,0
"4646",2024-03-26,5,42,0.119047619047619,1.7,3.9,2.7,3,0,0,0,2024,0
"4647",2024-03-27,1,38,0.0263157894736842,3.9,8.9,5.3,3,0,0,0,2024,0
"4648",2024-03-28,1,34,0.0294117647058824,6.1,10.6,7.8,3,0,0,0,2024,0
"4649",2024-03-29,8,54,0.148148148148148,3.3,10.6,7.1,3,0,0,0,2024,0
"4650",2024-04-01,5,89,0.0561797752808989,3.3,10,7,4,0,0,0,2024,0
"4651",2024-04-02,5,50,0.1,4.4,8.9,6.2,4,0,0,0,2024,0
"4652",2024-04-03,1,49,0.0204081632653061,2.8,6.7,4.9,4,0,0,0,2024,0
"4653",2024-04-04,2,40,0.05,1.7,3.9,2.8,4,0,0,0,2024,0
"4654",2024-04-05,3,47,0.0638297872340425,2.2,7.8,4.1,4,0,0,0,2024,0
"4655",2024-04-08,3,53,0.0566037735849057,4.4,19.4,9.7,4,0,0,0,2024,0
"4656",2024-04-09,2,58,0.0344827586206897,5.6,15.6,12.2,4,0,0,0,2024,0
"4657",2024-04-10,2,58,0.0344827586206897,4.4,14.4,8.1,4,0,0,0,2024,0
"4658",2024-04-11,3,49,0.0612244897959184,6.7,13.3,8,4,0,0,0,2024,0
"4659",2024-04-12,0,50,0,9.4,16.7,12.9,4,0,0,0,2024,0
"4660",2024-04-15,0,2,0,6.7,22.8,13.6,4,0,0,0,2024,0
"4661",2024-04-16,2,57,0.0350877192982456,9.4,20,14.7,4,0,0,0,2024,0
"4662",2024-04-17,2,55,0.0363636363636364,5.6,10,9.4,4,0,0,0,2024,0
"4663",2024-04-18,2,46,0.0434782608695652,6.7,8.3,7.8,4,0,0,0,2024,0
"4664",2024-04-19,1,47,0.0212765957446809,6.7,12.2,8.6,4,0,0,0,2024,0
"4665",2024-04-22,2,44,0.0454545454545455,5,14.4,8.7,4,0,0,0,2024,0
"4666",2024-04-23,4,45,0.0888888888888889,3.9,16.7,8.9,4,0,0,0,2024,0
"4667",2024-04-24,1,48,0.0208333333333333,2.8,18.9,10.3,4,0,0,0,2024,0
"4668",2024-04-25,2,53,0.0377358490566038,1.1,10.6,5.7,4,0,0,0,2024,0
"4669",2024-04-26,7,56,0.125,2.8,10.6,7.1,4,0,0,0,2024,0
"4670",2024-04-28,0,1,0,7.2,20,12.4,4,0,0,0,2024,0
"4671",2024-04-29,6,42,0.142857142857143,10,21.7,15.1,4,0,0,0,2024,0
"4672",2024-04-30,4,43,0.0930232558139535,8.3,12.2,10.8,4,0,0,0,2024,0
"4673",2024-05-01,0,52,0,7.2,10,8.5,5,0,0,0,2024,0
"4674",2024-05-02,4,41,0.0975609756097561,8.3,20,11.7,5,0,0,0,2024,0
"4675",2024-05-03,10,62,0.161290322580645,8.3,11.7,9.7,5,0,0,0,2024,0
"4676",2024-05-06,4,33,0.121212121212121,9.4,25,14.6,5,0,0,0,2024,0
"4677",2024-05-07,2,26,0.0769230769230769,13.3,19.4,18.1,5,0,0,0,2024,0
"4678",2024-05-08,1,48,0.0208333333333333,10,15,13.4,5,0,0,0,2024,0
"4679",2024-05-09,6,55,0.109090909090909,9.4,17.8,12.7,5,0,0,0,2024,0
"4680",2024-05-10,3,44,0.0681818181818182,7.2,12.2,10.1,5,0,0,0,2024,0
"4681",2024-05-11,0,2,0,6.1,12.2,9.1,5,0,0,0,2024,0
"4682",2024-05-13,2,51,0.0392156862745098,9.4,17.2,13.4,5,0,0,0,2024,0
"4683",2024-05-14,2,37,0.0540540540540541,10.6,25,16.9,5,0,0,0,2024,0
"4684",2024-05-15,1,45,0.0222222222222222,12.8,21.1,17.7,5,0,0,0,2024,0
"4685",2024-05-16,5,46,0.108695652173913,11.7,15.6,13.6,5,0,0,0,2024,0
"4686",2024-05-17,3,42,0.0714285714285714,11.1,18.3,14.1,5,0,0,0,2024,0
"4687",2024-05-19,0,1,0,10.6,13.9,12.1,5,0,0,0,2024,0
"4688",2024-05-20,2,51,0.0392156862745098,11.1,15.6,12.7,5,0,0,0,2024,0
"4689",2024-05-21,5,52,0.0961538461538462,11.7,28.9,17.7,5,0,0,0,2024,0
"4690",2024-05-22,0,20,0,16.1,31.7,23.2,5,0,1,0,2024,0
"4691",2024-05-23,3,52,0.0576923076923077,18.3,25.6,21.6,5,0,0,0,2024,0
"4692",2024-05-24,2,40,0.05,15.6,29.4,23.8,5,0,0,0,2024,0
"4693",2024-05-28,2,40,0.05,18.9,28.9,22.6,5,0,0,0,2024,0
"4694",2024-05-29,0,45,0,15.6,25,20.4,5,0,0,0,2024,0
"4695",2024-05-30,2,42,0.0476190476190476,11.1,15.6,14.6,5,0,0,0,2024,0
"4696",2024-05-31,7,65,0.107692307692308,12.2,25,17.6,5,0,0,0,2024,0
"4697",2024-06-01,0,2,0,13.3,27.8,20.6,6,1,0,0,2024,0
"4698",2024-06-03,3,36,0.0833333333333333,15,24.4,21.1,6,1,0,0,2024,0
"4699",2024-06-04,0,39,0,13.9,19.4,16.7,6,1,0,0,2024,0
"4700",2024-06-05,2,19,0.105263157894737,15,30,20.9,6,1,1,0,2024,0
"4701",2024-06-06,1,45,0.0222222222222222,16.1,22.8,20.4,6,1,0,0,2024,0
"4702",2024-06-07,3,57,0.0526315789473684,16.7,21.1,18.2,6,1,0,0,2024,0
"4703",2024-06-08,0,8,0,15.6,23.9,19.7,6,1,0,0,2024,0
"4704",2024-06-10,3,32,0.09375,14.4,25.6,19.7,6,1,0,0,2024,0
"4705",2024-06-11,2,49,0.0408163265306122,15,21.7,18.3,6,1,0,0,2024,0
"4706",2024-06-12,7,52,0.134615384615385,15,23.3,19.3,6,1,0,0,2024,0
"4707",2024-06-13,1,37,0.027027027027027,16.1,28.3,22,6,1,0,0,2024,0
"4708",2024-06-14,3,47,0.0638297872340425,18.9,30,22.3,6,1,1,0,2024,0
"4709",2024-06-17,4,57,0.0701754385964912,15,27.2,20.3,6,1,0,0,2024,0
"4710",2024-06-18,2,35,0.0571428571428571,19.4,33.3,25,6,1,1,1,2024,1
"4711",2024-06-19,0,3,0,21.1,36.7,27.6,6,1,1,1,2024,0
"4712",2024-06-20,2,43,0.0465116279069767,20.6,36.1,28.9,6,1,1,1,2024,0
"4713",2024-06-21,4,46,0.0869565217391304,17.2,27.8,23.7,6,1,0,0,2024,0
"4714",2024-06-22,0,1,0,17.2,20.6,18.4,6,1,0,0,2024,0
"4715",2024-06-24,1,44,0.0227272727272727,18.3,27.8,25.2,6,1,0,0,2024,0
"4716",2024-06-25,2,29,0.0689655172413793,18.3,31.7,24.3,6,1,1,0,2024,0
"4717",2024-06-26,1,20,0.05,18.9,32.2,26.9,6,1,1,0,2024,0
"4718",2024-06-27,5,37,0.135135135135135,18.3,29.4,23.3,6,1,0,0,2024,0
"4719",2024-06-28,1,39,0.0256410256410256,15,22.8,19.6,6,1,0,0,2024,0
"4720",2024-06-29,0,3,0,16.7,23.3,19.2,6,1,0,0,2024,0
"4721",2024-06-30,0,2,0,22.8,30.6,25.2,6,1,1,0,2024,0
"4722",2024-07-01,3,35,0.0857142857142857,17.8,24.4,22.4,7,1,0,0,2024,0
"4723",2024-07-02,2,22,0.0909090909090909,18.3,25.6,22.1,7,1,0,0,2024,0
"4724",2024-07-03,0,23,0,18.9,27.2,22.8,7,1,0,0,2024,0
"4725",2024-07-04,0,2,0,18.3,29.4,23.1,7,1,0,0,2024,0
"4726",2024-07-05,3,30,0.1,21.1,28.9,23.6,7,1,0,0,2024,0
"4727",2024-07-06,0,1,0,22.2,27.2,24.4,7,1,0,0,2024,0
"4728",2024-07-08,6,51,0.117647058823529,19.4,28.3,24.7,7,1,0,0,2024,0
"4729",2024-07-09,3,35,0.0857142857142857,21.7,31.7,26.9,7,1,1,1,2024,1
"4730",2024-07-10,2,30,0.0666666666666667,23.3,31.7,27.1,7,1,1,1,2024,0
"4731",2024-07-11,5,39,0.128205128205128,23.3,32.2,26.7,7,1,1,1,2024,0
"4732",2024-07-12,2,29,0.0689655172413793,21.1,31.1,26.2,7,1,1,1,2024,0
"4733",2024-07-13,0,2,0,23.3,28.3,25.3,7,1,0,0,2024,0
"4734",2024-07-15,2,20,0.1,21.7,35,27.4,7,1,1,1,2024,1
"4735",2024-07-16,1,21,0.0476190476190476,23.3,35,28,7,1,1,1,2024,0
"4736",2024-07-17,1,41,0.024390243902439,23.3,32.2,28.1,7,1,1,1,2024,0
"4737",2024-07-18,5,36,0.138888888888889,21.7,31.7,26.4,7,1,1,1,2024,0
"4738",2024-07-19,5,18,0.277777777777778,19.4,25.6,23.2,7,1,0,0,2024,0
"4739",2024-07-20,0,2,0,18.3,30.6,24.8,7,1,1,0,2024,0
"4740",2024-07-22,3,47,0.0638297872340425,17.2,27.2,21.3,7,1,0,0,2024,0
"4741",2024-07-23,2,38,0.0526315789473684,18.3,23.9,22,7,1,0,0,2024,0
"4742",2024-07-24,4,40,0.1,17.8,20.6,19.2,7,1,0,0,2024,0
"4743",2024-07-25,4,51,0.0784313725490196,16.7,28.3,21.2,7,1,0,0,2024,0
"4744",2024-07-26,2,34,0.0588235294117647,18.9,30,23.9,7,1,1,0,2024,0
"4745",2024-07-27,0,2,0,18.3,28.3,23.7,7,1,0,0,2024,0
"4746",2024-07-29,6,34,0.176470588235294,18.3,23.9,20.5,7,1,0,0,2024,0
"4747",2024-07-30,3,47,0.0638297872340425,18.3,32.2,24.9,7,1,1,1,2024,1
"4748",2024-07-31,1,35,0.0285714285714286,20.6,30,24.7,7,1,1,1,2024,0
"4749",2024-08-01,5,47,0.106382978723404,23.3,35,27.9,8,1,1,1,2024,0
"4750",2024-08-02,3,47,0.0638297872340425,22.2,31.1,27.7,8,1,1,1,2024,0
"4751",2024-08-03,1,1,1,23.3,33.3,26.8,8,1,1,1,2024,0
"4752",2024-08-05,4,39,0.102564102564103,22.2,30.6,24.6,8,1,1,1,2024,0
"4753",2024-08-06,4,53,0.0754716981132075,16.7,25.6,22.3,8,1,0,0,2024,0
"4754",2024-08-07,2,52,0.0384615384615385,15,20.6,17.8,8,1,0,0,2024,0
"4755",2024-08-08,7,37,0.189189189189189,15.6,21.7,18.5,8,1,0,0,2024,0
"4756",2024-08-09,2,45,0.0444444444444444,17.8,29.4,21.1,8,1,0,0,2024,0
"4757",2024-08-12,2,36,0.0555555555555556,18.3,26.1,22.2,8,1,0,0,2024,0
"4758",2024-08-13,1,45,0.0222222222222222,17.8,27.8,22.1,8,1,0,0,2024,0
"4759",2024-08-14,8,54,0.148148148148148,18.9,26.1,22.7,8,1,0,0,2024,0
"4760",2024-08-15,2,63,0.0317460317460317,18.3,25.6,21.5,8,1,0,0,2024,0
"4761",2024-08-16,1,62,0.0161290322580645,17.8,22.2,19.8,8,1,0,0,2024,0
"4762",2024-08-19,2,38,0.0526315789473684,18.3,23.9,20.4,8,1,0,0,2024,0
"4763",2024-08-20,2,46,0.0434782608695652,15.6,21.1,19.2,8,1,0,0,2024,0
"4764",2024-08-21,6,53,0.113207547169811,14.4,24.4,18.5,8,1,0,0,2024,0
"4765",2024-08-22,9,55,0.163636363636364,14.4,24.4,18.8,8,1,0,0,2024,0
"4766",2024-08-23,4,58,0.0689655172413793,15.6,28.3,21.8,8,1,0,0,2024,0
"4767",2024-08-26,6,54,0.111111111111111,18.3,25,21.1,8,1,0,0,2024,0
"4768",2024-08-27,4,50,0.08,17.2,23.3,20.7,8,1,0,0,2024,0
"4769",2024-08-28,4,40,0.1,18.3,32.8,25.3,8,1,1,0,2024,0
"4770",2024-08-29,6,53,0.113207547169811,16.7,20.6,19.6,8,1,0,0,2024,0
"4771",2024-08-30,2,31,0.0645161290322581,14.4,21.1,17.9,8,1,0,0,2024,0
"4772",2024-09-03,11,47,0.234042553191489,13.3,23.9,18.6,9,0,0,0,2024,0
"4773",2024-09-04,4,46,0.0869565217391304,15,25,20.3,9,0,0,0,2024,0
"4774",2024-09-05,4,49,0.0816326530612245,15.6,22.8,19.2,9,0,0,0,2024,0
"4775",2024-09-06,4,53,0.0754716981132075,16.7,22.2,18.9,9,0,0,0,2024,0
"4776",2024-09-09,7,50,0.14,13.3,24.4,18.4,9,0,0,0,2024,0
"4777",2024-09-10,9,46,0.195652173913043,16.1,26.1,20.7,9,0,0,0,2024,0
"4778",2024-09-11,11,49,0.224489795918367,14.4,22.8,19.3,9,0,0,0,2024,0
"4779",2024-09-12,5,47,0.106382978723404,14.4,27.2,20,9,0,0,0,2024,0
"4780",2024-09-13,7,41,0.170731707317073,16.7,28.3,21.2,9,0,0,0,2024,0
"4781",2024-09-14,0,1,0,17.2,24.4,20.8,9,0,0,0,2024,0
"4782",2024-09-16,4,41,0.0975609756097561,13.3,24.4,18.8,9,0,0,0,2024,0
"4783",2024-09-17,6,48,0.125,13.9,25,19.2,9,0,0,0,2024,0
"4784",2024-09-18,5,37,0.135135135135135,15.6,22.2,18.4,9,0,0,0,2024,0
"4785",2024-09-19,6,47,0.127659574468085,16.7,23.9,19,9,0,0,0,2024,0
"4786",2024-09-20,4,44,0.0909090909090909,15,18.3,17.8,9,0,0,0,2024,0
"4787",2024-09-21,0,22,0,13.9,15.6,15.2,9,0,0,0,2024,0
"4788",2024-09-23,2,29,0.0689655172413793,12.8,18.3,15.4,9,0,0,0,2024,0
"4789",2024-09-24,5,42,0.119047619047619,11.7,18.9,15.3,9,0,0,0,2024,0
"4790",2024-09-25,1,41,0.024390243902439,15.6,17.8,16.4,9,0,0,0,2024,0
"4791",2024-09-26,2,39,0.0512820512820513,15.6,21.1,17.1,9,0,0,0,2024,0
"4792",2024-09-27,3,43,0.0697674418604651,16.7,26.7,19.7,9,0,0,0,2024,0
"4793",2024-09-28,0,1,0,15,20,17.4,9,0,0,0,2024,0
"4794",2024-09-30,2,31,0.0645161290322581,12.2,20,16.1,9,0,0,0,2024,0
"4795",2024-10-01,2,59,0.0338983050847458,13.9,18.9,16.4,10,0,0,0,2024,0
"4796",2024-10-02,2,67,0.0298507462686567,12.8,18.9,15.8,10,0,0,0,2024,0
"4797",2024-10-03,3,49,0.0612244897959184,11.7,20.6,16.2,10,0,0,0,2024,0
"4798",2024-10-04,3,50,0.06,13.3,22.8,17.1,10,0,0,0,2024,0
"4799",2024-10-07,3,40,0.075,11.7,16.1,13.9,10,0,0,0,2024,0
"4800",2024-10-08,1,54,0.0185185185185185,10.6,18.9,14.4,10,0,0,0,2024,0
"4801",2024-10-09,3,52,0.0576923076923077,10,18.3,14,10,0,0,0,2024,0
"4802",2024-10-10,3,71,0.0422535211267606,8.3,15.6,11.9,10,0,0,0,2024,0
"4803",2024-10-11,2,47,0.0425531914893617,8.3,21.1,13.2,10,0,0,0,2024,0
"4804",2024-10-12,0,2,0,10,22.2,17.3,10,0,0,0,2024,0
"4805",2024-10-15,3,68,0.0441176470588235,5.6,12.8,9,10,0,0,0,2024,0
"4806",2024-10-16,4,58,0.0689655172413793,6.7,13.9,9.6,10,0,0,0,2024,0
"4807",2024-10-17,5,49,0.102040816326531,4.4,12.8,8.4,10,0,0,0,2024,0
"4808",2024-10-18,2,61,0.0327868852459016,6.1,15.6,10.3,10,0,0,0,2024,0
"4809",2024-10-19,0,4,0,5.6,19.4,12.6,10,0,0,0,2024,0
"4810",2024-10-20,0,1,0,7.2,25,15.4,10,0,0,0,2024,0
"4811",2024-10-21,3,42,0.0714285714285714,11.1,28.3,18.8,10,0,0,0,2024,0
"4812",2024-10-22,4,51,0.0784313725490196,12.8,22.2,18.3,10,0,0,0,2024,0
"4813",2024-10-23,4,40,0.1,10.6,25.6,16.8,10,0,0,0,2024,0
"4814",2024-10-24,5,61,0.0819672131147541,10.6,22.2,17.7,10,0,0,0,2024,0
"4815",2024-10-25,1,42,0.0238095238095238,7.2,13.3,11.3,10,0,0,0,2024,0
"4816",2024-10-28,3,46,0.0652173913043478,3.3,9.4,7.2,10,0,0,0,2024,0
"4817",2024-10-29,1,45,0.0222222222222222,2.2,13.3,8.1,10,0,0,0,2024,0
"4818",2024-10-30,0,31,0,10,18.9,12.8,10,0,0,0,2024,0
"4819",2024-10-31,1,1109,0.000901713255184851,13.3,25.6,18.7,10,0,0,0,2024,0
"4820",2024-11-01,1,42,0.0238095238095238,12.8,26.1,20.4,11,0,0,0,2024,0
"4821",2024-11-02,0,6,0,4.4,13.3,12,11,0,0,0,2024,0
"4822",2024-11-04,1,34,0.0294117647058824,1.7,10,6,11,0,0,0,2024,0
"4823",2024-11-05,1,40,0.025,9.4,23.9,14.8,11,0,0,0,2024,0
"4824",2024-11-06,3,51,0.0588235294117647,16.1,27.8,20.9,11,0,0,0,2024,0
"4825",2024-11-07,2,87,0.0229885057471264,11.1,22.2,19.7,11,0,0,0,2024,0
"4826",2024-11-08,3,42,0.0714285714285714,7.2,18.3,12.9,11,0,0,0,2024,0
"4827",2024-11-09,0,2,0,4.4,11.1,8.8,11,0,0,0,2024,0
"4828",2024-11-10,0,1,0,2.2,14.4,7.9,11,0,0,0,2024,0
"4829",2024-11-12,4,56,0.0714285714285714,2.8,14.4,11.7,11,0,0,0,2024,0
"4830",2024-11-13,2,46,0.0434782608695652,0,7.8,3.7,11,0,0,0,2024,0
"4831",2024-11-14,6,55,0.109090909090909,-0.5,6.7,3.3,11,0,0,0,2024,0
"4832",2024-11-15,2,32,0.0625,1.1,15.6,6.5,11,0,0,0,2024,0
"4833",2024-11-17,0,1,0,7.8,17.8,11.7,11,0,0,0,2024,0
"4834",2024-11-18,1,39,0.0256410256410256,6.1,16.1,11.6,11,0,0,0,2024,0
"4835",2024-11-19,1,47,0.0212765957446809,7.2,13.9,10.6,11,0,0,0,2024,0
"4836",2024-11-20,3,58,0.0517241379310345,5,11.1,7.8,11,0,0,0,2024,0
"4837",2024-11-21,2,51,0.0392156862745098,7.2,8.9,8.3,11,0,0,0,2024,0
"4838",2024-11-22,2,52,0.0384615384615385,6.1,11.7,8.7,11,0,0,0,2024,0
"4839",2024-11-23,0,10,0,5.6,8.3,7.1,11,0,0,0,2024,0
"4840",2024-11-25,3,55,0.0545454545454545,2.8,11.1,6.4,11,0,0,0,2024,0
"4841",2024-11-26,3,56,0.0535714285714286,1.1,8.9,5.8,11,0,0,0,2024,0
"4842",2024-11-27,1,6,0.166666666666667,3.3,10,6.5,11,0,0,0,2024,0
"4843",2024-11-29,0,32,0,2.2,7.8,5,11,0,0,0,2024,0
"4844",2024-11-30,0,1,0,0,5,2.7,11,0,0,0,2024,0
"4845",2024-12-02,1,49,0.0204081632653061,-3.2,3.9,0.2,12,0,0,0,2024,0
"4846",2024-12-03,3,49,0.0612244897959184,-2.1,3.9,0.2,12,0,0,0,2024,0
"4847",2024-12-04,2,42,0.0476190476190476,-2.1,4.4,0.8,12,0,0,0,2024,0
"4848",2024-12-05,1,44,0.0227272727272727,0.6,5,2.7,12,0,0,0,2024,0
"4849",2024-12-06,1,48,0.0208333333333333,-2.7,1.7,0.5,12,0,0,0,2024,0
"4850",2024-12-09,2,46,0.0434782608695652,1.7,7.8,6.1,12,0,0,0,2024,0
"4851",2024-12-10,1,42,0.0238095238095238,-0.5,6.7,2.7,12,0,0,0,2024,0
"4852",2024-12-11,3,45,0.0666666666666667,2.8,16.7,6.9,12,0,0,0,2024,0
"4853",2024-12-12,2,22,0.0909090909090909,-1.6,13.3,7.2,12,0,0,0,2024,0
"4854",2024-12-13,1,27,0.037037037037037,-3.8,0.6,-0.8,12,0,0,0,2024,0
"4855",2024-12-16,1,47,0.0212765957446809,0,7.2,2.8,12,0,0,0,2024,0
"4856",2024-12-17,5,48,0.104166666666667,7.2,15.6,11,12,0,0,0,2024,0
"4857",2024-12-18,1,56,0.0178571428571429,3.3,10,7.6,12,0,0,0,2024,0
"4858",2024-12-19,0,51,0,0,7.2,5.3,12,0,0,0,2024,0
"4859",2024-12-20,3,45,0.0666666666666667,-3.2,2.8,0.4,12,0,0,0,2024,0
"4860",2024-12-22,0,1,0,-11.6,-7.1,-9,12,0,0,0,2024,0
"4861",2024-12-23,1,45,0.0222222222222222,-12.1,-3.2,-8.9,12,0,0,0,2024,0
"4862",2024-12-24,0,3,0,-4.3,1.7,-2.3,12,0,0,0,2024,0
"4863",2024-12-25,0,1,0,-4.3,0.6,-2.3,12,0,0,0,2024,0
"4864",2024-12-26,0,29,0,-2.7,2.8,-0.4,12,0,0,0,2024,0
"4865",2024-12-27,2,43,0.0465116279069767,-4.3,4.4,-0.4,12,0,0,0,2024,0
"4866",2024-12-30,3,40,0.075,6.7,14.4,11.4,12,0,0,0,2024,0
"4867",2024-12-31,0,9,0,3.3,11.1,7.3,12,0,0,0,2024,0
"4868",2025-01-02,3,41,0.0731707317073171,1.1,6.7,4.4,1,0,0,0,2025,0
"4869",2025-01-03,4,41,0.0975609756097561,-1,3.9,1.8,1,0,0,0,2025,0
"4870",2025-01-06,8,56,0.142857142857143,-8.2,-3.8,-5.4,1,0,0,0,2025,0
"4871",2025-01-07,3,38,0.0789473684210526,-8.8,-2.7,-6.3,1,0,0,0,2025,0
"4872",2025-01-08,2,57,0.0350877192982456,-8.2,-1,-4.2,1,0,0,0,2025,0
"4873",2025-01-09,3,54,0.0555555555555556,-8.2,-2.1,-5.9,1,0,0,0,2025,0
"4874",2025-01-10,2,34,0.0588235294117647,-4.3,6.1,-1.2,1,0,0,0,2025,0
"4875",2025-01-11,0,2,0,-3.2,0.6,-0.7,1,0,0,0,2025,0
"4876",2025-01-13,7,48,0.145833333333333,-2.1,3.9,1.1,1,0,0,0,2025,0
"4877",2025-01-14,1,45,0.0222222222222222,-4.3,1.1,-0.1,1,0,0,0,2025,0
"4878",2025-01-15,5,63,0.0793650793650794,-5.5,-0.5,-3.6,1,0,0,0,2025,0
"4879",2025-01-16,3,58,0.0517241379310345,-6,-0.5,-3.9,1,0,0,0,2025,0
"4880",2025-01-17,2,53,0.0377358490566038,-5.5,3.3,-2.2,1,0,0,0,2025,0
"4881",2025-01-21,3,59,0.0508474576271186,-10.5,-7.1,-8.2,1,0,0,0,2025,0
"4882",2025-01-22,4,59,0.0677966101694915,-12.1,-5.5,-9,1,0,0,0,2025,0
"4883",2025-01-23,6,57,0.105263157894737,-8.8,-1,-5.9,1,0,0,0,2025,0
"4884",2025-01-24,1,43,0.0232558139534884,-6.6,0.6,-3.5,1,0,0,0,2025,0
"4885",2025-01-27,1,46,0.0217391304347826,-3.2,4.4,0.2,1,0,0,0,2025,0
"4886",2025-01-28,1,45,0.0222222222222222,-3.2,3.9,1.4,1,0,0,0,2025,0
"4887",2025-01-29,2,44,0.0454545454545455,-5.5,8.9,-0.2,1,0,0,0,2025,0
"4888",2025-01-30,1,53,0.0188679245283019,-6.6,-1.6,-3.3,1,0,0,0,2025,0
"4889",2025-01-31,2,52,0.0384615384615385,-3.2,6.1,0.7,1,0,0,0,2025,0
"4890",2025-02-02,0,2,0,-12.7,-1.6,-8.3,2,0,0,0,2025,0
"4891",2025-02-03,3,47,0.0638297872340425,-1.6,6.1,0.6,2,0,0,0,2025,0
"4892",2025-02-04,0,55,0,-4.9,6.7,4.1,2,0,0,0,2025,0
"4893",2025-02-05,4,41,0.0975609756097561,-7.7,-2.1,-4.7,2,0,0,0,2025,0
"4894",2025-02-06,3,36,0.0833333333333333,-7.1,1.1,-3.5,2,0,0,0,2025,0
"4895",2025-02-07,1,40,0.025,-2.7,4.4,1.7,2,0,0,0,2025,0
"4896",2025-02-10,6,36,0.166666666666667,-5.5,2.2,-1,2,0,0,0,2025,0
"4897",2025-02-11,2,33,0.0606060606060606,-7.1,0,-3.3,2,0,0,0,2025,0
"4898",2025-02-12,1,34,0.0294117647058824,-4.3,0.6,-1.3,2,0,0,0,2025,0
"4899",2025-02-13,0,29,0,0,4.4,1.8,2,0,0,0,2025,0
"4900",2025-02-14,3,51,0.0588235294117647,-3.8,1.1,0.3,2,0,0,0,2025,0
"4901",2025-02-15,0,3,0,-5.5,-1,-3.2,2,0,0,0,2025,0
"4902",2025-02-16,0,2,0,-3.2,2.8,-0.5,2,0,0,0,2025,0
"4903",2025-02-17,0,2,0,-6.6,0,-1.9,2,0,0,0,2025,0
"4904",2025-02-18,5,46,0.108695652173913,-7.7,-3.2,-5.8,2,0,0,0,2025,0
"4905",2025-02-19,0,61,0,-8.8,-0.5,-5.5,2,0,0,0,2025,0
"4906",2025-02-20,4,51,0.0784313725490196,-8.2,-1,-4.6,2,0,0,0,2025,0
"4907",2025-02-21,3,53,0.0566037735849057,-5.5,1.1,-2.6,2,0,0,0,2025,0
"4908",2025-02-24,3,46,0.0652173913043478,-1.6,6.1,2.3,2,0,0,0,2025,0
"4909",2025-02-25,7,63,0.111111111111111,3.3,11.7,5.7,2,0,0,0,2025,0
"4910",2025-02-26,2,60,0.0333333333333333,4.4,11.7,7.7,2,0,0,0,2025,0
"4911",2025-02-27,4,46,0.0869565217391304,2.2,10.6,5.7,2,0,0,0,2025,0
"4912",2025-02-28,3,57,0.0526315789473684,2.2,8.3,6.7,2,0,0,0,2025,0
"4913",2025-03-02,0,1,0,-8.2,-1,-3.8,3,0,0,0,2025,0
"4914",2025-03-03,2,41,0.048780487804878,-11,0.6,-5.9,3,0,0,0,2025,0
"4915",2025-03-04,6,61,0.0983606557377049,-2.1,10.6,2.2,3,0,0,0,2025,0
"4916",2025-03-05,6,54,0.111111111111111,5.6,13.3,8.7,3,0,0,0,2025,0
"4917",2025-03-06,2,32,0.0625,2.2,13.3,11.4,3,0,0,0,2025,0
"4918",2025-03-07,4,59,0.0677966101694915,-1.6,6.1,3.1,3,0,0,0,2025,0
"4919",2025-03-10,3,41,0.0731707317073171,0.6,16.7,7.9,3,0,0,0,2025,0
"4920",2025-03-11,2,49,0.0408163265306122,1.1,16.7,8.6,3,0,0,0,2025,0
"4921",2025-03-12,4,49,0.0816326530612245,0.6,10,7.2,3,0,0,0,2025,0
"4922",2025-03-13,1,36,0.0277777777777778,1.1,6.7,3.5,3,0,0,0,2025,0
"4923",2025-03-14,4,46,0.0869565217391304,1.7,7.8,4.2,3,0,0,0,2025,0
"4924",2025-03-17,1,33,0.0303030303030303,5,16.1,13.9,3,0,0,0,2025,0
"4925",2025-03-18,3,28,0.107142857142857,3.3,9.4,5.9,3,0,0,0,2025,0
"4926",2025-03-19,9,53,0.169811320754717,2.2,7.2,4.7,3,0,0,0,2025,0
"4927",2025-03-20,4,49,0.0816326530612245,3.3,10.6,5.1,3,0,0,0,2025,0
"4928",2025-03-21,9,52,0.173076923076923,4.4,8.3,7,3,0,0,0,2025,0
"4929",2025-03-23,0,3,0,-1.6,7.8,3.8,3,0,0,0,2025,0
"4930",2025-03-24,1,46,0.0217391304347826,1.1,5.6,3.4,3,0,0,0,2025,0
"4931",2025-03-25,4,42,0.0952380952380952,2.2,12.2,6.6,3,0,0,0,2025,0
"4932",2025-03-26,5,52,0.0961538461538462,3.3,9.4,6.3,3,0,0,0,2025,0
"4933",2025-03-27,3,52,0.0576923076923077,0.6,10.6,5.2,3,0,0,0,2025,0
"4934",2025-03-28,4,48,0.0833333333333333,2.8,15.6,8.6,3,0,0,0,2025,0
"4935",2025-03-31,2,43,0.0465116279069767,4.4,16.7,8.8,3,0,0,0,2025,0
"4936",2025-04-01,7,82,0.0853658536585366,2.2,15,11.3,4,0,0,0,2025,0
"4937",2025-04-02,3,30,0.1,-0.5,3.9,2.6,4,0,0,0,2025,0
"4938",2025-04-03,6,49,0.122448979591837,2.2,18.3,7.8,4,0,0,0,2025,0
"4939",2025-04-04,6,73,0.0821917808219178,8.9,20.6,16.4,4,0,0,0,2025,0
"4940",2025-04-07,3,55,0.0545454545454545,2.8,8.9,5.9,4,0,0,0,2025,0
"4941",2025-04-08,4,50,0.08,-1,5.6,3.4,4,0,0,0,2025,0
"4942",2025-04-09,5,45,0.111111111111111,-2.1,8.3,1.6,4,0,0,0,2025,0
"4943",2025-04-10,2,56,0.0357142857142857,1.1,7.2,4.3,4,0,0,0,2025,0
"4944",2025-04-11,0,35,0,1.7,6.1,4.6,4,0,0,0,2025,0
"4945",2025-04-13,0,1,0,3.3,7.2,4.3,4,0,0,0,2025,0
"4946",2025-04-14,6,58,0.103448275862069,5,20,10.8,4,0,0,0,2025,0
"4947",2025-04-15,4,61,0.0655737704918033,8.9,19.4,12.7,4,0,0,0,2025,0
"4948",2025-04-16,6,63,0.0952380952380952,5,11.1,8.7,4,0,0,0,2025,0
"4949",2025-04-17,6,52,0.115384615384615,5,15.6,9,4,0,0,0,2025,0
"4950",2025-04-18,5,64,0.078125,5,19.4,12.3,4,0,0,0,2025,0
"4951",2025-04-19,0,4,0,13.3,28.3,18.7,4,0,0,0,2025,0
"4952",2025-04-22,6,55,0.109090909090909,7.8,14.4,10.1,4,0,0,0,2025,0
"4953",2025-04-23,3,52,0.0576923076923077,6.7,22.8,13.3,4,0,0,0,2025,0
"4954",2025-04-24,6,57,0.105263157894737,8.3,21.1,13.2,4,0,0,0,2025,0
"4955",2025-04-25,6,57,0.105263157894737,10.6,20.6,14.9,4,0,0,0,2025,0
"4956",2025-04-26,0,1,0,11.7,17.8,14.9,4,0,0,0,2025,0
"4957",2025-04-27,0,3,0,7.8,13.9,11.6,4,0,0,0,2025,0
"4958",2025-04-28,3,36,0.0833333333333333,9.4,22.2,14.4,4,0,0,0,2025,0
"4959",2025-04-29,5,48,0.104166666666667,11.1,26.1,18.2,4,0,0,0,2025,0
"4960",2025-04-30,4,53,0.0754716981132075,12.2,22.2,19.3,4,0,0,0,2025,0
"4961",2025-05-01,6,44,0.136363636363636,7.8,16.1,12.1,5,0,0,0,2025,0
"4962",2025-05-02,4,52,0.0769230769230769,9.4,21.7,13.8,5,0,0,0,2025,0
"4963",2025-05-05,4,46,0.0869565217391304,9.4,12.2,10.9,5,0,0,0,2025,0
"4964",2025-05-06,3,39,0.0769230769230769,9.4,16.1,11.2,5,0,0,0,2025,0
"4965",2025-05-07,6,58,0.103448275862069,12.8,22.8,16.8,5,0,0,0,2025,0
"4966",2025-05-08,4,52,0.0769230769230769,12.2,21.1,16.7,5,0,0,0,2025,0
"4967",2025-05-09,8,55,0.145454545454545,8.9,13.3,10.7,5,0,0,0,2025,0
"4968",2025-05-10,0,1,0,8.3,17.8,10.9,5,0,0,0,2025,0
"4969",2025-05-12,4,44,0.0909090909090909,7.8,23.9,16,5,0,0,0,2025,0
"4970",2025-05-13,7,55,0.127272727272727,11.1,17.2,15.3,5,0,0,0,2025,0
"4971",2025-05-14,5,50,0.1,10,16.7,13.1,5,0,0,0,2025,0
"4972",2025-05-15,8,48,0.166666666666667,12.8,20,14.7,5,0,0,0,2025,0
"4973",2025-05-16,3,46,0.0652173913043478,17.2,26.1,19.6,5,0,0,0,2025,0
"4974",2025-05-17,0,11,0,16.1,24.4,19.3,5,0,0,0,2025,0
"4975",2025-05-18,0,3,0,15,21.1,18.7,5,0,0,0,2025,0
"4976",2025-05-19,5,52,0.0961538461538462,10,17.8,14.9,5,0,0,0,2025,0
"4977",2025-05-20,4,45,0.0888888888888889,9.4,13.9,11.2,5,0,0,0,2025,0
"4978",2025-05-21,2,34,0.0588235294117647,8.3,10,9.2,5,0,0,0,2025,0
"4979",2025-05-22,2,49,0.0408163265306122,7.2,8.9,8.6,5,0,0,0,2025,0
"4980",2025-05-23,1,35,0.0285714285714286,6.7,14.4,9.2,5,0,0,0,2025,0
"4981",2025-05-27,3,32,0.09375,10.6,23.3,17.1,5,0,0,0,2025,0
"4982",2025-05-28,7,64,0.109375,14.4,25,19.7,5,0,0,0,2025,0
"4983",2025-05-29,2,47,0.0425531914893617,13.9,17.8,15.7,5,0,0,0,2025,0
"4984",2025-05-30,9,57,0.157894736842105,15.6,25,18.6,5,0,0,0,2025,0
"4985",2025-05-31,0,2,0,11.1,21.1,16.6,5,0,0,0,2025,0
"4986",2025-06-01,0,1,0,11.1,18.3,14.2,6,1,0,0,2025,0
"4987",2025-06-02,2,43,0.0465116279069767,10.6,22.2,16.1,6,1,0,0,2025,0
"4988",2025-06-03,5,56,0.0892857142857143,12.8,22.2,17.6,6,1,0,0,2025,0
"4989",2025-06-04,4,37,0.108108108108108,15.6,29.4,21.3,6,1,0,0,2025,0
"4990",2025-06-05,9,42,0.214285714285714,16.7,30.6,23.8,6,1,1,0,2025,0
"4991",2025-06-06,5,49,0.102040816326531,16.1,26.1,22.7,6,1,0,0,2025,0
"4992",2025-06-07,0,2,0,16.1,19.4,17.9,6,1,0,0,2025,0
"4993",2025-06-09,6,44,0.136363636363636,13.3,15.6,14.6,6,1,0,0,2025,0
"4994",2025-06-10,6,44,0.136363636363636,13.3,16.7,13.8,6,1,0,0,2025,0
"4995",2025-06-11,3,54,0.0555555555555556,16.7,28.3,20.9,6,1,0,0,2025,0
"4996",2025-06-12,2,37,0.0540540540540541,18.9,31.7,24.8,6,1,1,0,2025,0
"4997",2025-06-13,7,52,0.134615384615385,15,21.1,19.7,6,1,0,0,2025,0
"4998",2025-06-16,3,55,0.0545454545454545,12.8,18.9,15.3,6,1,0,0,2025,0
"4999",2025-06-17,5,43,0.116279069767442,15,20,17.1,6,1,0,0,2025,0
"5000",2025-06-18,2,36,0.0555555555555556,18.3,25.6,20.5,6,1,0,0,2025,0
"5001",2025-06-20,6,47,0.127659574468085,21.1,29.4,24.8,6,1,0,0,2025,0
"5002",2025-06-21,0,1,0,18.9,26.7,23.1,6,1,0,0,2025,0
"5003",2025-06-22,0,1,0,21.7,34.4,26,6,1,1,1,2025,1
"5004",2025-06-23,2,51,0.0392156862745098,24.4,32.2,27.4,6,1,1,1,2025,0
"5005",2025-06-24,3,15,0.2,25.6,38.9,31.7,6,1,1,1,2025,0
"5006",2025-06-25,1,28,0.0357142857142857,25.6,33.9,31,6,1,1,1,2025,0
"5007",2025-06-26,2,53,0.0377358490566038,16.1,25.6,22.2,6,1,0,0,2025,0
"5008",2025-06-27,4,39,0.102564102564103,16.1,21.7,18.2,6,1,0,0,2025,0
"5009",2025-06-30,3,26,0.115384615384615,19.4,28.3,22.7,6,1,0,0,2025,0
"5010",2025-07-01,2,24,0.0833333333333333,21.1,33.9,26.6,7,1,1,1,2025,1
"5011",2025-07-02,2,34,0.0588235294117647,22.8,31.1,26.1,7,1,1,1,2025,0
"5012",2025-07-03,2,42,0.0476190476190476,20.6,32.2,26.6,7,1,1,1,2025,0
"5013",2025-07-04,0,4,0,18.3,27.2,23.2,7,1,0,0,2025,0
"5014",2025-07-06,0,2,0,20.6,34.4,26.6,7,1,1,1,2025,1
"5015",2025-07-07,2,35,0.0571428571428571,22.8,32.2,26.9,7,1,1,1,2025,0
"5016",2025-07-08,5,36,0.138888888888889,20,34.4,28.3,7,1,1,1,2025,0
"5017",2025-07-09,1,43,0.0232558139534884,18.9,21.7,20.6,7,1,0,0,2025,0
"5018",2025-07-10,4,39,0.102564102564103,17.2,19.4,18.8,7,1,0,0,2025,0
"5019",2025-07-11,1,44,0.0227272727272727,17.2,23.9,19.3,7,1,0,0,2025,0
"5020",2025-07-12,0,3,0,19.4,24.4,22.1,7,1,0,0,2025,0
"5021",2025-07-14,6,47,0.127659574468085,19.4,28.3,23.8,7,1,0,0,2025,0
"5022",2025-07-15,3,35,0.0857142857142857,23.3,31.7,26.2,7,1,1,1,2025,1
"5023",2025-07-16,2,37,0.0540540540540541,21.7,35,27.3,7,1,1,1,2025,0
"5024",2025-07-17,3,48,0.0625,22.2,32.8,27.6,7,1,1,1,2025,0
"5025",2025-07-18,0,46,0,18.3,27.8,26.1,7,1,0,0,2025,0
"5026",2025-07-20,0,1,0,21.1,30.6,24.8,7,1,1,0,2025,0
"5027",2025-07-21,4,53,0.0754716981132075,18.9,26.7,22.9,7,1,0,0,2025,0
"5028",2025-07-22,3,52,0.0576923076923077,16.1,22.8,19.9,7,1,0,0,2025,0
"5029",2025-07-23,3,53,0.0566037735849057,17.2,25.6,20.8,7,1,0,0,2025,0
"5030",2025-07-24,1,44,0.0227272727272727,19.4,32.2,24.8,7,1,1,0,2025,0
"5031",2025-07-25,3,40,0.075,22.2,35,27.2,7,1,1,0,2025,0
"5032",2025-07-26,0,2,0,18.9,25,24.1,7,1,0,0,2025,0
"5033",2025-07-28,3,35,0.0857142857142857,18.3,28.9,23.3,7,1,0,0,2025,0
"5034",2025-07-29,2,47,0.0425531914893617,22.8,37.2,29.2,7,1,1,0,2025,0
"5035",2025-07-30,4,45,0.0888888888888889,21.7,32.2,27,7,1,1,0,2025,0
"5036",2025-07-31,3,56,0.0535714285714286,16.1,28.9,23.9,7,1,0,0,2025,0
"5037",2025-08-01,4,39,0.102564102564103,15.6,21.7,18.1,8,1,0,0,2025,0
"5038",2025-08-04,1,48,0.0208333333333333,17.8,27.8,22.4,8,1,0,0,2025,0
"5039",2025-08-05,4,61,0.0655737704918033,18.3,22.8,21.2,8,1,0,0,2025,0
"5040",2025-08-06,1,53,0.0188679245283019,17.8,23.9,19.9,8,1,0,0,2025,0
"5041",2025-08-07,6,49,0.122448979591837,17.8,25,20.6,8,1,0,0,2025,0
"5042",2025-08-08,2,48,0.0416666666666667,16.7,26.1,21.5,8,1,0,0,2025,0
"5043",2025-08-09,0,1,0,16.1,25,20.8,8,1,0,0,2025,0
"5044",2025-08-10,0,1,0,17.8,28.9,22.7,8,1,0,0,2025,0
"5045",2025-08-11,1,31,0.032258064516129,21.1,32.2,25.9,8,1,1,1,2025,1
"5046",2025-08-12,5,53,0.0943396226415094,22.8,32.8,27.4,8,1,1,1,2025,0
"5047",2025-08-13,1,44,0.0227272727272727,20.6,31.1,25.5,8,1,1,1,2025,0
"5048",2025-08-14,7,56,0.125,21.7,30.6,26.3,8,1,1,1,2025,0
"5049",2025-08-15,6,50,0.12,18.9,23.9,22.6,8,1,0,0,2025,0
"5050",2025-08-16,0,1,0,17.2,26.1,21.2,8,1,0,0,2025,0
"5051",2025-08-18,4,39,0.102564102564103,15.6,20,19.3,8,1,0,0,2025,0
"5052",2025-08-19,7,43,0.162790697674419,15,21.7,17.8,8,1,0,0,2025,0
"5053",2025-08-20,3,39,0.0769230769230769,13.3,18.9,17,8,1,0,0,2025,0
"5054",2025-08-21,8,58,0.137931034482759,13.9,20.6,16.7,8,1,0,0,2025,0
"5055",2025-08-22,3,47,0.0638297872340425,14.4,27.8,19.4,8,1,0,0,2025,0
"5056",2025-08-23,0,1,0,17.2,30.6,22.7,8,1,1,0,2025,0
"5057",2025-08-25,2,53,0.0377358490566038,18.3,26.1,21.4,8,1,0,0,2025,0
"5058",2025-08-26,8,49,0.163265306122449,18.3,26.7,22.6,8,1,0,0,2025,0
"5059",2025-08-27,4,50,0.08,16.1,25,21.2,8,1,0,0,2025,0
"5060",2025-08-28,6,43,0.13953488372093,14.4,25.6,20.1,8,1,0,0,2025,0
"5061",2025-08-29,7,49,0.142857142857143,17.2,22.8,19,8,1,0,0,2025,0
"5062",2025-08-30,0,22,0,14.4,25,19.6,8,1,0,0,2025,0
"5063",2025-08-31,0,2,0,15,22.2,18.8,8,1,0,0,2025,0
"5064",2025-09-02,7,59,0.11864406779661,15.6,23.3,19.5,9,0,0,0,2025,0
"5065",2025-09-03,2,60,0.0333333333333333,14.4,24.4,19.9,9,0,0,0,2025,0
"5066",2025-09-04,6,44,0.136363636363636,14.4,26.1,19.8,9,0,0,0,2025,0
"5067",2025-09-05,4,40,0.1,18.3,28.9,22.4,9,0,0,0,2025,0
"5068",2025-09-08,3,36,0.0833333333333333,12.8,20,16.2,9,0,0,0,2025,0
"5069",2025-09-09,2,48,0.0416666666666667,11.7,20.6,16.5,9,0,0,0,2025,0
"5070",2025-09-10,3,31,0.0967741935483871,13.9,20,16.3,9,0,0,0,2025,0
"5071",2025-09-11,8,31,0.258064516129032,12.8,23.3,18.6,9,0,0,0,2025,0
"5072",2025-09-12,3,32,0.09375,14.4,20,17.4,9,0,0,0,2025,0
"5073",2025-09-13,0,1,0,12.8,21.7,17.4,9,0,0,0,2025,0
"5074",2025-09-15,3,49,0.0612244897959184,15.6,22.2,17.9,9,0,0,0,2025,0
"5075",2025-09-16,2,44,0.0454545454545455,13.9,20,16.8,9,0,0,0,2025,0
"5076",2025-09-17,2,33,0.0606060606060606,13.3,21.1,17.2,9,0,0,0,2025,0
"5077",2025-09-18,2,75,0.0266666666666667,16.7,23.3,19.1,9,0,0,0,2025,0
"5078",2025-09-19,3,42,0.0714285714285714,16.1,27.8,22,9,0,0,0,2025,0
"5079",2025-09-20,0,1,0,12.2,18.3,15.5,9,0,0,0,2025,0
"5080",2025-09-22,2,52,0.0384615384615385,12.2,20.6,16.4,9,0,0,0,2025,0
"5081",2025-09-23,1,45,0.0222222222222222,15.6,26.7,20.6,9,0,0,0,2025,0
"5082",2025-09-24,4,42,0.0952380952380952,17.2,18.9,18,9,0,0,0,2025,0
"5083",2025-09-25,4,30,0.133333333333333,17.2,22.2,19.6,9,0,0,0,2025,0
"5084",2025-09-26,4,58,0.0689655172413793,20.6,27.8,23.7,9,0,0,0,2025,0
"5085",2025-09-29,5,43,0.116279069767442,17.2,25.6,21.2,9,0,0,0,2025,0
"5086",2025-09-30,4,38,0.105263157894737,13.9,22.2,18.2,9,0,0,0,2025,0
"5087",2025-10-01,2,67,0.0298507462686567,11.1,17.2,14.3,10,0,0,0,2025,0
"5088",2025-10-02,3,58,0.0517241379310345,8.3,15,12.1,10,0,0,0,2025,0
"5089",2025-10-03,2,52,0.0384615384615385,8.9,23.3,16.3,10,0,0,0,2025,0
"5090",2025-10-04,0,1,0,14.4,27.2,20.2,10,0,0,0,2025,0
"5091",2025-10-06,2,41,0.048780487804878,16.1,28.9,21.1,10,0,0,0,2025,0
"5092",2025-10-07,7,63,0.111111111111111,16.7,27.2,21,10,0,0,0,2025,0
"5093",2025-10-08,4,74,0.0540540540540541,11.7,21.1,17.8,10,0,0,0,2025,0
"5094",2025-10-09,10,74,0.135135135135135,7.8,13.9,10.6,10,0,0,0,2025,0
"5095",2025-10-10,5,43,0.116279069767442,5,16.1,10.5,10,0,0,0,2025,0
"5096",2025-10-14,4,67,0.0597014925373134,11.1,13.3,12.4,10,0,0,0,2025,0
"5097",2025-10-15,6,60,0.1,9.4,17.8,13,10,0,0,0,2025,0
"5098",2025-10-16,12,64,0.1875,7.2,13.3,10.1,10,0,0,0,2025,0
"5099",2025-10-17,4,41,0.0975609756097561,7.8,16.1,11.6,10,0,0,0,2025,0
"5100",2025-10-18,0,2,0,7.8,15,11.1,10,0,0,0,2025,0
"5101",2025-10-20,3,50,0.06,12.2,19.4,15.6,10,0,0,0,2025,0
"5102",2025-10-21,5,63,0.0793650793650794,10.6,19.4,14,10,0,0,0,2025,0
"5103",2025-10-22,9,70,0.128571428571429,11.7,19.4,14.5,10,0,0,0,2025,0
"5104",2025-10-23,5,73,0.0684931506849315,8.9,16.7,12.6,10,0,0,0,2025,0
"5105",2025-10-24,5,62,0.0806451612903226,8.3,15.6,11.5,10,0,0,0,2025,0
"5106",2025-10-27,5,54,0.0925925925925926,4.4,11.1,8,10,0,0,0,2025,0
"5107",2025-10-28,3,63,0.0476190476190476,6.1,11.7,9,10,0,0,0,2025,0
"5108",2025-10-29,9,81,0.111111111111111,8.3,10.6,9.3,10,0,0,0,2025,0
"5109",2025-10-30,9,60,0.15,8.9,13.9,11.5,10,0,0,0,2025,0
"5110",2025-10-31,0,13,0,9.4,15.6,13.2,10,0,0,0,2025,0
"5111",2025-11-03,5,48,0.104166666666667,3.9,13.9,9.3,11,0,0,0,2025,0
"5112",2025-11-04,8,61,0.131147540983607,7.8,13.3,10.3,11,0,0,0,2025,0
"5113",2025-11-05,4,52,0.0769230769230769,7.2,14.4,11.2,11,0,0,0,2025,0
"5114",2025-11-06,3,53,0.0566037735849057,4.4,12.8,8.3,11,0,0,0,2025,0
"5115",2025-11-07,5,55,0.0909090909090909,0.6,12.8,7.8,11,0,0,0,2025,0
"5116",2025-11-08,0,2,0,8.3,16.7,13.2,11,0,0,0,2025,0
"5117",2025-11-10,9,54,0.166666666666667,5,13.3,10.6,11,0,0,0,2025,0
"5118",2025-11-11,0,1,0,1.1,5,2.3,11,0,0,0,2025,0
"5119",2025-11-12,11,128,0.0859375,1.1,7.2,4.8,11,0,0,0,2025,0
"5120",2025-11-13,2,27,0.0740740740740741,3.3,10,6.8,11,0,0,0,2025,0
"5121",2025-11-14,4,56,0.0714285714285714,2.8,7.8,5.2,11,0,0,0,2025,0
"5122",2025-11-15,0,1,0,1.1,7.2,4.2,11,0,0,0,2025,0
"5123",2025-11-17,5,57,0.087719298245614,1.1,6.1,3.1,11,0,0,0,2025,0
"5124",2025-11-18,4,54,0.0740740740740741,2.2,8.3,4.9,11,0,0,0,2025,0
"5125",2025-11-19,7,49,0.142857142857143,1.1,7.2,3.7,11,0,0,0,2025,0
"5126",2025-11-20,3,23,0.130434782608696,0,7.8,3.8,11,0,0,0,2025,0
"5127",2025-11-21,6,56,0.107142857142857,0.6,8.9,5.6,11,0,0,0,2025,0
"5128",2025-11-24,2,61,0.0327868852459016,2.2,10,5.8,11,0,0,0,2025,0
"5129",2025-11-25,8,60,0.133333333333333,2.2,10.6,7.4,11,0,0,0,2025,0
"5130",2025-11-26,10,47,0.212765957446809,9.4,17.2,13.5,11,0,0,0,2025,0
"5131",2025-11-28,6,42,0.142857142857143,1.1,6.1,3.4,11,0,0,0,2025,0
"5132",2025-11-30,0,1,0,0,8.9,5.1,11,0,0,0,2025,0
"5133",2025-12-01,4,59,0.0677966101694915,-2.2,6.7,3.4,12,0,0,0,2025,0
"5134",2025-12-02,10,64,0.15625,-2.2,2.8,1,12,0,0,0,2025,0
"5135",2025-12-03,7,68,0.102941176470588,0,3.3,1.5,12,0,0,0,2025,0
"5136",2025-12-04,7,60,0.116666666666667,-7.8,4.4,0.4,12,0,0,0,2025,0
"5137",2025-12-05,9,59,0.152542372881356,-11.1,-1.7,-6.3,12,0,0,0,2025,0
"5138",2025-12-08,7,47,0.148936170212766,-8.3,2.2,-3.8,12,0,0,0,2025,0
"5139",2025-12-09,7,50,0.14,-10,0,-5.2,12,0,0,0,2025,0
"5140",2025-12-10,8,62,0.129032258064516,0,9.4,4.8,12,0,0,0,2025,0
"5141",2025-12-11,9,59,0.152542372881356,-3.9,4.4,0.2,12,0,0,0,2025,0
"5142",2025-12-12,6,56,0.107142857142857,-5.6,2.2,-1.3,12,0,0,0,2025,0
"5143",2025-12-15,0,37,0,-10,-3.9,-6.4,12,0,0,0,2025,0
"5144",2025-12-16,9,63,0.142857142857143,-5,2.2,-1.3,12,0,0,0,2025,0
"5145",2025-12-17,7,72,0.0972222222222222,-2.2,8.3,3.9,12,0,0,0,2025,0
"5146",2025-12-18,7,56,0.125,-1.7,8.9,4.6,12,0,0,0,2025,0
"5147",2025-12-19,7,53,0.132075471698113,2.2,15,9.4,12,0,0,0,2025,0
"5148",2025-12-22,5,50,0.1,-3.9,0.6,-1.6,12,0,0,0,2025,0
"5149",2025-12-23,4,48,0.0833333333333333,-1.1,3.3,1,12,0,0,0,2025,0
"5150",2025-12-24,0,2,0,-2.2,3.3,1,12,0,0,0,2025,0
"5151",2025-12-26,6,31,0.193548387096774,-11.1,-5.6,-7.8,12,0,0,0,2025,0
"5152",2025-12-28,0,2,0,-6.7,3.3,-1.5,12,0,0,0,2025,0
"5153",2025-12-29,6,50,0.12,0.6,8.9,4.8,12,0,0,0,2025,0
"5154",2025-12-30,4,49,0.0816326530612245,-4.4,0.6,-2.9,12,0,0,0,2025,0
"5155",2025-12-31,1,13,0.0769230769230769,-4.4,1.1,-2.1,12,0,0,0,2025,0
